pair_index,label,orig_id,anon_id,euclidean_distance,manhattan_distance,cosine_similarity,age_diff,age_equal,education_match,marital_status_match,sex_match,overall_similarity,attack_score
0,1,0.0,0.0,0.0,0.0,1.0,0.0,1,1,1,1,1.0,0.9482041816215755
1,1,2.0,2.0,0.0,0.0,1.0,0.0,1,1,1,1,1.0,0.9482041816215755
2,1,3.0,3.0,0.0,0.0,1.0,0.0,1,1,1,1,1.0,0.9482041816215755
3,1,4.0,4.0,0.0,0.0,1.0,0.0,1,1,1,1,1.0,0.9482041816215755
4,1,6.0,6.0,0.0,0.0,1.0,0.0,1,1,1,1,1.0,0.9482041816215755
5,1,7.0,7.0,0.0,0.0,1.0,0.0,1,1,1,1,1.0,0.9482041816215755
6,1,9.0,9.0,0.0,0.0,1.0,0.0,1,1,1,1,1.0,0.9482041816215755
7,1,11.0,10.0,0.0,0.0,1.0,0.0,1,1,1,1,1.0,0.9482041816215755
8,1,12.0,11.0,0.0,0.0,1.0,0.0,1,1,1,1,1.0,0.9482041816215755
9,1,14.0,13.0,0.0,0.0,1.0,0.0,1,1,1,1,1.0,0.9482041816215755
10,1,16.0,15.0,0.0,0.0,1.0,0.0,1,1,1,1,1.0,0.9482041816215755
11,1,17.0,16.0,0.0,0.0,1.0,0.0,1,1,1,1,1.0,0.9482041816215755
12,1,20.0,19.0,0.0,0.0,1.0,0.0,1,1,1,1,1.0,0.9482041816215755
13,1,21.0,20.0,0.0,0.0,1.0,0.0,1,1,1,1,1.0,0.9482041816215755
14,1,25.0,24.0,0.0,0.0,1.0,0.0,1,1,1,1,1.0,0.9482041816215755
15,1,27.0,26.0,0.0,0.0,1.0,0.0,1,1,1,1,1.0,0.9482041816215755
16,1,31.0,30.0,0.0,0.0,1.0,0.0,1,1,1,1,1.0,0.9482041816215755
17,1,32.0,31.0,0.0,0.0,1.0,0.0,1,1,1,1,1.0,0.9482041816215755
18,1,34.0,33.0,0.0,0.0,1.0,0.0,1,1,1,1,1.0,0.9482041816215755
19,1,35.0,34.0,0.0,0.0,1.0,0.0,1,1,1,1,1.0,0.9482041816215755
20,1,39.0,38.0,0.0,0.0,1.0,0.0,1,1,1,1,1.0,0.9482041816215755
21,1,41.0,40.0,0.0,0.0,1.0,0.0,1,1,1,1,1.0,0.9482041816215755
22,1,44.0,43.0,0.0,0.0,1.0,0.0,1,1,1,1,1.0,0.9482041816215755
23,1,45.0,44.0,0.0,0.0,1.0,0.0,1,1,1,1,1.0,0.9482041816215755
24,1,46.0,45.0,0.0,0.0,1.0,0.0,1,1,1,1,1.0,0.9482041816215755
25,1,48.0,47.0,0.0,0.0,1.0,0.0,1,1,1,1,1.0,0.9482041816215755
26,1,50.0,49.0,0.0,0.0,1.0,0.0,1,1,1,1,1.0,0.9482041816215755
27,1,52.0,51.0,0.0,0.0,1.0,0.0,1,1,1,1,1.0,0.9482041816215755
28,1,55.0,54.0,0.0,0.0,1.0,0.0,1,1,1,1,1.0,0.9482041816215755
29,1,57.0,56.0,0.0,0.0,1.0,0.0,1,1,1,1,1.0,0.9482041816215755
30,1,61.0,60.0,0.0,0.0,1.0,0.0,1,1,1,1,1.0,0.9482041816215755
31,1,62.0,61.0,0.0,0.0,1.0,0.0,1,1,1,1,1.0,0.9482041816215755
32,1,64.0,63.0,0.0,0.0,1.0,0.0,1,1,1,1,1.0,0.9482041816215755
33,1,65.0,64.0,0.0,0.0,1.0,0.0,1,1,1,1,1.0,0.9482041816215755
34,1,66.0,65.0,0.0,0.0,1.0,0.0,1,1,1,1,1.0,0.9482041816215755
35,1,70.0,69.0,0.0,0.0,1.0,0.0,1,1,1,1,1.0,0.9482041816215755
36,1,71.0,70.0,0.0,0.0,1.0,0.0,1,1,1,1,1.0,0.9482041816215755
37,1,72.0,71.0,0.0,0.0,1.0,0.0,1,1,1,1,1.0,0.9482041816215755
38,1,74.0,73.0,0.0,0.0,1.0,0.0,1,1,1,1,1.0,0.9482041816215755
39,1,75.0,74.0,0.0,0.0,1.0,0.0,1,1,1,1,1.0,0.9482041816215755
40,1,76.0,75.0,0.0,0.0,1.0,0.0,1,1,1,1,1.0,0.9482041816215755
41,1,78.0,77.0,0.0,0.0,1.0,0.0,1,1,1,1,1.0,0.9482041816215755
42,1,80.0,79.0,0.0,0.0,1.0,0.0,1,1,1,1,1.0,0.9482041816215755
43,1,82.0,81.0,0.0,0.0,1.0,0.0,1,1,1,1,1.0,0.9482041816215755
44,1,83.0,82.0,0.0,0.0,1.0,0.0,1,1,1,1,1.0,0.9482041816215755
45,1,10.0,88.0,10.0,10.0,1.0,10.0,0,0,1,1,0.5,0.08194084729740109
46,1,1.0,1.0,0.0,0.0,1.0,0.0,1,1,1,1,1.0,0.9482041816215755
47,1,5.0,5.0,0.0,0.0,1.0,0.0,1,1,1,1,1.0,0.9482041816215755
48,1,8.0,8.0,0.0,0.0,1.0,0.0,1,1,1,1,1.0,0.9482041816215755
49,1,13.0,12.0,0.0,0.0,1.0,0.0,1,1,1,1,1.0,0.9482041816215755
50,1,15.0,14.0,0.0,0.0,1.0,0.0,1,1,1,1,1.0,0.9482041816215755
51,1,18.0,17.0,0.0,0.0,1.0,0.0,1,1,1,1,1.0,0.9482041816215755
52,1,19.0,18.0,0.0,0.0,1.0,0.0,1,1,1,1,1.0,0.9482041816215755
53,1,22.0,21.0,0.0,0.0,1.0,0.0,1,1,1,1,1.0,0.9482041816215755
54,1,23.0,22.0,0.0,0.0,1.0,0.0,1,1,1,1,1.0,0.9482041816215755
55,1,24.0,23.0,0.0,0.0,1.0,0.0,1,1,1,1,1.0,0.9482041816215755
56,1,26.0,25.0,0.0,0.0,1.0,0.0,1,1,1,1,1.0,0.9482041816215755
57,1,28.0,27.0,0.0,0.0,1.0,0.0,1,1,1,1,1.0,0.9482041816215755
58,1,29.0,28.0,0.0,0.0,0.0,0.0,1,1,1,1,1.0,0.9640169928656092
59,1,42.0,29.0,0.0,0.0,1.0,0.0,1,1,1,1,1.0,0.9482041816215755
60,1,33.0,32.0,0.0,0.0,1.0,0.0,1,1,1,1,1.0,0.9482041816215755
61,1,36.0,35.0,0.0,0.0,1.0,0.0,1,1,1,1,1.0,0.9482041816215755
62,1,37.0,36.0,0.0,0.0,1.0,0.0,1,1,1,1,1.0,0.9482041816215755
63,1,38.0,37.0,0.0,0.0,1.0,0.0,1,1,1,1,1.0,0.9482041816215755
64,1,40.0,39.0,0.0,0.0,1.0,0.0,1,1,1,1,1.0,0.9482041816215755
65,1,77.0,41.0,20.0,20.0,1.0,20.0,0,1,1,1,0.75,0.597194823451987
66,1,43.0,42.0,0.0,0.0,1.0,0.0,1,1,1,1,1.0,0.9482041816215755
67,1,47.0,46.0,0.0,0.0,1.0,0.0,1,1,1,1,1.0,0.9482041816215755
68,1,49.0,48.0,0.0,0.0,1.0,0.0,1,1,1,1,1.0,0.9482041816215755
69,1,51.0,50.0,0.0,0.0,1.0,0.0,1,1,1,1,1.0,0.9482041816215755
70,1,53.0,52.0,0.0,0.0,1.0,0.0,1,1,1,1,1.0,0.9482041816215755
71,1,54.0,53.0,0.0,0.0,1.0,0.0,1,1,1,1,1.0,0.9482041816215755
72,1,56.0,55.0,0.0,0.0,1.0,0.0,1,1,1,1,1.0,0.9482041816215755
73,1,58.0,57.0,0.0,0.0,1.0,0.0,1,1,1,1,1.0,0.9482041816215755
74,1,59.0,58.0,0.0,0.0,1.0,0.0,1,1,1,1,1.0,0.9482041816215755
75,1,60.0,59.0,0.0,0.0,1.0,0.0,1,1,1,1,1.0,0.9482041816215755
76,1,63.0,62.0,0.0,0.0,1.0,0.0,1,1,1,1,1.0,0.9482041816215755
77,1,67.0,66.0,0.0,0.0,1.0,0.0,1,1,1,1,1.0,0.9482041816215755
78,1,68.0,67.0,0.0,0.0,1.0,0.0,1,1,1,1,1.0,0.9482041816215755
79,1,69.0,68.0,0.0,0.0,1.0,0.0,1,1,1,1,1.0,0.9482041816215755
80,1,73.0,72.0,0.0,0.0,1.0,0.0,1,1,1,1,1.0,0.9482041816215755
81,1,84.0,76.0,0.0,0.0,1.0,0.0,1,0,1,1,0.75,0.6900556563896268
82,1,79.0,78.0,0.0,0.0,1.0,0.0,1,1,1,1,1.0,0.9482041816215755
83,1,81.0,80.0,0.0,0.0,1.0,0.0,1,1,1,1,1.0,0.9482041816215755
84,1,30.0,83.0,20.0,20.0,1.0,20.0,0,0,1,1,0.5,0.1895139109778278
85,0,,,7.0,7.0,1.0,7.0,0,0,1,1,0.5,0.07122787355066555
86,0,,,7.0,7.0,1.0,7.0,0,0,1,1,0.5,0.07122787355066555
87,0,,,15.0,15.0,1.0,15.0,0,0,1,1,0.5,0.11889359943799123
88,0,,,3.0,3.0,1.0,3.0,0,0,1,1,0.5,0.06586269461799674
89,0,,,3.0,3.0,1.0,3.0,0,0,1,1,0.5,0.06586269461799674
90,0,,,10.0,10.0,1.0,10.0,0,0,1,1,0.5,0.08194084729740109
91,0,,,7.0,7.0,1.0,7.0,0,0,1,1,0.5,0.07122787355066555
92,0,,,7.0,7.0,1.0,7.0,0,0,1,1,0.5,0.07122787355066555
93,0,,,8.0,8.0,1.0,8.0,0,0,1,1,0.5,0.07404951760022978
94,0,,,3.0,3.0,1.0,3.0,0,0,1,1,0.5,0.06586269461799674
95,0,,,6.0,6.0,1.0,6.0,0,1,0,1,0.5,0.04440649695587024
96,0,,,20.0,20.0,1.0,20.0,0,0,1,1,0.5,0.1895139109778278
97,0,,,3.0,3.0,1.0,3.0,0,1,1,0,0.5,0.026823045792554776
98,0,,,10.0,10.0,1.0,10.0,0,0,1,1,0.5,0.08194084729740109
99,0,,,12.0,12.0,1.0,12.0,0,0,1,1,0.5,0.09338836809560304
100,0,,,6.0,6.0,1.0,6.0,0,0,1,1,0.5,0.06905848316824681
101,0,,,3.0,3.0,1.0,3.0,0,1,1,0,0.5,0.026823045792554776
102,0,,,13.0,13.0,1.0,13.0,0,0,1,1,0.5,0.10067924622311963
103,0,,,10.0,10.0,1.0,10.0,0,0,1,1,0.5,0.08194084729740109
104,0,,,13.0,13.0,1.0,13.0,0,0,1,1,0.5,0.10067924622311963
105,0,,,14.0,14.0,1.0,14.0,0,0,0,0,0.0,0.0005876645299520249
106,0,,,3.0,3.0,1.0,3.0,0,1,0,1,0.5,0.04176547650187853
107,0,,,4.0,4.0,1.0,4.0,0,1,0,1,0.5,0.042310269273126644
108,0,,,4.0,4.0,1.0,4.0,0,0,1,1,0.5,0.06642919721991025
109,0,,,6.0,6.0,1.0,6.0,0,0,1,1,0.5,0.06905848316824681
110,0,,,4.0,4.0,1.0,4.0,0,0,1,1,0.5,0.06642919721991025
111,0,,,10.0,10.0,1.0,10.0,0,0,1,1,0.5,0.08194084729740109
112,0,,,10.0,10.0,1.0,10.0,0,0,1,1,0.5,0.08194084729740109
113,0,,,10.0,10.0,1.0,10.0,0,1,1,0,0.5,0.022076587165568803
114,0,,,2.0,2.0,1.0,2.0,0,1,1,1,0.75,0.28389482100760954
115,0,,,13.0,13.0,1.0,13.0,0,0,1,1,0.5,0.10067924622311963
116,0,,,5.0,5.0,1.0,5.0,0,0,1,1,0.5,0.06747777742172566
117,0,,,3.0,3.0,1.0,3.0,0,0,1,1,0.5,0.06586269461799674
118,0,,,8.0,8.0,1.0,8.0,0,0,1,1,0.5,0.07404951760022978
119,0,,,3.0,3.0,1.0,3.0,0,0,1,1,0.5,0.06586269461799674
120,0,,,10.0,10.0,1.0,10.0,0,1,0,1,0.5,0.05366086129289369
121,0,,,10.0,10.0,1.0,10.0,0,0,1,1,0.5,0.08194084729740109
122,0,,,10.0,10.0,1.0,10.0,0,0,1,1,0.5,0.08194084729740109
123,0,,,4.0,4.0,1.0,4.0,0,1,0,1,0.5,0.042310269273126644
124,0,,,3.0,3.0,1.0,3.0,0,0,1,1,0.5,0.06586269461799674
125,0,,,12.0,12.0,1.0,12.0,0,0,1,1,0.5,0.09338836809560304
126,0,,,12.0,12.0,1.0,12.0,0,0,1,1,0.5,0.09338836809560304
127,0,,,0.0,0.0,1.0,0.0,1,1,1,0,0.75,0.31329452768388283
128,0,,,12.0,12.0,1.0,12.0,0,0,1,1,0.5,0.09338836809560304
129,0,,,10.0,10.0,1.0,10.0,0,1,0,1,0.5,0.05366086129289369
130,0,,,20.0,20.0,1.0,20.0,0,0,1,1,0.5,0.1895139109778278
131,0,,,2.0,2.0,1.0,2.0,0,1,1,1,0.75,0.28389482100760954
132,0,,,10.0,10.0,1.0,10.0,0,1,0,1,0.5,0.05366086129289369
133,0,,,5.0,5.0,1.0,5.0,0,1,0,1,0.5,0.04318025667495798
134,0,,,7.0,7.0,1.0,7.0,0,0,1,1,0.5,0.07122787355066555
135,0,,,12.0,12.0,1.0,12.0,0,0,1,1,0.5,0.09338836809560304
136,0,,,44.0,44.0,1.0,44.0,0,1,1,1,0.75,0.6758748869053993
137,0,,,5.0,5.0,1.0,5.0,0,1,0,1,0.5,0.04318025667495798
138,0,,,8.0,8.0,1.0,8.0,0,0,1,1,0.5,0.07404951760022978
139,0,,,2.0,2.0,1.0,2.0,0,0,1,1,0.5,0.06573416437285835
140,0,,,12.0,12.0,1.0,12.0,0,0,1,1,0.5,0.09338836809560304
141,0,,,10.0,10.0,1.0,10.0,0,0,1,1,0.5,0.08194084729740109
142,0,,,2.0,2.0,1.0,2.0,0,1,1,1,0.75,0.28389482100760954
143,0,,,4.0,4.0,1.0,4.0,0,0,1,1,0.5,0.06642919721991025
144,0,,,8.0,8.0,1.0,8.0,0,0,1,1,0.5,0.07404951760022978
145,0,,,4.0,4.0,1.0,4.0,0,0,1,1,0.5,0.06642919721991025
146,0,,,4.0,4.0,1.0,4.0,0,0,1,1,0.5,0.06642919721991025
147,0,,,5.0,5.0,1.0,5.0,0,1,0,1,0.5,0.04318025667495798
148,0,,,3.0,3.0,1.0,3.0,0,0,1,1,0.5,0.06586269461799674
149,0,,,10.0,10.0,1.0,10.0,0,0,1,1,0.5,0.08194084729740109
150,0,,,10.0,10.0,1.0,10.0,0,0,1,1,0.5,0.08194084729740109
151,0,,,14.0,14.0,1.0,14.0,0,0,1,1,0.5,0.1091477362914236
152,0,,,3.0,3.0,1.0,3.0,0,1,0,1,0.5,0.04176547650187853
153,0,,,14.0,14.0,1.0,14.0,0,0,1,1,0.5,0.1091477362914236
154,0,,,8.0,8.0,1.0,8.0,0,0,1,1,0.5,0.07404951760022978
155,0,,,2.0,2.0,1.0,2.0,0,1,1,1,0.75,0.28389482100760954
156,0,,,4.0,4.0,1.0,4.0,0,1,0,1,0.5,0.042310269273126644
157,0,,,8.0,8.0,1.0,8.0,0,0,1,1,0.5,0.07404951760022978
158,0,,,13.0,13.0,1.0,13.0,0,0,1,1,0.5,0.10067924622311963
159,0,,,8.0,8.0,1.0,8.0,0,0,1,1,0.5,0.07404951760022978
160,0,,,7.0,7.0,1.0,7.0,0,0,1,1,0.5,0.07122787355066555
161,0,,,3.0,3.0,1.0,3.0,0,0,1,1,0.5,0.06586269461799674
162,0,,,5.0,5.0,1.0,5.0,0,0,1,1,0.5,0.06747777742172566
163,0,,,3.0,3.0,1.0,3.0,0,0,1,1,0.5,0.06586269461799674
164,0,,,10.0,10.0,1.0,10.0,0,0,1,1,0.5,0.08194084729740109
165,0,,,11.0,11.0,1.0,11.0,0,0,1,1,0.5,0.087174738572452
166,0,,,3.0,3.0,1.0,3.0,0,0,1,1,0.5,0.06586269461799674
167,0,,,12.0,12.0,1.0,12.0,0,0,1,1,0.5,0.09338836809560304
168,0,,,10.0,10.0,1.0,10.0,0,0,1,1,0.5,0.08194084729740109
169,0,,,10.0,10.0,1.0,10.0,0,0,1,1,0.5,0.08194084729740109
