aux_index,anon_index,label,age_diff,age_ratio,age_close,education_diff,education_ratio,education_close,industry_diff,industry_ratio,industry_close,marital_status_diff,marital_status_ratio,marital_status_close,sex_diff,sex_ratio,sex_close,overall_similarity,attack_score
1,313,1,0.1428571428571428,1.1666666666666667,0,0.0,1.0,1,0.999928960875202,7.103912479798249e-05,0,0.0,1.0,1,0.5,0.5,0,0.6714427792535311,0.9589609479289524
4,299,1,0.1702127659574468,1.205128205128205,0,0.0,1.0,1,0.9997804985122676,0.0002195014877323,0,0.0,1.0,1,0.0,1.0,1,0.7660013471060572,0.9225740716000944
10,308,1,0.0277777777777777,0.9722222222222222,0,0.6,0.4,0,0.9997561094580752,0.0002438905419247,0,0.0,1.0,1,0.0,1.0,1,0.6744932225528294,0.9730895751892886
11,451,1,0.7333333333333333,3.75,0,0.0,1.0,1,,,0,0.0,1.0,1,0.0,1.0,1,0.6533333333333333,0.9381077874016231
12,1,1,0.08,1.0869565217391304,0,0.0,1.0,1,0.9999624544760524,3.754552394778669e-05,0,0.0,1.0,1,0.0,1.0,1,0.7840075091047896,0.9688484063455044
21,419,1,0.1666666666666666,0.8333333333333334,0,0.3333333333333333,0.6666666666666666,0,0.9998969135929736,0.0001030864070263,0,0.0,1.0,1,0.0,1.0,1,0.7000206172814053,0.8919949073338181
22,604,1,0.4509803921568627,0.5490196078431373,0,0.0,1.0,1,0.9999139636926784,8.603630732168976e-05,0,0.0,1.0,1,0.0,1.0,1,0.7098211288300919,0.9389281843335354
23,603,1,0.0757575757575757,1.0819672131147542,0,0.75,0.25,0,,,0,0.0,1.0,1,0.0,1.0,1,0.6348484848484849,0.9136978029613051
24,508,1,0.0188679245283018,0.981132075471698,0,0.0,1.0,1,0.9999150977437226,8.490225627746058e-05,0,0.0,1.0,1,0.0,1.0,1,0.7962433955455952,0.9674943371849976
33,22,1,0.7777777777777778,4.5,0,0.0,1.0,1,,,0,0.0,1.0,1,0.0,1.0,1,0.6444444444444445,0.9357012400169022
36,312,1,0.6666666666666666,0.3333333333333333,0,0.0,1.0,1,0.999979999599992,2.000040000800016e-05,0,0.0,1.0,1,0.0,1.0,1,0.6666706667466683,0.9333689752748713
38,602,1,0.1,1.1111111111111112,0,0.0,1.0,1,,,0,0.0,1.0,1,0.0,1.0,1,0.78,0.9442682635236824
40,172,1,0.04,0.96,0,0.0,1.0,1,,,0,0.0,1.0,1,0.5,0.5,0,0.692,0.9738341280872831
44,385,1,0.0434782608695652,0.9565217391304348,0,0.8,0.2,0,0.9997454351901136,0.0002545648098863,0,0.0,1.0,1,0.0,1.0,1,0.6313552607880643,0.9569323894151386
49,119,1,0.1020408163265306,1.1136363636363635,0,0.0,1.0,1,0.9998048828077364,0.0001951171922636,0,0.0,1.0,1,0.0,1.0,1,0.7796308601731466,0.9473132331610435
60,198,1,0.0606060606060606,0.9393939393939394,0,0.6666666666666666,0.3333333333333333,0,0.9997921526061754,0.0002078473938246,0,0.0,1.0,1,0.0,1.0,1,0.6545870240242195,0.9671432497463398
64,107,1,0.03125,1.032258064516129,0,0.75,0.25,0,0.9996983408748116,0.0003016591251885,0,0.0,1.0,1,0.0,1.0,1,0.6438103318250377,0.961892518291093
65,48,1,0.0909090909090909,1.1,0,0.0,1.0,1,0.9991532599491956,0.0008467400508044,0,0.0,1.0,1,0.0,1.0,1,0.7819875298283427,0.9109414944199159
73,654,1,0.2142857142857142,0.7857142857142857,0,0.2857142857142857,0.7142857142857143,0,0.999766518795237,0.000233481204763,0,0.0,1.0,1,0.0,1.0,1,0.7000466962409526,0.9059680473387907
75,523,1,0.0384615384615384,1.04,0,0.1666666666666666,0.8333333333333334,0,,,0,0.0,1.0,1,0.0,1.0,1,0.7589743589743589,0.9432307567980714
77,425,1,0.0,1.0,1,0.0,1.0,1,0.999978492773572,2.150722642807984e-05,0,0.0,1.0,1,1.0,0.0,0,0.6000043014452856,0.9551656925141975
79,515,1,0.1914893617021276,0.8085106382978723,0,0.0,1.0,1,0.9998305479655164,0.0001694520344834,0,0.0,1.0,1,0.0,1.0,1,0.7617360180664712,0.802105558615772
82,511,1,0.0,1.0,1,0.0,1.0,1,0.9999793827185948,2.06172814052739e-05,0,0.0,1.0,1,0.5,0.5,0,0.700004123456281,0.9818565279355398
83,246,1,0.087719298245614,1.0961538461538465,0,0.0,1.0,1,,,0,0.0,1.0,1,0.5,0.5,0,0.6824561403508772,0.9680868552404204
88,101,1,0.1518987341772152,0.8481012658227848,0,0.0,1.0,1,,,0,0.0,1.0,1,0.0,1.0,1,0.769620253164557,0.8812482172348443
92,510,1,0.0344827586206896,0.9655172413793104,0,0.5555555555555556,0.4444444444444444,0,0.9999278387711974,7.216122880263904e-05,0,0.0,1.0,1,0.0,1.0,1,0.6820067694105114,0.9703113133213126
95,199,1,0.0,1.0,1,0.0,1.0,1,,,0,0.0,1.0,1,0.5,0.5,0,0.7,0.9813642278326844
96,725,1,0.0333333333333333,1.0344827586206895,0,0.5714285714285714,0.4285714285714285,0,0.9998745321093244,0.0001254678906756,0,0.0,1.0,1,0.0,1.0,1,0.6790727126257542,0.9723548737676215
97,539,1,0.0847457627118644,0.9152542372881356,0,0.75,0.25,0,,,0,0.0,1.0,1,0.0,1.0,1,0.6330508474576272,0.9218794779310199
99,427,1,0.1,0.9,0,0.7272727272727273,0.2727272727272727,0,0.9998684210526316,0.0001315789473684,0,0.0,1.0,1,0.0,1.0,1,0.6345717703349283,0.8735221232418686
101,706,1,0.0,1.0,1,0.9,0.1,0,0.9999371214185409,6.287858145920228e-05,0,0.0,1.0,1,0.0,1.0,1,0.6200125757162919,0.9730604464085552
105,644,1,0.1489361702127659,1.175,0,0.0,1.0,1,0.9996451727363632,0.0003548272636366,0,0.0,1.0,1,0.0,1.0,1,0.770283731410174,0.9225628063709986
107,803,1,0.04,0.96,0,0.4285714285714285,0.5714285714285714,0,0.9999163372445672,8.366275543285019e-05,0,0.0,1.0,1,0.0,1.0,1,0.7063024468368008,0.9703113133213126
108,984,1,0.2682926829268293,0.7317073170731707,0,0.1666666666666666,0.8333333333333334,0,0.9998742428370816,0.0001257571629184,0,0.0,1.0,1,0.0,1.0,1,0.7130332815138845,0.8685299677254458
109,929,1,0.0357142857142857,0.9642857142857144,0,0.1666666666666666,0.8333333333333334,0,0.999828447665816,0.0001715523341839,0,0.0,1.0,1,0.0,1.0,1,0.7595581199906463,0.9443037545352011
112,865,1,0.0,1.0,1,0.5555555555555556,0.4444444444444444,0,0.9997968346843826,0.0002031653156173,0,0.0,1.0,1,0.0,1.0,1,0.6889295219520124,0.9798749024765253
115,444,1,0.1,0.9,0,0.5,0.5,0,0.9997561035096704,0.0002438964903295,0,0.0,1.0,1,0.0,1.0,1,0.680048779298066,0.9241253970674151
117,530,1,0.0232558139534883,0.9767441860465116,0,0.5,0.5,0,,,0,0.0,1.0,1,0.0,1.0,1,0.6953488372093023,0.9637550650770672
120,543,1,0.0,1.0,1,0.6,0.4,0,0.9999099180254032,9.008197459688316e-05,0,0.0,1.0,1,0.0,1.0,1,0.6800180163949194,0.9775716896760063
123,325,1,0.0,1.0,1,0.9,0.1,0,0.997878359264498,0.0021216407355021,0,0.0,1.0,1,0.0,1.0,1,0.6204243281471005,0.9718217350742742
125,997,1,0.0869565217391304,0.9130434782608696,0,0.75,0.25,0,,,0,0.0,1.0,1,0.0,1.0,1,0.6326086956521739,0.9221723824374194
127,554,1,0.0,1.0,1,0.6,0.4,0,0.999939051643574,6.094835642598838e-05,0,0.0,1.0,1,0.0,1.0,1,0.6800121896712852,0.9758614781673786
129,793,1,0.5,2.0,0,0.0,1.0,1,,,0,0.0,1.0,1,0.0,1.0,1,0.7,0.9545263118095823
133,820,1,0.0,1.0,1,0.875,0.125,0,0.9998008981704756,0.0001991018295245,0,0.0,1.0,1,0.0,1.0,1,0.6250398203659049,0.9760417892756105
134,68,1,0.7777777777777778,4.5,0,0.0,1.0,1,,,0,0.0,1.0,1,0.0,1.0,1,0.6444444444444445,0.9357012400169022
137,854,1,0.032258064516129,1.0333333333333334,0,0.7,0.3,0,0.9999895933064148,1.0406693585314074e-05,0,0.0,1.0,1,0.0,1.0,1,0.6535504684354912,0.9662941709849387
139,167,1,0.0333333333333333,0.9666666666666668,0,0.6,0.4,0,0.9996814398916896,0.0003185601083104,0,0.0,1.0,1,0.0,1.0,1,0.6733970453549954,0.9728330987011461
140,235,1,0.0476190476190476,1.05,0,0.375,0.625,0,,,0,0.0,1.0,1,0.0,1.0,1,0.7154761904761905,0.8565294046982711
144,94,1,0.8378378378378378,6.166666666666667,0,0.0,1.0,1,,,0,0.0,1.0,1,0.0,1.0,1,0.6324324324324324,0.9073206508895341
146,441,1,0.03125,1.032258064516129,0,0.4444444444444444,0.5555555555555556,0,0.9999278387711974,7.216122880263904e-05,0,0.0,1.0,1,0.0,1.0,1,0.7048755433568716,0.9705910497405558
147,463,1,0.0,1.0,1,0.9090909090909092,0.0909090909090909,0,0.9999532119964442,4.678800355588827e-05,0,0.0,1.0,1,0.0,1.0,1,0.6181911757825294,0.9660835281522809
150,33,1,0.0,1.0,1,0.8888888888888888,0.1111111111111111,0,0.9998383595806586,0.0001616404193414,0,0.0,1.0,1,0.0,1.0,1,0.6222545503060906,0.9760417892756105
152,948,1,0.0217391304347826,0.9782608695652174,0,0.7,0.3,0,0.9998986990058032,0.0001013009941969,0,0.0,1.0,1,0.0,1.0,1,0.6556724341118829,0.9669911360341009
154,686,1,0.0,1.0,1,0.875,0.125,0,,,0,0.0,1.0,1,0.0,1.0,1,0.625,0.9664355582020256
156,192,1,0.6923076923076923,3.25,0,0.0,1.0,1,,,0,0.0,1.0,1,0.0,1.0,1,0.6615384615384615,0.9549302593072104
158,11,1,0.0238095238095238,0.9761904761904762,0,0.8571428571428571,0.1428571428571428,0,0.9999593677623828,4.063223761732559e-05,0,0.0,1.0,1,0.0,1.0,1,0.6238176502570473,0.9589515431916346
163,218,1,0.0555555555555555,0.9444444444444444,0,0.2,0.8,0,0.9999559490771333,4.405092286683406e-05,0,0.5,0.5,0,0.0,1.0,1,0.6488976990734623,0.9133191171050115
165,762,1,0.2142857142857142,0.7857142857142857,0,0.375,0.625,0,0.9997690579664504,0.0002309420335495,0,0.0,1.0,1,0.0,1.0,1,0.682189045549567,0.8956012056556982
166,401,1,0.037037037037037,0.9629629629629628,0,0.8,0.2,0,0.9996538252311952,0.0003461747688047,0,0.0,1.0,1,0.0,1.0,1,0.6326618275463536,0.956291546068606
169,248,1,0.0,1.0,1,0.9,0.1,0,0.999955753191301,4.424680869892259e-05,0,0.0,1.0,1,0.0,1.0,1,0.6200088493617398,0.9702644226947652
181,722,1,0.0,1.0,1,0.6,0.4,0,,,0,0.0,1.0,1,0.0,1.0,1,0.6799999999999999,0.9734628710054976
183,705,1,0.8571428571428571,7.0,0,0.0,1.0,1,,,0,0.0,1.0,1,0.0,1.0,1,0.6285714285714286,0.8582234337518114
185,525,1,0.0769230769230769,1.0833333333333333,0,0.7,0.3,0,,,0,0.0,1.0,1,0.0,1.0,1,0.6446153846153846,0.9306739558889667
188,862,1,0.8947368421052632,9.5,0,0.0,1.0,1,,,0,0.0,1.0,1,0.0,1.0,1,0.6210526315789473,0.9192083601065405
191,211,1,0.064516129032258,1.0689655172413792,0,0.6666666666666666,0.3333333333333333,0,0.9999307191353748,6.928086462519052e-05,0,0.0,1.0,1,0.0,1.0,1,0.6537772970331401,0.9514627464959359
200,54,1,0.8923076923076924,9.285714285714286,0,0.0,1.0,1,,,0,0.0,1.0,1,0.0,1.0,1,0.6215384615384616,0.9192083601065405
201,520,1,0.0,1.0,1,0.7272727272727273,0.2727272727272727,0,0.9994481845270942,0.0005518154729058,0,0.0,1.0,1,0.0,1.0,1,0.6546558176400357,0.9682451320535481
204,961,1,0.1282051282051282,0.8717948717948718,0,0.6,0.4,0,0.9920494699646644,0.0079505300353356,1,0.0,1.0,1,0.0,1.0,1,0.6559490803660415,0.8785643869009374
206,18,1,0.0806451612903225,1.087719298245614,0,0.0,1.0,1,,,0,0.0,1.0,1,0.5,0.5,0,0.6838709677419355,0.9694952397648997
209,297,1,0.0422535211267605,0.9577464788732394,0,0.8571428571428571,0.1428571428571428,0,,,0,0.0,1.0,1,0.0,1.0,1,0.6201207243460765,0.9457191177719143
220,13,1,0.0,1.0,1,0.9,0.1,0,0.999939649969825,6.035003017501509e-05,0,0.0,1.0,1,0.0,1.0,1,0.620012070006035,0.9707381083700852
234,594,1,0.0227272727272727,0.9772727272727272,0,0.625,0.375,0,0.9993832110035156,0.0006167889964843,0,0.0,1.0,1,0.0,1.0,1,0.6705779032538424,0.9539640034428775
236,516,1,0.0350877192982456,0.9649122807017544,0,0.7142857142857143,0.2857142857142857,0,0.9998272324802936,0.0001727675197062,0,0.0,1.0,1,0.0,1.0,1,0.6501598667871493,0.9669959887767888
240,676,1,0.0,1.0,1,0.8461538461538461,0.1538461538461538,0,0.9998812633578722,0.0001187366421277,0,0.0,1.0,1,0.0,1.0,1,0.6307929780976563,0.972239773977737
243,634,1,0.0,1.0,1,0.7,0.3,0,0.9997765680857978,0.0002234319142021,0,0.0,1.0,1,0.0,1.0,1,0.6600446863828404,0.9794944511606379
244,162,1,0.0,1.0,1,0.9333333333333332,0.0666666666666666,0,0.9992199134813132,0.0007800865186866,0,0.0,1.0,1,0.0,1.0,1,0.6134893506370707,0.963494781694538
245,481,1,0.75,4.0,0,0.0,1.0,1,,,0,0.0,1.0,1,0.0,1.0,1,0.65,0.9381077874016231
250,201,1,0.0196078431372549,0.9803921568627452,0,0.75,0.25,0,,,0,0.0,1.0,1,0.0,1.0,1,0.6460784313725491,0.9434692528727314
251,429,1,0.1666666666666666,0.8333333333333334,0,0.5454545454545454,0.4545454545454545,0,0.9999812030075188,1.8796992481203007e-05,0,0.0,1.0,1,0.0,1.0,1,0.6575795169742539,0.8317804197625659
255,379,1,0.0,1.0,1,0.9090909090909092,0.0909090909090909,0,0.9999636376859024,3.636231409766917e-05,0,0.0,1.0,1,0.0,1.0,1,0.6181890906446377,0.9685122621036578
259,60,1,0.1794871794871795,0.8205128205128205,0,0.4,0.6,0,,,0,0.0,1.0,1,0.0,1.0,1,0.6841025641025641,0.8774651538512904
261,74,1,0.6818181818181818,3.142857142857143,0,0.0,1.0,1,,,0,0.0,1.0,1,0.0,1.0,1,0.6636363636363637,0.9549302593072104
262,398,1,0.5263157894736842,2.111111111111111,0,0.0,1.0,1,,,0,0.0,1.0,1,0.0,1.0,1,0.6947368421052632,0.9545263118095823
265,783,1,0.0434782608695652,0.9565217391304348,0,0.6153846153846154,0.3846153846153846,0,,,0,0.0,1.0,1,0.0,1.0,1,0.668227424749164,0.9637550650770672
275,29,1,0.0,1.0,1,0.0,1.0,1,0.999969074077892,3.0925922107910854e-05,0,0.0,1.0,1,1.0,0.0,0,0.6000061851844216,0.9610615248826176
279,503,1,0.0175438596491228,0.9824561403508772,0,0.7142857142857143,0.2857142857142857,0,,,0,0.0,1.0,1,0.0,1.0,1,0.6536340852130326,0.9506518634411965
280,478,1,0.0,1.0,1,0.8,0.2,0,0.9998366695098272,0.0001633304901729,0,0.0,1.0,1,0.0,1.0,1,0.6400326660980346,0.9733559377087686
281,533,1,0.0425531914893617,1.0444444444444445,0,0.375,0.625,0,,,0,0.0,1.0,1,0.0,1.0,1,0.7164893617021277,0.8565294046982711
296,612,1,0.5,2.0,0,0.0,1.0,1,,,0,0.0,1.0,1,0.0,1.0,1,0.7,0.9545263118095823
298,628,1,0.0,1.0,1,0.8333333333333334,0.1666666666666666,0,0.9998780517548352,0.0001219482451647,0,0.0,1.0,1,0.0,1.0,1,0.6333577229823663,0.9698624482510577
299,83,1,0.8970588235294118,9.714285714285714,0,0.0,1.0,1,,,0,0.0,1.0,1,0.0,1.0,1,0.6205882352941177,0.9192083601065405
301,21,1,0.0,1.0,1,0.6,0.4,0,0.999823411253118,0.0001765887468821,0,0.0,1.0,1,0.0,1.0,1,0.6800353177493764,0.9798749024765253
304,902,1,0.0517241379310344,0.9482758620689656,0,0.5714285714285714,0.4285714285714285,0,0.999626552142657,0.0003734478573429,0,0.0,1.0,1,0.0,1.0,1,0.6754441476995474,0.9728330987011461
306,576,1,0.0434782608695652,1.0454545454545454,0,0.375,0.625,0,0.9999789876237104,2.1012376289634595e-05,0,0.0,1.0,1,0.0,1.0,1,0.7163085503013449,0.8544719513074067
310,949,1,0.1707317073170731,0.8292682926829268,0,0.0,1.0,1,,,0,0.5,0.5,0,0.0,1.0,1,0.6658536585365853,0.9074297938143457
312,67,1,0.8596491228070176,7.125,0,0.0,1.0,1,,,0,0.0,1.0,1,0.0,1.0,1,0.6280701754385964,0.9192083601065405
315,622,1,0.8095238095238095,5.25,0,0.0,1.0,1,,,0,0.0,1.0,1,0.0,1.0,1,0.6380952380952382,0.9367072173661685
316,571,1,0.8666666666666667,7.5,0,0.0,1.0,1,,,0,0.0,1.0,1,0.0,1.0,1,0.6266666666666667,0.9192083601065405
320,311,1,0.04,1.0416666666666667,0,0.6,0.4,0,0.9959839357429718,0.0040160642570281,0,0.0,1.0,1,0.0,1.0,1,0.6728032128514057,0.9610068206974832
332,916,1,0.8035714285714286,5.090909090909091,0,0.0,1.0,1,,,0,0.0,1.0,1,0.0,1.0,1,0.6392857142857142,0.9367072173661685
333,225,1,0.0,1.0,1,0.9090909090909092,0.0909090909090909,0,,,0,0.0,1.0,1,0.0,1.0,1,0.6181818181818182,0.9618674953511767
337,506,1,0.0689655172413793,0.9310344827586208,0,0.4285714285714285,0.5714285714285714,0,0.9997765226931048,0.0002234773068952,0,0.0,1.0,1,0.0,1.0,1,0.7005373062988175,0.9682457567082223
338,769,1,0.0185185185185185,0.9814814814814816,0,0.875,0.125,0,0.9999782611058576,2.1738894142454973e-05,0,0.0,1.0,1,0.0,1.0,1,0.6213006440751248,0.861170048077779
345,835,1,0.8260869565217391,5.75,0,0.0,1.0,1,,,0,0.0,1.0,1,0.0,1.0,1,0.6347826086956522,0.8682740833565527
347,548,1,0.0,1.0,1,0.9,0.1,0,0.9999575488718612,4.245112813873029e-05,0,0.0,1.0,1,0.0,1.0,1,0.6200084902256278,0.9702644226947652
348,991,1,0.0833333333333333,0.9166666666666666,0,0.0,1.0,1,0.99213217938631,0.00786782061369,0,0.0,1.0,1,0.5,0.5,0,0.6849068974560713,0.9596067613053458
349,912,1,0.6363636363636364,2.75,0,0.0,1.0,1,,,0,0.0,1.0,1,0.0,1.0,1,0.6727272727272727,0.9545263118095823
353,17,1,0.0483870967741935,1.0508474576271187,0,0.7142857142857143,0.2857142857142857,0,0.9998984194059568,0.0001015805940433,0,0.0,1.0,1,0.0,1.0,1,0.647485753906827,0.9640808057011753
355,796,1,0.6956521739130435,3.2857142857142856,0,0.0,1.0,1,,,0,0.0,1.0,1,0.0,1.0,1,0.6608695652173913,0.9516800500883807
369,735,1,0.0714285714285714,0.9285714285714286,0,0.6363636363636364,0.3636363636363636,0,0.9998276258331418,0.0001723741668581,0,0.0,1.0,1,0.0,1.0,1,0.6584760332749301,0.9678653053923348
370,954,1,0.4210526315789473,1.7272727272727273,0,0.0,1.0,1,,,0,0.0,1.0,1,0.0,1.0,1,0.7157894736842105,0.9472704599909737
371,263,1,0.16,0.84,0,0.6923076923076923,0.3076923076923077,0,0.9994737188342872,0.0005262811657127,0,0.0,1.0,1,0.0,1.0,1,0.6296437177716041,0.8156753795218125
373,10,1,0.0172413793103448,0.9827586206896552,0,0.875,0.125,0,0.9998089699233758,0.0001910300766242,0,0.0,1.0,1,0.0,1.0,1,0.6215899301532559,0.9583601657870213
375,130,1,0.8076923076923077,5.2,0,0.0,1.0,1,,,0,0.0,1.0,1,0.0,1.0,1,0.6384615384615385,0.9367072173661685
379,866,1,0.0,1.0,1,0.8,0.2,0,0.999878103287148,0.0001218967128519,0,0.0,1.0,1,0.0,1.0,1,0.6400243793425704,0.9725365685199221
382,631,1,0.0,1.0,1,0.5,0.5,0,0.999951220701934,4.8779298065900834e-05,0,0.0,1.0,1,0.0,1.0,1,0.7000097558596131,0.9754334574958617
385,655,1,0.0151515151515151,1.015384615384615,0,0.875,0.125,0,0.9999415149955552,5.848500444486034e-05,0,0.0,1.0,1,0.0,1.0,1,0.6219813939705859,0.9707381083700852
387,6,1,0.0333333333333333,0.9666666666666668,0,0.7,0.3,0,0.999963703018094,3.629698190595452e-05,0,0.0,1.0,1,0.0,1.0,1,0.6533405927297145,0.96524412935108
388,232,1,0.7959183673469388,4.9,0,0.0,1.0,1,,,0,0.0,1.0,1,0.0,1.0,1,0.6408163265306122,0.9367072173661685
396,976,1,0.0,1.0,1,0.7272727272727273,0.2727272727272727,0,0.999756642552156,0.000243357447844,0,0.0,1.0,1,0.0,1.0,1,0.6545941260350234,0.9787723955146429
397,702,1,0.0,1.0,1,0.9,0.1,0,,,0,0.0,1.0,1,0.0,1.0,1,0.62,0.9664370705048846
400,683,1,0.0,1.0,1,0.7777777777777778,0.2222222222222222,0,0.999428843407901,0.000571156592099,0,0.0,1.0,1,0.0,1.0,1,0.6445586757628643,0.9681656732632958
402,758,1,0.0,1.0,1,0.7,0.3,0,0.9997968346843826,0.0002031653156173,0,0.0,1.0,1,0.0,1.0,1,0.6600406330631234,0.9794944511606379
405,178,1,0.0333333333333333,0.9666666666666668,0,0.6363636363636364,0.3636363636363636,0,0.999691488951448,0.0003085110485519,0,0.0,1.0,1,0.0,1.0,1,0.6661223082703165,0.9728330987011461
407,558,1,0.0454545454545454,0.9545454545454546,0,0.7,0.3,0,0.999811802099452,0.0001881979005478,0,0.0,1.0,1,0.0,1.0,1,0.6509467304892005,0.9669959887767888
421,717,1,0.0555555555555555,0.9444444444444444,0,0.6363636363636364,0.3636363636363636,0,0.999361747393802,0.0006382526061981,0,0.0,1.0,1,0.0,1.0,1,0.6617438121374012,0.9581261071296704
423,260,1,0.0,1.0,1,0.875,0.125,0,0.999853669243714,0.0001463307562861,0,0.0,1.0,1,0.0,1.0,1,0.6250292661512573,0.9760417892756105
428,220,1,0.0,1.0,1,0.875,0.125,0,,,0,0.0,1.0,1,0.0,1.0,1,0.625,0.9664355582020256
430,475,1,0.0,1.0,1,0.9,0.1,0,0.9999796838811912,2.0316118808662795e-05,0,0.0,1.0,1,0.0,1.0,1,0.6200040632237618,0.973479370775686
435,957,1,0.0,1.0,1,0.7692307692307693,0.2307692307692307,0,0.9990663803566427,0.0009336196433572,0,0.0,1.0,1,0.0,1.0,1,0.6463405700825177,0.9681656732632958
445,399,1,0.136986301369863,0.863013698630137,0,0.3333333333333333,0.6666666666666666,0,,,0,0.0,1.0,1,0.0,1.0,1,0.7059360730593608,0.8713904921958492
446,141,1,0.0,1.0,1,0.9090909090909092,0.0909090909090909,0,0.9978738483345144,0.0021261516654854,0,0.0,1.0,1,0.0,1.0,1,0.6186070485149153,0.9687252677103616
451,733,1,0.0,1.0,1,0.5,0.5,0,0.9999873593730249,1.2640626975097964e-05,0,0.0,1.0,1,0.0,1.0,1,0.7000025281253951,0.9801568088818428
452,512,1,0.0,1.0,1,0.8,0.2,0,0.99994219736709,5.780263290992905e-05,0,0.0,1.0,1,0.0,1.0,1,0.6400115605265819,0.9686238707661786
459,541,1,0.0821917808219178,0.9178082191780822,0,0.5,0.5,0,,,0,0.0,1.0,1,0.0,1.0,1,0.6835616438356165,0.957207595712779
460,714,1,0.0303030303030303,1.03125,0,0.625,0.375,0,0.999432664350046,0.0005673356499539,0,0.0,1.0,1,0.0,1.0,1,0.6690528610693847,0.9610068206974832
464,863,1,0.0,1.0,1,0.8888888888888888,0.1111111111111111,0,0.9999166689814172,8.333101858281715e-05,0,0.0,1.0,1,0.0,1.0,1,0.6222388884259388,0.9730604464085552
465,103,1,0.0909090909090909,1.1,0,0.0,1.0,1,,,0,0.75,0.25,0,0.0,1.0,1,0.6318181818181818,0.8393118854924543
467,799,1,0.0,1.0,1,0.8181818181818182,0.1818181818181818,0,,,0,0.0,1.0,1,0.0,1.0,1,0.6363636363636364,0.9638562598487823
469,4,1,0.0344827586206896,0.9655172413793104,0,0.0,1.0,1,0.9998089699233758,0.0001910300766242,0,0.0,1.0,1,0.5,0.5,0,0.693141654291187,0.9782842918583273
471,853,1,0.8833333333333333,8.571428571428571,0,0.0,1.0,1,,,0,0.0,1.0,1,0.0,1.0,1,0.6233333333333333,0.9192083601065405
472,28,1,0.0465116279069767,0.9534883720930232,0,0.5555555555555556,0.4444444444444444,0,0.999975611540619,2.43884593810209e-05,0,0.0,1.0,1,0.0,1.0,1,0.6795914409993697,0.970541724846807
475,362,1,0.0384615384615384,1.04,0,0.7272727272727273,0.2727272727272727,0,0.999988385867924,1.1614132075909968e-05,0,0.0,1.0,1,0.0,1.0,1,0.6468554696795621,0.9586969374623995
481,556,1,0.0,1.0,1,0.7,0.3,0,0.99988244283783,0.0001175571621701,0,0.0,1.0,1,0.0,1.0,1,0.660023511432434,0.9789550623871844
486,906,1,0.0,1.0,1,0.8181818181818182,0.1818181818181818,0,0.9995366938472944,0.0004633061527057,0,0.0,1.0,1,0.0,1.0,1,0.6364562975941774,0.9666133803589724
491,601,1,0.131578947368421,1.1515151515151516,0,0.75,0.25,0,0.999776572624053,0.000223427375947,0,0.0,1.0,1,0.0,1.0,1,0.6237288960015052,0.8732172022849656
498,314,1,0.0,1.0,1,0.7692307692307693,0.2307692307692307,0,0.9995332773266126,0.0004667226733874,0,0.0,1.0,1,0.0,1.0,1,0.6462471906885237,0.9663237901698892
502,165,1,0.0694444444444444,0.9305555555555556,0,0.2857142857142857,0.7142857142857143,0,,,0,0.0,1.0,1,0.0,1.0,1,0.7289682539682539,0.94071293567862
503,393,1,0.09375,1.103448275862069,0,0.5454545454545454,0.4545454545454545,0,0.9998043052837572,0.0001956947162426,0,0.0,1.0,1,0.0,1.0,1,0.6721982298523395,0.9309745210658175
504,551,1,0.0192307692307692,0.9807692307692308,0,0.6666666666666666,0.3333333333333333,0,0.9998781280467988,0.0001218719532011,0,0.0,1.0,1,0.0,1.0,1,0.662844887211153,0.96979163331602
505,943,1,0.8955223880597015,9.571428571428571,0,0.0,1.0,1,,,0,0.0,1.0,1,0.0,1.0,1,0.6208955223880597,0.9192083601065405
507,406,1,0.0,1.0,1,0.0,1.0,1,0.999917530874379,8.24691256210956e-05,0,0.0,1.0,1,0.5,0.5,0,0.7000164938251242,0.9829886784749021
513,242,1,0.8484848484848485,6.6,0,0.0,1.0,1,,,0,0.0,1.0,1,0.0,1.0,1,0.6303030303030303,0.9073206508895341
515,579,1,0.0,1.0,1,0.8888888888888888,0.1111111111111111,0,0.9999371345948324,6.286540516753631e-05,0,0.0,1.0,1,0.0,1.0,1,0.6222347953032557,0.9730604464085552
522,720,1,0.03125,0.96875,0,0.375,0.625,0,0.99981091642506,0.0001890835749401,0,0.0,1.0,1,0.0,1.0,1,0.718787816714988,0.8289799779340044
523,567,1,0.0,1.0,1,0.8,0.2,0,0.9999593677623828,4.063223761732559e-05,0,0.0,1.0,1,0.0,1.0,1,0.6400081264475235,0.9693616576577885
524,154,1,0.0,1.0,1,0.5,0.5,0,,,0,0.0,1.0,1,0.0,1.0,1,0.7,0.9734628710054976
525,450,1,0.5238095238095238,2.1,0,0.0,1.0,1,,,0,0.0,1.0,1,0.0,1.0,1,0.6952380952380952,0.9545263118095823
526,723,1,0.0,1.0,1,0.9090909090909092,0.0909090909090909,0,,,0,0.0,1.0,1,0.0,1.0,1,0.6181818181818182,0.9618674953511767
534,169,1,0.3,0.7,0,0.0,1.0,1,,,0,0.5,0.5,0,0.0,1.0,1,0.64,0.8326902167388086
536,213,1,0.0212765957446808,0.9787234042553192,0,0.6,0.4,0,0.9999140173255088,8.598267449109005e-05,0,0.0,1.0,1,0.0,1.0,1,0.675761877385962,0.9687139925704136
542,437,1,0.0416666666666666,0.9583333333333334,0,0.625,0.375,0,,,0,0.0,1.0,1,0.0,1.0,1,0.6666666666666667,0.9637550650770672
543,904,1,0.0333333333333333,0.9666666666666668,0,0.6923076923076923,0.3076923076923077,0,0.9999049090692976,9.509093070248424e-05,0,0.0,1.0,1,0.0,1.0,1,0.6548908130579354,0.9685884567849999
544,959,1,0.1851851851851851,0.8148148148148148,0,0.6153846153846154,0.3846153846153846,0,0.9993464662496498,0.0006535337503501,0,0.0,1.0,1,0.0,1.0,1,0.6400167466361099,0.8006336899869728
575,701,1,0.0,1.0,1,0.0,1.0,1,,,0,0.0,1.0,1,0.5,0.5,0,0.7,0.9813642278326844
580,890,1,0.0,1.0,1,0.9,0.1,0,0.9999796838811912,2.0316118808662795e-05,0,0.0,1.0,1,0.0,1.0,1,0.6200040632237618,0.973479370775686
584,166,1,0.046875,1.0491803278688523,0,0.0,1.0,1,,,0,0.0,1.0,1,0.5,0.5,0,0.690625,0.9748675222609998
600,509,1,0.0344827586206896,0.9655172413793104,0,0.0,1.0,1,,,0,0.0,1.0,1,0.5,0.5,0,0.6931034482758621,0.9738341280872831
602,204,1,0.03125,1.032258064516129,0,0.75,0.25,0,,,0,0.0,1.0,1,0.0,1.0,1,0.64375,0.9493494996545099
609,780,1,0.75,4.0,0,0.0,1.0,1,,,0,0.0,1.0,1,0.0,1.0,1,0.65,0.9381077874016231
622,581,1,0.0,1.0,1,0.7,0.3,0,0.9994475477257382,0.0005524522742618,0,0.0,1.0,1,0.0,1.0,1,0.6601104904548524,0.9689671876995432
623,760,1,0.0,1.0,1,0.6666666666666666,0.3333333333333333,0,0.9999372660546622,6.27339453378223e-05,0,0.0,1.0,1,0.0,1.0,1,0.6666792134557342,0.9775716896760063
624,855,1,0.0212765957446808,0.9787234042553192,0,0.6,0.4,0,0.9998459405330458,0.0001540594669542,0,0.0,1.0,1,0.0,1.0,1,0.6757754927444546,0.9714922544383896
627,127,1,0.0,1.0,1,0.5,0.5,0,0.999691488951448,0.0003085110485519,0,0.0,1.0,1,0.0,1.0,1,0.7000617022097104,0.9798608676153434
637,492,1,0.015625,0.984375,0,0.9,0.1,0,0.9997765226931048,0.0002234773068952,0,0.0,1.0,1,0.0,1.0,1,0.6169196954613791,0.971510484812551
639,657,1,0.0,1.0,1,0.75,0.25,0,0.9996564885496184,0.0003435114503816,0,0.0,1.0,1,0.0,1.0,1,0.6500687022900763,0.9770466612278037
640,181,1,0.0,1.0,1,0.8,0.2,0,0.9998739442833732,0.0001260557166267,0,0.0,1.0,1,0.0,1.0,1,0.6400252111433253,0.9725365685199221
644,384,1,0.05,1.0526315789473684,0,0.7,0.3,0,0.9926372155287818,0.0073627844712182,0,0.0,1.0,1,0.0,1.0,1,0.6514725568942437,0.9559315100384759
647,152,1,0.0,1.0,1,0.7692307692307693,0.2307692307692307,0,0.999785591766724,0.0002144082332761,0,0.0,1.0,1,0.0,1.0,1,0.6461967278005014,0.9731088541411445
649,153,1,0.0454545454545454,0.9545454545454546,0,0.6363636363636364,0.3636363636363636,0,0.9999447971294508,5.520287054926856e-05,0,0.0,1.0,1,0.0,1.0,1,0.6636474042104735,0.963533555832889
650,155,1,0.0,1.0,1,0.8,0.2,0,0.9999268346218568,7.31653781430627e-05,0,0.0,1.0,1,0.0,1.0,1,0.6400146330756286,0.9706886054874516
652,716,1,0.1388888888888889,1.1612903225806452,0,0.7692307692307693,0.2307692307692307,0,0.9997163321750232,0.0002836678249769,0,0.0,1.0,1,0.0,1.0,1,0.6184328019410638,0.83339142810584
660,955,1,0.0,1.0,1,0.8181818181818182,0.1818181818181818,0,0.999253104285314,0.0007468957146858,0,0.0,1.0,1,0.0,1.0,1,0.6365130155065735,0.9684552634523788
661,822,1,0.8214285714285714,5.6,0,0.0,1.0,1,,,0,0.0,1.0,1,0.0,1.0,1,0.6357142857142858,0.9367072173661685
668,910,1,0.0,1.0,1,0.8181818181818182,0.1818181818181818,0,0.9999159628555822,8.403714441783268e-05,0,0.0,1.0,1,0.0,1.0,1,0.6363804437925199,0.9706886054874516
674,873,1,0.0,1.0,1,0.7,0.3,0,0.999950332770438,4.966722956193504e-05,0,0.0,1.0,1,0.0,1.0,1,0.6600099334459124,0.9744769074197704
679,412,1,0.037037037037037,0.9629629629629628,0,0.9333333333333332,0.0666666666666666,0,0.999988302999111,1.1697000888972068e-05,0,0.0,1.0,1,0.0,1.0,1,0.6059282653261038,0.9323434697099428
681,271,1,0.0,1.0,1,0.7692307692307693,0.2307692307692307,0,0.9995986719690612,0.0004013280309387,0,0.0,1.0,1,0.0,1.0,1,0.6462341117600339,0.9608446867770644
688,709,1,0.0,1.0,1,0.8,0.2,0,0.9998286864533812,0.0001713135466186,0,0.0,1.0,1,0.0,1.0,1,0.6400342627093237,0.9733559377087686
693,782,1,0.0,1.0,1,0.75,0.25,0,0.9999290830437556,7.091695624423799e-05,0,0.0,1.0,1,0.0,1.0,1,0.6500141833912488,0.9744006667773367
694,990,1,0.0227272727272727,1.0232558139534884,0,0.6,0.4,0,0.999861118826732,0.0001388811732681,0,0.0,1.0,1,0.0,1.0,1,0.6754823216891991,0.9725548250375272
701,678,1,0.1518987341772152,0.8481012658227848,0,0.2857142857142857,0.7142857142857143,0,0.9999796880077998,2.0311992200195e-05,0,0.5,0.5,0,0.0,1.0,1,0.6124814584201399,0.8439199354760859
702,926,1,0.0163934426229508,1.0166666666666666,0,0.0,1.0,1,,,0,0.0,1.0,1,0.5,0.5,0,0.6967213114754098,0.9813642278326844
709,27,1,0.0,1.0,1,0.4444444444444444,0.5555555555555556,0,0.9999089885211772,9.101147882276652e-05,0,0.0,1.0,1,0.5,0.5,0,0.6111293134068757,0.9687273399738348
711,746,1,0.0714285714285714,0.9285714285714286,0,0.6666666666666666,0.3333333333333333,0,0.9999838761689778,1.6123831022250886e-05,0,0.0,1.0,1,0.0,1.0,1,0.6523841771471568,0.9537090489611422
713,502,1,0.0,1.0,1,0.7,0.3,0,,,0,0.0,1.0,1,0.0,1.0,1,0.6599999999999999,0.9725063209294063
718,434,1,0.0,1.0,1,0.8181818181818182,0.1818181818181818,0,0.999927406036188,7.259396381190904e-05,0,0.0,1.0,1,0.0,1.0,1,0.6363781551563987,0.9706886054874516
720,375,1,0.0,1.0,1,0.8181818181818182,0.1818181818181818,0,0.9997746834302196,0.0002253165697805,0,0.0,1.0,1,0.0,1.0,1,0.6364086996775924,0.9733559377087686
721,584,1,0.0,1.0,1,0.8,0.2,0,0.999756642552156,0.000243357447844,0,0.0,1.0,1,0.0,1.0,1,0.6400486714895688,0.9733559377087686
726,698,1,0.0166666666666666,0.9833333333333332,0,0.5,0.5,0,0.9998328527850904,0.0001671472149095,0,0.0,1.0,1,0.0,1.0,1,0.6967000961096486,0.9798749024765253
728,187,1,0.0,1.0,1,0.7857142857142857,0.2142857142857142,0,0.999906528952657,9.347104734308548e-05,0,0.0,1.0,1,0.0,1.0,1,0.6428758370666114,0.9704415219198274
729,105,1,0.05,1.0526315789473684,0,0.7,0.3,0,0.9995619624084104,0.0004380375915896,0,0.0,1.0,1,0.0,1.0,1,0.650087607518318,0.953987776945883
736,368,1,0.0,1.0,1,0.9090909090909092,0.0909090909090909,0,0.9996416056068812,0.0003583943931188,0,0.0,1.0,1,0.0,1.0,1,0.618253497060442,0.9714869046520627
745,977,1,0.0,1.0,1,0.5454545454545454,0.4545454545454545,0,0.999955753191301,4.424680869892259e-05,0,0.0,1.0,1,0.0,1.0,1,0.6909179402708308,0.9754334574958617
747,739,1,0.05,1.0526315789473684,0,0.6,0.4,0,0.9998093866485936,0.0001906133514063,0,0.0,1.0,1,0.0,1.0,1,0.6700381226702813,0.9726014079334849
750,692,1,0.2682926829268293,1.3666666666666667,0,0.5833333333333334,0.4166666666666667,0,0.9999593760155996,4.062398440038999e-05,0,0.0,1.0,1,0.0,1.0,1,0.6296829215448476,0.7912752260131124
752,483,1,0.03125,1.032258064516129,0,0.9,0.1,0,0.999810641923878,0.0001893580761219,0,0.0,1.0,1,0.0,1.0,1,0.6137878716152244,0.9434840586191614
755,673,1,0.0151515151515151,0.9848484848484848,0,0.7272727272727273,0.2727272727272727,0,,,0,0.0,1.0,1,0.0,1.0,1,0.6515151515151516,0.9680952089374166
758,786,1,0.0,1.0,1,0.7272727272727273,0.2727272727272727,0,,,0,0.0,1.0,1,0.0,1.0,1,0.6545454545454545,0.9680952089374166
761,268,1,0.828125,5.818181818181818,0,0.1666666666666666,0.8333333333333334,0,,,0,0.0,1.0,1,0.0,1.0,1,0.6010416666666667,0.791565908665966
765,833,1,0.0,1.0,1,0.9,0.1,0,0.9996135799061552,0.0003864200938448,0,0.0,1.0,1,0.0,1.0,1,0.6200772840187689,0.9760203369459851
774,830,1,0.0,1.0,1,0.6666666666666666,0.3333333333333333,0,,,0,0.0,1.0,1,0.0,1.0,1,0.6666666666666667,0.9734628710054976
777,660,1,0.7843137254901961,4.636363636363637,0,0.1666666666666666,0.8333333333333334,0,,,0,0.0,1.0,1,0.0,1.0,1,0.6098039215686274,0.7894511998326518
784,123,1,0.0,1.0,1,0.6,0.4,0,0.9997650513950074,0.0002349486049926,0,0.0,1.0,1,0.0,1.0,1,0.6800469897209985,0.9798749024765253
786,605,1,0.0208333333333333,0.9791666666666666,0,0.5,0.5,0,0.9997454351901136,0.0002545648098863,0,0.0,1.0,1,0.0,1.0,1,0.6958842462953105,0.9714922544383896
790,487,1,0.0185185185185185,0.9814814814814816,0,0.6,0.4,0,0.9999808762502151,1.912374978485781e-05,0,0.0,1.0,1,0.0,1.0,1,0.6763001210462533,0.9702810356724921
792,382,1,0.0238095238095238,0.9761904761904762,0,0.5,0.5,0,0.9999094284937958,9.057150620414818e-05,0,0.0,1.0,1,0.0,1.0,1,0.6952562095393361,0.9703113133213126
793,802,1,0.064516129032258,0.935483870967742,0,0.6666666666666666,0.3333333333333333,0,,,0,0.0,1.0,1,0.0,1.0,1,0.6537634408602151,0.9433714417818374
797,637,1,0.0,1.0,1,0.6363636363636364,0.3636363636363636,0,0.9999187355247654,8.126447523465118e-05,0,0.0,1.0,1,0.0,1.0,1,0.6727435256223198,0.9775716896760063
799,39,1,0.0434782608695652,0.9565217391304348,0,0.9166666666666666,0.0833333333333333,0,0.9999164403593064,8.355964069354502e-05,0,0.0,1.0,1,0.0,1.0,1,0.6079877264208923,0.9372996055737527
803,825,1,0.0,1.0,1,0.7272727272727273,0.2727272727272727,0,0.9999525109818356,4.7489018164549446e-05,0,0.0,1.0,1,0.0,1.0,1,0.6545549523490874,0.9717693064341049
807,118,1,0.0256410256410256,0.9743589743589745,0,0.0,1.0,1,,,0,0.0,1.0,1,0.5,0.5,0,0.6948717948717948,0.9738341280872831
808,454,1,0.0,1.0,1,0.8,0.2,0,,,0,0.0,1.0,1,0.0,1.0,1,0.64,0.9638562598487823
809,98,1,0.0,1.0,1,0.6,0.4,0,,,0,0.0,1.0,1,0.0,1.0,1,0.6799999999999999,0.9734628710054976
810,342,1,0.088235294117647,1.096774193548387,0,0.8,0.2,0,0.9999581011438388,4.18988561612268e-05,0,0.0,1.0,1,0.0,1.0,1,0.6223613209477028,0.9221239544762697
811,245,1,0.03125,1.032258064516129,0,0.7333333333333333,0.2666666666666666,0,0.999873593730249,0.0001264062697509,0,0.0,1.0,1,0.0,1.0,1,0.6471086145872835,0.9665024693653147
824,252,1,0.03125,1.032258064516129,0,0.7272727272727273,0.2727272727272727,0,0.999766518795237,0.000233481204763,0,0.0,1.0,1,0.0,1.0,1,0.6483421507864071,0.968039354866884
828,666,1,0.8166666666666667,5.454545454545454,0,0.1666666666666666,0.8333333333333334,0,,,0,0.0,1.0,1,0.0,1.0,1,0.6033333333333333,0.7995066409106181
831,168,1,0.2564102564102564,1.3448275862068966,0,0.6923076923076923,0.3076923076923077,0,0.999447849373309,0.0005521506266909,0,0.0,1.0,1,0.0,1.0,1,0.6103668403817485,0.7435083075435417
832,254,1,0.0689655172413793,0.9310344827586208,0,0.8666666666666667,0.1333333333333333,0,0.999963703018094,3.629698190595452e-05,0,0.0,1.0,1,0.0,1.0,1,0.612880822614772,0.933503849747293
839,370,1,0.0153846153846153,0.9846153846153848,0,0.9166666666666666,0.0833333333333333,0,,,0,0.0,1.0,1,0.0,1.0,1,0.6135897435897436,0.9618674953511767
840,700,1,0.0,1.0,1,0.6666666666666666,0.3333333333333333,0,,,0,0.0,1.0,1,0.0,1.0,1,0.6666666666666667,0.9734628710054976
841,182,1,0.0434782608695652,0.9565217391304348,0,0.7692307692307693,0.2307692307692307,0,,,0,0.0,1.0,1,0.0,1.0,1,0.6374581939799331,0.9463746585419462
843,420,1,0.0,1.0,1,0.6363636363636364,0.3636363636363636,0,0.999839886141256,0.0001601138587439,0,0.0,1.0,1,0.0,1.0,1,0.6727592954990216,0.9798749024765253
845,159,1,0.0238095238095238,0.9761904761904762,0,0.5,0.5,0,0.9999796838811912,2.0316118808662795e-05,0,0.0,1.0,1,0.0,1.0,1,0.695242158461857,0.9715014157499242
852,792,1,0.1621621621621621,0.8378378378378378,0,0.5454545454545454,0.4545454545454545,0,0.9999262001697397,7.37998302603904e-05,0,0.0,1.0,1,0.0,1.0,1,0.6584914184427105,0.898006847478333
856,694,1,0.0263157894736842,0.9736842105263158,0,0.6363636363636364,0.3636363636363636,0,0.9997787757449726,0.0002212242550273,0,0.0,1.0,1,0.0,1.0,1,0.6675083596835414,0.9730895751892886
857,535,1,0.0,1.0,1,0.8,0.2,0,0.9997765680857978,0.0002234319142021,0,0.0,1.0,1,0.0,1.0,1,0.6400446863828404,0.9733559377087686
862,841,1,0.0,1.0,1,0.6363636363636364,0.3636363636363636,0,0.9999787744359306,2.1225564069365145e-05,0,0.0,1.0,1,0.0,1.0,1,0.6727315178400867,0.977800541517125
865,473,1,0.1034482758620689,0.896551724137931,0,0.7333333333333333,0.2666666666666666,0,0.9998548621190132,0.0001451378809869,0,0.0,1.0,1,0.0,1.0,1,0.6326727057371169,0.8668026830635416
867,366,1,0.0181818181818181,0.9818181818181818,0,0.7,0.3,0,,,0,0.0,1.0,1,0.0,1.0,1,0.6563636363636364,0.9609801400116416
872,365,1,0.125,1.1428571428571428,0,0.6153846153846154,0.3846153846153846,0,0.9999845940533044,1.5405946695424434e-05,0,0.0,1.0,1,0.0,1.0,1,0.651926158112416,0.908238790737891
875,619,1,0.0,1.0,1,0.7272727272727273,0.2727272727272727,0,0.9998185150904704,0.0001814849095297,0,0.0,1.0,1,0.0,1.0,1,0.6545817515273604,0.9787723955146429
879,139,1,0.2098765432098765,0.7901234567901234,0,0.4285714285714285,0.5714285714285714,0,,,0,0.0,1.0,1,0.0,1.0,1,0.6723104056437389,0.8422793954570199
883,360,1,0.0163934426229508,1.0166666666666666,0,0.6363636363636364,0.3636363636363636,0,0.9998301954874452,0.0001698045125549,0,0.0,1.0,1,0.0,1.0,1,0.6694825451051936,0.9798749024765253
884,226,1,0.0434782608695652,0.9565217391304348,0,0.8461538461538461,0.1538461538461538,0,,,0,0.0,1.0,1,0.0,1.0,1,0.6220735785953178,0.9457191177719143
885,613,1,0.1184210526315789,0.881578947368421,0,0.375,0.625,0,,,0,0.5,0.5,0,0.0,1.0,1,0.6013157894736842,0.6427705900686598
894,282,1,0.2025316455696202,0.7974683544303798,0,0.375,0.625,0,,,0,0.0,1.0,1,0.0,1.0,1,0.6844936708860759,0.8560929522570678
904,921,1,0.0,1.0,1,0.9230769230769232,0.0769230769230769,0,0.9998292807843328,0.0001707192156671,0,0.0,1.0,1,0.0,1.0,1,0.6154187592277488,0.9694433659481829
913,736,1,0.0,1.0,1,0.5,0.5,0,,,0,0.0,1.0,1,0.5,0.5,0,0.6,0.943388038433182
915,136,1,0.0327868852459016,1.0338983050847457,0,0.7272727272727273,0.2727272727272727,0,0.9998198441652028,0.000180155834797,0,0.0,1.0,1,0.0,1.0,1,0.6480241086632337,0.968039354866884
926,51,1,0.0,1.0,1,0.9166666666666666,0.0833333333333333,0,0.9998930227029597,0.0001069772970402,0,0.0,1.0,1,0.0,1.0,1,0.6166880621260747,0.9687359127179794
934,256,1,0.0232558139534883,0.9767441860465116,0,0.7,0.3,0,0.9997561154061898,0.0002438845938102,0,0.0,1.0,1,0.0,1.0,1,0.6553976141280644,0.971987068227406
936,171,1,0.0,1.0,1,0.6666666666666666,0.3333333333333333,0,0.9999658714719634,3.412852803658578e-05,0,0.0,1.0,1,0.0,1.0,1,0.666673492372274,0.9764182456701098
937,892,1,0.0,1.0,1,0.8181818181818182,0.1818181818181818,0,,,0,0.0,1.0,1,0.0,1.0,1,0.6363636363636364,0.9638562598487823
940,233,1,0.0,1.0,1,0.9090909090909092,0.0909090909090909,0,0.9998581660875115,0.0001418339124884,0,0.0,1.0,1,0.0,1.0,1,0.6182101849643159,0.971519053118564
942,778,1,0.25,0.75,0,0.75,0.25,0,0.9998911189344172,0.0001088810655826,0,0.0,1.0,1,0.0,1.0,1,0.6000217762131166,0.5286322237622852
959,40,1,0.0,1.0,1,0.6666666666666666,0.3333333333333333,0,,,0,0.0,1.0,1,0.0,1.0,1,0.6666666666666667,0.9734628710054976
960,886,1,0.0,1.0,1,0.8333333333333334,0.1666666666666666,0,0.9996490407112776,0.0003509592887225,0,0.0,1.0,1,0.0,1.0,1,0.6334035251910779,0.970660479669054
968,884,1,0.0166666666666666,1.0169491525423728,0,0.7272727272727273,0.2727272727272727,0,0.999878103287148,0.0001218967128519,0,0.0,1.0,1,0.0,1.0,1,0.6512365005546916,0.9762486298098073
972,807,1,0.0227272727272727,1.0232558139534884,0,0.7,0.3,0,0.9997968388119134,0.0002031611880866,0,0.0,1.0,1,0.0,1.0,1,0.6554951776921628,0.9714523180756447
973,224,1,0.0161290322580645,0.9838709677419356,0,0.5833333333333334,0.4166666666666667,0,,,0,0.0,1.0,1,0.0,1.0,1,0.6801075268817204,0.9734628710054976
976,669,1,0.0192307692307692,1.0196078431372548,0,0.7,0.3,0,0.9999750315227026,2.496847729741201e-05,0,0.0,1.0,1,0.0,1.0,1,0.6561588398493056,0.9685105463638934
985,149,1,0.0465116279069767,0.9534883720930232,0,0.6,0.4,0,,,0,0.0,1.0,1,0.0,1.0,1,0.6706976744186047,0.9637550650770672
994,931,1,0.2,1.25,0,0.6153846153846154,0.3846153846153846,0,0.999882769454409,0.0001172305455909,0,0.0,1.0,1,0.0,1.0,1,0.6369465230321951,0.8516913467380854
1002,999,1,0.05,1.0526315789473684,0,0.375,0.625,0,,,0,0.0,1.0,1,0.5,0.5,0,0.615,0.9212823971491622
1003,744,1,0.1470588235294117,1.1724137931034482,0,0.8,0.2,0,0.999968842984219,3.115701578102849e-05,0,0.0,1.0,1,0.0,1.0,1,0.6105944666972738,0.8174017155420792
1005,816,1,0.0579710144927536,0.9420289855072465,0,0.5,0.5,0,0.9998089699233758,0.0001910300766242,0,0.0,1.0,1,0.0,1.0,1,0.6884440031167741,0.9730895751892886
1006,536,1,0.0555555555555555,1.0588235294117647,0,0.6,0.4,0,0.9998781280467988,0.0001218719532011,0,0.0,1.0,1,0.0,1.0,1,0.6689132632795292,0.9665606365099221
1013,65,1,0.0,1.0,1,0.7272727272727273,0.2727272727272727,0,0.9999164333765094,8.356662349057786e-05,0,0.0,1.0,1,0.0,1.0,1,0.6545621678701526,0.9535724989111284
1016,756,1,0.828125,5.818181818181818,0,0.1666666666666666,0.8333333333333334,0,,,0,0.0,1.0,1,0.0,1.0,1,0.6010416666666667,0.791565908665966
1031,391,1,0.0158730158730158,1.0161290322580645,0,0.9166666666666666,0.0833333333333333,0,,,0,0.0,1.0,1,0.0,1.0,1,0.6134920634920635,0.9618674953511767
1032,70,1,0.0833333333333333,0.9166666666666666,0,0.6923076923076923,0.3076923076923077,0,0.999941322129772,5.8677870228022205e-05,0,0.0,1.0,1,0.0,1.0,1,0.6448835304458405,0.9485328940478516
1034,819,1,0.0,1.0,1,0.5833333333333334,0.4166666666666667,0,,,0,0.0,1.0,1,0.0,1.0,1,0.6833333333333333,0.9734628710054976
1038,882,1,0.125,1.1428571428571428,0,0.6666666666666666,0.3333333333333333,0,0.9999838761689778,1.6123831022250886e-05,0,0.0,1.0,1,0.0,1.0,1,0.6416698914328711,0.8866737669655519
1040,504,1,0.0,1.0,1,0.0,1.0,1,0.9999079433391252,9.205666087476842e-05,0,0.0,1.0,1,0.5,0.5,0,0.7000184113321749,0.9829886784749021
1044,458,1,0.0,1.0,1,0.9230769230769232,0.0769230769230769,0,0.9997845384814272,0.0002154615185727,0,0.0,1.0,1,0.0,1.0,1,0.6154277076883299,0.9694433659481829
1045,278,1,0.0,1.0,1,0.9090909090909092,0.0909090909090909,0,0.9999762272673244,2.3772732675621063e-05,0,0.0,1.0,1,0.0,1.0,1,0.6181865727283533,0.9685122621036578
1048,274,1,0.0555555555555555,0.9444444444444444,0,0.9230769230769232,0.0769230769230769,0,0.9999178683312018,8.213166879817902e-05,0,0.0,1.0,1,0.0,1.0,1,0.604289930607264,0.8951427258243303
1055,818,1,0.125,1.1428571428571428,0,0.8125,0.1875,0,0.9998837209302326,0.0001162790697674,0,0.0,1.0,1,0.0,1.0,1,0.6125232558139535,0.7822954799481815
1057,339,1,0.0434782608695652,0.9565217391304348,0,0.8461538461538461,0.1538461538461538,0,,,0,0.0,1.0,1,0.0,1.0,1,0.6220735785953178,0.9457191177719143
1064,99,1,0.0,1.0,1,0.6153846153846154,0.3846153846153846,0,0.9990918172736356,0.0009081827263645,0,0.0,1.0,1,0.0,1.0,1,0.6771047134683499,0.9718710303882245
1067,767,1,0.725,3.636363636363636,0,0.1666666666666666,0.8333333333333334,0,,,0,0.0,1.0,1,0.0,1.0,1,0.6216666666666667,0.7969662139771637
1070,661,1,0.0,1.0,1,0.5,0.5,0,0.9998969135929736,0.0001030864070263,0,0.0,1.0,1,0.0,1.0,1,0.7000206172814053,0.9775716896760063
1077,347,1,0.2307692307692307,0.7692307692307693,0,0.6363636363636364,0.3636363636363636,0,0.9999326154634036,6.738453659654182e-05,0,0.0,1.0,1,0.0,1.0,1,0.6265869034807459,0.7013814330586668
1079,238,1,0.0,1.0,1,0.5454545454545454,0.4545454545454545,0,0.9914396887159532,0.0085603112840466,0,0.0,1.0,1,0.0,1.0,1,0.6926211531659002,0.9718710303882245
1083,400,1,0.1142857142857142,0.8857142857142857,0,0.0,1.0,1,,,0,0.0,1.0,1,0.5,0.5,0,0.6771428571428572,0.9478876237642674
1089,967,1,0.0,1.0,1,0.8181818181818182,0.1818181818181818,0,0.9998754669987546,0.0001245330012453,0,0.0,1.0,1,0.0,1.0,1,0.6363885429638854,0.9725365685199221
1091,789,1,0.0149253731343283,0.9850746268656716,0,0.8461538461538461,0.1538461538461538,0,0.9999579204275284,4.207957247154369e-05,0,0.0,1.0,1,0.0,1.0,1,0.6277925720568595,0.9715383479355588
1092,996,1,0.0212765957446808,0.9787234042553192,0,0.5454545454545454,0.4545454545454545,0,0.9993534947202068,0.0006465052797931,0,0.0,1.0,1,0.0,1.0,1,0.6867830728161134,0.9564791726063516
1094,566,1,0.0769230769230769,0.9230769230769232,0,0.6363636363636364,0.3636363636363636,0,,,0,0.0,1.0,1,0.0,1.0,1,0.6573426573426573,0.9562510456366876
1104,452,1,0.0,1.0,1,0.6153846153846154,0.3846153846153846,0,0.9998930099857348,0.0001069900142653,0,0.0,1.0,1,0.0,1.0,1,0.67694447492593,0.9775716896760063
1111,42,1,0.0163934426229508,1.0166666666666666,0,0.6666666666666666,0.3333333333333333,0,,,0,0.0,1.0,1,0.0,1.0,1,0.6633879781420765,0.9720604151684921
1112,25,1,0.0,1.0,1,0.75,0.25,0,,,0,0.0,1.0,1,0.0,1.0,1,0.65,0.9680952089374166
1114,133,1,0.0,1.0,1,0.8333333333333334,0.1666666666666666,0,,,0,0.0,1.0,1,0.0,1.0,1,0.6333333333333333,0.959797706963327
1119,58,1,0.0,1.0,1,0.9166666666666666,0.0833333333333333,0,,,0,0.0,1.0,1,0.0,1.0,1,0.6166666666666667,0.9618674953511767
1122,303,1,0.0,1.0,1,0.9230769230769232,0.0769230769230769,0,0.999869234427009,0.0001307655729909,0,0.0,1.0,1,0.0,1.0,1,0.6154107684992136,0.9694433659481829
1135,919,1,0.0153846153846153,0.9846153846153848,0,0.8461538461538461,0.1538461538461538,0,0.9998734195018354,0.0001265804981645,0,0.0,1.0,1,0.0,1.0,1,0.6277176237919406,0.9752180318847663
1142,92,1,0.3783783783783784,0.6216216216216216,0,0.6153846153846154,0.3846153846153846,0,0.9997695562911132,0.0002304437088867,0,0.0,1.0,1,0.0,1.0,1,0.6012934899891785,0.20883532611393885
1143,494,1,0.0,1.0,1,0.8181818181818182,0.1818181818181818,0,0.9997765226931048,0.0002234773068952,0,0.0,1.0,1,0.0,1.0,1,0.6364083318250154,0.9733559377087686
1155,243,1,0.0153846153846153,0.9846153846153848,0,0.8461538461538461,0.1538461538461538,0,,,0,0.0,1.0,1,0.0,1.0,1,0.6276923076923077,0.9664355582020256
1156,573,1,0.0,1.0,1,0.9230769230769232,0.0769230769230769,0,0.9999762272673244,2.3772732675621063e-05,0,0.0,1.0,1,0.0,1.0,1,0.6153893699311505,0.9685122621036578
1159,832,1,0.0,1.0,1,0.9230769230769232,0.0769230769230769,0,,,0,0.0,1.0,1,0.0,1.0,1,0.6153846153846153,0.9618674953511767
1169,35,1,0.7045454545454546,3.3846153846153846,0,0.2857142857142857,0.7142857142857143,0,,,0,0.0,1.0,1,0.0,1.0,1,0.601948051948052,0.754600505609106
1171,255,1,0.1379310344827586,1.16,0,0.6923076923076923,0.3076923076923077,0,0.999756647935932,0.0002433520640679,0,0.0,1.0,1,0.0,1.0,1,0.6340009250547234,0.8599204303957572
1176,355,1,0.0476190476190476,0.9523809523809524,0,0.6363636363636364,0.3636363636363636,0,0.999939051643574,6.094835642598838e-05,0,0.0,1.0,1,0.0,1.0,1,0.6632156528747484,0.9671986459756794
1177,938,1,0.0232558139534883,0.9767441860465116,0,0.5454545454545454,0.4545454545454545,0,0.999669334038754,0.0003306659612459,0,0.0,1.0,1,0.0,1.0,1,0.6863240613106425,0.9728330987011461
1179,19,1,0.04,1.0416666666666667,0,0.7692307692307693,0.2307692307692307,0,0.999789087381098,0.0002109126189019,0,0.0,1.0,1,0.0,1.0,1,0.6381960286776265,0.9612507989982945
1191,332,1,0.2352941176470588,1.3076923076923077,0,0.7333333333333333,0.2666666666666666,0,,,0,0.0,1.0,1,0.0,1.0,1,0.6062745098039215,0.7264392038475019
1192,110,1,0.0,1.0,1,0.7272727272727273,0.2727272727272727,0,,,0,0.0,1.0,1,0.0,1.0,1,0.6545454545454545,0.9680952089374166
1194,265,1,0.0227272727272727,1.0232558139534884,0,0.7272727272727273,0.2727272727272727,0,0.9997317269468088,0.0002682730531912,0,0.0,1.0,1,0.0,1.0,1,0.6500536546106382,0.967396143815466
1196,37,1,0.0188679245283018,1.0192307692307692,0,0.9166666666666666,0.0833333333333333,0,0.9998949535694776,0.0001050464305222,0,0.0,1.0,1,0.0,1.0,1,0.6129140910471108,0.9464186044124271
1198,407,1,0.0,1.0,1,0.9375,0.0625,0,0.9999608610567514,3.913894324853229e-05,0,0.0,1.0,1,0.0,1.0,1,0.6125078277886498,0.9685122621036578
1207,387,1,0.0,1.0,1,0.75,0.25,0,0.9998447962396346,0.0001552037603653,0,0.0,1.0,1,0.0,1.0,1,0.6500310407520731,0.9770679989986539
1220,837,1,0.2432432432432432,0.7567567567567568,0,0.6923076923076923,0.3076923076923077,0,0.9999092575452352,9.07424547648863e-05,0,0.0,1.0,1,0.0,1.0,1,0.6129079613807659,0.4733366374693853
1223,898,1,0.0833333333333333,0.9166666666666666,0,0.8,0.2,0,0.9998286364132044,0.0001713635867956,0,0.0,1.0,1,0.0,1.0,1,0.6233676060506925,0.9517574040835842
1248,175,1,0.0,1.0,1,0.9166666666666666,0.0833333333333333,0,,,0,0.0,1.0,1,0.0,1.0,1,0.6166666666666667,0.9618674953511767
1250,496,1,0.1724137931034483,1.2083333333333333,0,0.6923076923076923,0.3076923076923077,0,0.9998410427594976,0.0001589572405023,0,0.0,1.0,1,0.0,1.0,1,0.6270874943658724,0.869785745525323
1252,108,1,0.0704225352112676,0.9295774647887324,0,0.7,0.3,0,,,0,0.0,1.0,1,0.0,1.0,1,0.6459154929577464,0.9355386957273586
1264,291,1,0.0,1.0,1,0.8333333333333334,0.1666666666666666,0,,,0,0.0,1.0,1,0.0,1.0,1,0.6333333333333333,0.959797706963327
1269,403,1,0.0158730158730158,1.0161290322580645,0,0.9230769230769232,0.0769230769230769,0,,,0,0.0,1.0,1,0.0,1.0,1,0.6122100122100121,0.9618674953511767
1272,936,1,0.04,1.0416666666666667,0,0.9230769230769232,0.0769230769230769,0,,,0,0.0,1.0,1,0.0,1.0,1,0.6073846153846153,0.9210313526452615
1281,597,1,0.0,1.0,1,0.5454545454545454,0.4545454545454545,0,0.9997968388119134,0.0002031611880866,0,0.0,1.0,1,0.0,1.0,1,0.6909497231467082,0.9798749024765253
1284,741,1,0.0985915492957746,0.9014084507042254,0,0.6,0.4,0,,,0,0.0,1.0,1,0.0,1.0,1,0.660281690140845,0.890569997307042
1288,951,1,0.0,1.0,1,0.7692307692307693,0.2307692307692307,0,0.9989633399302612,0.0010366600697389,0,0.0,1.0,1,0.0,1.0,1,0.6463611781677939,0.9681656732632958
1297,963,1,0.0256410256410256,1.0263157894736843,0,0.7692307692307693,0.2307692307692307,0,0.9999786780383796,2.1321961620469083e-05,0,0.0,1.0,1,0.0,1.0,1,0.6410299054179651,0.948502528877658
1302,86,1,0.0,1.0,1,0.8181818181818182,0.1818181818181818,0,0.9999032476537556,9.675234624439643e-05,0,0.0,1.0,1,0.0,1.0,1,0.6363829868328852,0.9706886054874516
1303,270,1,0.0806451612903225,1.087719298245614,0,0.5454545454545454,0.4545454545454545,0,0.9998577900574934,0.0001422099425065,0,0.0,1.0,1,0.0,1.0,1,0.6748085006395277,0.9615186916448267
1304,85,1,0.0869565217391304,0.9130434782608696,0,0.6363636363636364,0.3636363636363636,0,,,0,0.0,1.0,1,0.0,1.0,1,0.6553359683794466,0.9551985815127342
1305,319,1,0.0806451612903225,1.087719298245614,0,0.5454545454545454,0.4545454545454545,0,,,0,0.0,1.0,1,0.0,1.0,1,0.6747800586510264,0.9523029853078177
117,773,0,0.4166666666666667,0.5833333333333334,0,0.5,0.5,0,,,0,0.5,0.5,0,0.0,1.0,1,0.5166666666666666,0.014687083339619357
864,438,0,0.0144927536231884,1.0147058823529411,0,0.4285714285714285,0.5714285714285714,0,,,0,0.5,0.5,0,1.0,0.0,0,0.4113871635610766,0.02215253562674756
694,975,0,0.3636363636363636,1.5714285714285714,0,0.6363636363636364,0.3636363636363636,0,0.9996454152187788,0.0003545847812211,0,0.5,2.0,0,0.5,0.5,0,0.4000709169562443,0.014344471272874337
660,370,0,0.2,0.8,0,0.8333333333333334,0.1666666666666666,0,,,0,0.0,1.0,1,0.0,1.0,1,0.5933333333333334,0.015943774685789096
240,926,0,0.4666666666666667,0.5333333333333333,0,0.5,0.5,0,,,0,0.0,1.0,1,0.5,0.5,0,0.5066666666666666,0.01570204624343781
1031,643,0,0.136986301369863,0.863013698630137,0,0.875,0.125,0,0.9992199134813132,0.0007800865186866,0,0.5,0.5,0,0.0,1.0,1,0.4977587570297647,0.015678911135439455
365,631,0,0.1071428571428571,0.8928571428571429,0,0.875,0.125,0,0.9997561035096704,0.0002438964903295,0,0.0,1.0,1,1.0,0.0,0,0.4036202078694945,0.015756578407614137
894,778,0,0.4285714285714285,1.75,0,0.5833333333333334,0.4166666666666667,0,0.9998185315573622,0.0001814684426378,0,0.0,1.0,1,0.0,1.0,1,0.5976553413075751,0.015601007330278175
1003,194,0,0.2444444444444444,0.7555555555555555,0,0.7,0.3,0,,,0,0.5,0.5,0,0.5,0.5,0,0.4111111111111111,0.014928811781970643
480,466,0,0.9827586206896552,58.0,0,,,0,,,0,0.0,1.0,1,0.0,1.0,1,0.4034482758620689,0.01608842960108463
721,154,0,0.0172413793103448,0.9827586206896552,0,0.75,0.25,0,,,0,0.0,1.0,1,0.0,1.0,1,0.646551724137931,0.6084127854815117
981,683,0,0.3174603174603174,1.4651162790697674,0,0.4444444444444444,0.5555555555555556,0,0.9990480723465016,0.0009519276534983,0,1.0,0.0,0,0.0,1.0,1,0.4478094331497473,0.015014615081313699
542,325,0,0.5217391304347826,2.090909090909091,0,0.7,0.3,0,0.9971711456859972,0.0028288543140028,0,0.0,1.0,1,0.0,1.0,1,0.5562179447758441,0.016271021791848226
1050,189,0,0.2037037037037037,1.255813953488372,0,0.6153846153846154,0.3846153846153846,0,0.9999844214921096,1.5578507890514248e-05,0,0.0,1.0,1,1.0,0.0,0,0.4361854518839142,0.011265510491296114
906,475,0,0.3787878787878788,0.6212121212121212,0,0.6,0.4,0,0.9997765226931048,0.0002234773068952,0,0.5,0.5,0,0.0,1.0,1,0.5042871197038032,0.015396679023917904
435,226,0,0.1785714285714285,1.2173913043478262,0,0.7692307692307693,0.2307692307692307,0,,,0,0.5,2.0,0,0.0,1.0,1,0.5104395604395604,0.01397248206693147
745,669,0,0.5490196078431373,0.4509803921568627,0,0.5,0.5,0,0.9999750315227026,2.496847729741201e-05,0,0.5,0.5,0,0.0,1.0,1,0.490201072126832,0.014690318436295287
1241,437,0,0.25,0.75,0,0.625,0.375,0,,,0,1.0,0.0,0,0.0,1.0,1,0.425,0.014928811781970643
831,700,0,0.358974358974359,1.56,0,0.6666666666666666,0.3333333333333333,0,,,0,0.0,1.0,1,0.0,1.0,1,0.5948717948717949,0.014987444970749922
128,312,0,0.2105263157894736,0.7894736842105263,0,0.6666666666666666,0.3333333333333333,0,0.99989999799996,0.00010000200004,0,0.0,1.0,1,1.0,0.0,0,0.4245814039087799,0.017618447763451204
1013,832,0,0.5918367346938775,2.45,0,0.7692307692307693,0.2307692307692307,0,,,0,0.5,2.0,0,0.0,1.0,1,0.4277864992150706,0.01397248206693147
1111,387,0,0.2622950819672131,1.3555555555555556,0,0.6666666666666666,0.3333333333333333,0,0.9998004523081016,0.0001995476918983,0,0.0,1.0,1,0.0,1.0,1,0.6142475598116037,0.7636590766184682
316,682,0,0.1044776119402985,0.8955223880597015,0,0.5,0.5,0,,,0,0.75,0.25,0,0.5,0.5,0,0.4291044776119402,0.014161893530373946
840,139,0,0.691358024691358,0.3086419753086419,0,0.4285714285714285,0.5714285714285714,0,,,0,0.5,0.5,0,0.0,1.0,1,0.4760141093474427,0.014687083339619357
49,139,0,0.3950617283950617,0.6049382716049383,0,0.2857142857142857,0.7142857142857143,0,,,0,0.0,1.0,1,0.0,1.0,1,0.6638447971781305,0.2970827366678756
580,668,0,0.0392156862745098,1.0408163265306123,0,0.9090909090909092,0.0909090909090909,0,0.9999883994756564,1.1600524343700336e-05,0,0.0,1.0,1,0.5,0.5,0,0.510341001031785,0.01793557921272677
758,634,0,0.5081967213114754,2.033333333333333,0,0.7,0.3,0,0.9998375040623984,0.0001624959376015,0,0.0,1.0,1,0.0,1.0,1,0.5583931549252252,0.015601007330278175
746,553,0,0.2142857142857142,0.7857142857142857,0,0.7,0.3,0,0.9999516285069332,4.837149306675266e-05,0,0.5,2.0,0,0.5,0.5,0,0.4171525314414704,0.015649282489794903
1297,214,0,0.025,0.975,0,0.7692307692307693,0.2307692307692307,0,,,0,0.0,1.0,1,0.5,0.5,0,0.5411538461538461,0.026593396660042786
1310,853,0,0.8108108108108109,5.285714285714286,0,0.3333333333333333,1.5,0,,,0,0.0,1.0,1,0.0,1.0,1,0.5711711711711712,0.013041003116871215
1084,58,0,0.6779661016949152,3.1052631578947367,0,0.6666666666666666,0.3333333333333333,0,,,0,0.0,1.0,1,0.0,1.0,1,0.5310734463276836,0.014987444970749922
573,661,0,0.15,1.1764705882352942,0,0.7,0.3,0,0.9999484567964868,5.154320351318475e-05,0,0.5,0.5,0,0.0,1.0,1,0.5300103086407026,0.01516339321261797
166,557,0,0.4090909090909091,0.5909090909090909,0,0.8,0.2,0,,,0,0.0,1.0,1,0.5,0.5,0,0.4581818181818182,0.01570204624343781
1314,664,0,0.05,0.95,0,0.7692307692307693,0.2307692307692307,0,,,0,0.0,1.0,1,1.0,0.0,0,0.4361538461538461,0.02335245558364787
140,90,0,0.7341772151898734,0.2658227848101265,0,0.5454545454545454,0.4545454545454545,0,,,0,0.5,0.5,0,0.0,1.0,1,0.4440736478711162,0.014687083339619357
1018,722,0,0.0,1.0,1,0.5,0.5,0,,,0,0.0,1.0,1,1.0,0.0,0,0.5,0.023005581616808015
1238,152,0,0.0769230769230769,0.9230769230769232,0,0.8461538461538461,0.1538461538461538,0,0.9996426529445396,0.0003573470554602,0,1.0,0.0,0,0.0,1.0,1,0.4154560847957075,0.016541801740517753
654,446,0,0.2156862745098039,1.275,0,0.7142857142857143,0.2857142857142857,0,0.9998048828077364,0.0001951171922636,0,0.0,1.0,1,1.0,0.0,0,0.414044625679349,0.015601007330278175
315,301,0,0.4324324324324324,0.5675675675675675,0,0.6363636363636364,0.3636363636363636,0,0.997639653815893,0.002360346184107,0,0.5,0.5,0,0.0,1.0,1,0.4867128554776077,0.01550063286171191
801,361,0,0.123076923076923,1.1403508771929824,0,0.7272727272727273,0.2727272727272727,0,0.9998514210515144,0.0001485789484855,0,0.5,0.5,0,0.5,0.5,0,0.429959785719767,0.014344796255749576
452,118,0,0.1521739130434782,1.1794871794871795,0,0.6,0.4,0,,,0,0.0,1.0,1,0.5,0.5,0,0.5495652173913044,0.01586311018000081
653,699,0,0.1666666666666666,0.8333333333333334,0,0.8,0.2,0,0.9995403451589988,0.0004596548410012,0,0.5,0.5,0,0.5,0.5,0,0.4067585976348669,0.014078844477883235
603,265,0,0.3484848484848485,1.5348837209302326,0,0.6363636363636364,0.3636363636363636,0,0.9998048923249518,0.0001951076750481,0,1.0,0.0,0,0.0,1.0,1,0.4030693245653126,0.014344600619743646
347,778,0,0.2653061224489796,1.3611111111111112,0,0.9166666666666666,0.0833333333333333,0,0.9999637063114724,3.6293688527565054e-05,0,0.0,1.0,1,0.0,1.0,1,0.5636127009145763,0.01471113787141753
344,716,0,0.1935483870967742,0.8064516129032258,0,0.7692307692307693,0.2307692307692307,0,0.9995744982625344,0.0004255017374654,0,0.0,1.0,1,1.0,0.0,0,0.4075292690819843,0.016922649249305356
972,272,0,0.3409090909090909,1.5172413793103448,0,0.7692307692307693,0.2307692307692307,0,,,0,0.0,1.0,1,0.5,0.5,0,0.477972027972028,0.014987444970749922
929,202,0,0.1428571428571428,0.8571428571428571,0,0.5,0.5,0,,,0,0.5,0.5,0,0.5,0.5,0,0.4714285714285714,0.014633252056663318
1067,579,0,0.4029850746268656,0.5970149253731343,0,0.4444444444444444,0.5555555555555556,0,0.9998952243247208,0.0001047756752792,0,0.5,0.5,0,0.0,1.0,1,0.5305350513207938,0.016099072842986457
721,176,0,0.7719298245614035,4.384615384615385,0,0.7142857142857143,0.2857142857142857,0,,,0,0.5,2.0,0,0.0,1.0,1,0.4027568922305765,0.01397248206693147
25,758,0,0.360655737704918,1.564102564102564,0,0.6,0.4,0,0.9999593669368764,4.063306312346357e-05,0,1.0,0.0,0,0.0,1.0,1,0.4078769790716411,0.013532266394257636
185,584,0,0.087719298245614,0.912280701754386,0,0.7,0.3,0,0.9998672595739032,0.0001327404260967,0,0.5,0.5,0,0.0,1.0,1,0.5424826884360965,0.016738341140979593
124,649,0,0.1875,1.2307692307692308,0,0.6153846153846154,0.3846153846153846,0,0.9992473421770628,0.0007526578229372,0,0.0,1.0,1,1.0,0.0,0,0.4395736084876643,0.016271021791848226
1038,41,0,0.5625,2.2857142857142856,0,0.375,0.625,0,,,0,0.0,1.0,1,0.0,1.0,1,0.6125,0.7577230233575821
236,493,0,0.0677966101694915,0.9322033898305084,0,0.8,0.2,0,,,0,0.0,1.0,1,0.5,0.5,0,0.5264406779661017,0.019681196394089478
894,103,0,0.0476190476190476,1.05,0,0.2,1.25,0,,,0,0.5,0.5,0,0.0,1.0,1,0.6504761904761904,0.9106541250100116
808,590,0,0.4615384615384615,0.5384615384615384,0,0.7692307692307693,0.2307692307692307,0,0.9991598207617624,0.0008401792382374,0,0.0,1.0,1,0.5,0.5,0,0.4540141896938013,0.016268693645153
885,490,0,0.746268656716418,3.941176470588236,0,0.5454545454545454,0.4545454545454545,0,,,0,0.0,1.0,1,0.5,0.5,0,0.4416553595658073,0.014987444970749922
375,21,0,0.3269230769230769,1.4857142857142858,0,0.5,0.5,0,0.9998896320331988,0.0001103679668013,0,0.5,0.5,0,0.0,1.0,1,0.534637458208745,0.01456307101928597
398,554,0,0.24,0.76,0,0.6,0.4,0,0.999939051643574,6.094835642598838e-05,0,1.0,0.0,0,0.0,1.0,1,0.4320121896712852,0.015616976824449437
156,281,0,0.4615384615384615,1.8571428571428568,0,0.7777777777777778,0.2222222222222222,0,,,0,0.0,1.0,1,0.5,0.5,0,0.4521367521367521,0.014987444970749922
321,659,0,0.4838709677419355,1.9375,0,0.5,0.5,0,,,0,1.0,0.0,0,0.0,1.0,1,0.4032258064516129,0.01397248206693147
423,107,0,0.4833333333333333,1.935483870967742,0,0.875,0.125,0,0.9998190045248868,0.0001809954751131,0,0.0,1.0,1,0.0,1.0,1,0.5283695324283559,0.015601007330278175
811,916,0,0.65625,2.909090909090909,0,0.2,0.8,0,,,0,0.0,1.0,1,0.0,1.0,1,0.6287499999999999,0.5660837544544827
312,37,0,0.087719298245614,1.0961538461538465,0,0.75,0.25,0,0.9998739442833732,0.0001260557166267,0,0.5,0.5,0,0.0,1.0,1,0.5324813514942026,0.015454992740089291
721,370,0,0.123076923076923,0.8769230769230769,0,0.8333333333333334,0.1666666666666666,0,,,0,0.0,1.0,1,0.0,1.0,1,0.6087179487179487,0.4807818978116596
1271,317,0,0.7647058823529411,4.25,0,0.8571428571428571,0.1428571428571428,0,,,0,0.0,1.0,1,0.0,1.0,1,0.4756302521008403,0.014987444970749922
837,290,0,0.574468085106383,2.35,0,0.6923076923076923,0.3076923076923077,0,,,0,0.0,1.0,1,0.5,0.5,0,0.4466448445171849,0.014987444970749922
820,515,0,0.1607142857142857,1.1914893617021276,0,0.2,1.25,0,0.9999152739827584,8.47260172417445e-05,0,0.0,1.0,1,1.0,0.0,0,0.5278740880605912,0.014134164549174738
120,748,0,0.5915492957746479,0.4084507042253521,0,0.7333333333333333,0.2666666666666666,0,0.999976605998222,2.339400177794413e-05,0,0.5,0.5,0,0.0,1.0,1,0.4350281529787594,0.014300173057631685
1116,890,0,0.0,1.0,1,0.8,0.2,0,0.9998984194059568,0.0001015805940433,0,0.0,1.0,1,1.0,0.0,0,0.4400203161188086,0.02463920287943171
1169,94,0,0.8636363636363636,7.333333333333333,0,0.8,5.0,0,,,0,0.0,1.0,1,0.0,1.0,1,0.4672727272727273,0.017111053838591603
972,746,0,0.3636363636363636,1.5714285714285714,0,0.8,0.2,0,0.9998387616897776,0.0001612383102225,0,0.0,1.0,1,0.0,1.0,1,0.5673049749347718,0.015601007330278175
501,262,0,0.28,0.72,0,0.5454545454545454,0.4545454545454545,0,,,0,0.0,1.0,1,1.0,0.0,0,0.4349090909090909,0.01570204624343781
1177,153,0,0.4761904761904761,1.9090909090909087,0,0.5454545454545454,0.4545454545454545,0,0.9997239856472536,0.0002760143527463,0,0.5,2.0,0,0.0,1.0,1,0.495726198541545,0.014344471272874337
985,179,0,0.1951219512195122,1.2424242424242424,0,0.6363636363636364,0.3636363636363636,0,,,0,0.0,1.0,1,0.5,0.5,0,0.5337028824833703,0.014987444970749922
370,310,0,0.6779661016949152,0.3220338983050847,0,0.0,1.0,1,,,0,0.75,0.25,0,0.5,0.5,0,0.4144067796610169,0.015762357672062507
1233,13,0,0.5918367346938775,2.45,0,0.5,0.5,0,0.999818949909475,0.000181050090525,0,0.0,1.0,1,0.0,1.0,1,0.5816688630793295,0.015601007330278175
1224,694,0,0.131578947368421,0.868421052631579,0,0.9090909090909092,0.0909090909090909,0,0.9999115102979892,8.848970201092847e-05,0,0.0,1.0,1,0.0,1.0,1,0.5918837266485362,0.017875633026104745
414,955,0,0.1923076923076923,0.8076923076923077,0,0.7272727272727273,0.2727272727272727,0,0.9998132760713284,0.0001867239286714,0,0.0,1.0,1,1.0,0.0,0,0.4161212608696504,0.016851880535377478
974,804,0,0.4523809523809524,0.5476190476190477,0,0.4444444444444444,0.5555555555555556,0,,,0,0.0,1.0,1,1.0,0.0,0,0.4206349206349206,0.01570204624343781
837,784,0,0.1276595744680851,1.146341463414634,0,0.6923076923076923,0.3076923076923077,0,0.9999092575452352,9.07424547648863e-05,0,0.5,0.5,0,0.5,0.5,0,0.4360246951357975,0.01589135318506704
1118,17,0,0.3559322033898305,0.6440677966101694,0,0.5714285714285714,0.4285714285714285,0,0.999878103287148,0.0001218967128519,0,1.0,0.0,0,0.0,1.0,1,0.41455222437889,0.01564157524219905
875,109,0,0.1964285714285714,0.8035714285714286,0,0.625,0.375,0,,,0,0.0,1.0,1,0.5,0.5,0,0.5357142857142858,0.015943774685789096
330,796,0,0.8970588235294118,9.714285714285714,0,0.0,1.0,1,,,0,0.0,1.0,1,1.0,0.0,0,0.4205882352941176,0.020537596798645558
994,603,0,0.4262295081967213,0.5737704918032787,0,0.2,1.25,0,,,0,0.0,1.0,1,0.0,1.0,1,0.6747540983606557,0.37665999728530797
382,412,0,0.5178571428571429,2.074074074074074,0,0.7333333333333333,0.2666666666666666,0,0.999976605998222,2.339400177794413e-05,0,0.0,1.0,1,0.0,1.0,1,0.5497665835622604,0.014290374293798494
156,374,0,0.6923076923076923,3.25,0,0.3333333333333333,0.6666666666666666,0,,,0,0.0,1.0,1,0.5,0.5,0,0.4948717948717949,0.014019740393557635
1222,425,0,0.0869565217391304,1.0952380952380951,0,0.2,0.8,0,0.999956985547144,4.301445285615967e-05,0,0.5,0.5,0,1.0,0.0,0,0.4426172985427452,0.011511566270948792
150,651,0,0.4788732394366197,0.5211267605633803,0,0.9230769230769232,0.0769230769230769,0,,,0,0.0,1.0,1,0.0,1.0,1,0.5196099674972914,0.01570204624343781
1270,867,0,0.1777777777777777,0.8222222222222222,0,0.6153846153846154,0.3846153846153846,0,,,0,0.0,1.0,1,1.0,0.0,0,0.4413675213675214,0.013900444745936961
627,594,0,0.0227272727272727,0.9772727272727272,0,0.375,0.625,0,0.9995065688028124,0.0004934311971874,0,0.0,1.0,1,0.0,1.0,1,0.720553231693983,0.5016683751670464
472,146,0,0.0888888888888888,0.9111111111111112,0,0.4285714285714285,0.5714285714285714,0,0.9999291031549096,7.089684509039348e-05,0,0.0,1.0,1,0.5,0.5,0,0.5965221158769547,0.02189798848824402
790,165,0,0.2638888888888889,0.7361111111111112,0,0.4285714285714285,0.5714285714285714,0,,,0,0.0,1.0,1,0.0,1.0,1,0.6615079365079366,0.2677897189619252
713,21,0,0.125,1.1428571428571428,0,0.7,0.3,0,0.9999779264066396,2.207359336026312e-05,0,0.0,1.0,1,0.0,1.0,1,0.635004414718672,0.5230320924206074
681,680,0,0.6410256410256411,0.358974358974359,0,0.7272727272727273,0.2727272727272727,0,,,0,0.0,1.0,1,0.0,1.0,1,0.5263403263403263,0.01570204624343781
1060,393,0,0.3103448275862069,0.6896551724137931,0,0.5454545454545454,0.4545454545454545,0,0.9998630136986302,0.0001369863013698,0,0.5,2.0,0,0.0,1.0,1,0.5288675226521236,0.015396679023917904
650,181,0,0.2622950819672131,1.3555555555555556,0,0.8,0.2,0,0.9999369721416866,6.302785831337451e-05,0,0.0,1.0,1,0.0,1.0,1,0.58755358917822,0.016284488903393478
301,249,0,0.054054054054054,0.945945945945946,0,0.6923076923076923,0.3076923076923077,0,,,0,0.0,1.0,1,0.5,0.5,0,0.5507276507276507,0.02306160441656897
848,571,0,0.8688524590163934,7.625,0,0.25,1.3333333333333333,0,,,0,0.0,1.0,1,0.0,1.0,1,0.5762295081967214,0.01711348362709964
1252,416,0,0.4393939393939394,1.7837837837837838,0,0.7692307692307693,0.2307692307692307,0,0.9998909640337076,0.0001090359662923,0,0.0,1.0,1,0.5,0.5,0,0.4582968654683167,0.016284488903393478
1222,523,0,0.2753623188405797,1.38,0,0.3333333333333333,0.6666666666666666,0,,,0,0.0,1.0,1,1.0,0.0,0,0.4782608695652174,0.014019740393557635
1179,101,0,0.6835443037974683,0.3164556962025316,0,0.0,1.0,1,,,0,0.5,0.5,0,0.0,1.0,1,0.5632911392405063,0.02065719110994037
123,833,0,0.131578947368421,0.868421052631579,0,0.9,0.1,0,0.9998343913883522,0.0001656086116478,0,0.0,1.0,1,0.0,1.0,1,0.5937173322486453,0.016954742199876045
140,51,0,0.4878048780487805,0.5121951219512195,0,0.5833333333333334,0.4166666666666667,0,0.9999405681683108,5.943183168905266e-05,0,0.5,0.5,0,0.0,1.0,1,0.485784244089915,0.015349429607913308
909,99,0,0.16,0.84,0,0.6153846153846154,0.3846153846153846,0,0.9996367269094542,0.0003632730905458,0,0.0,1.0,1,1.0,0.0,0,0.444995731541186,0.01696430026887612
316,979,0,0.0625,0.9375,0,0.8125,0.1875,0,,,0,0.0,1.0,1,0.5,0.5,0,0.525,0.019681196394089478
423,802,0,0.4833333333333333,1.935483870967742,0,0.9166666666666666,0.0833333333333333,0,,,0,0.0,1.0,1,0.0,1.0,1,0.52,0.014987444970749922
1100,462,0,0.5625,2.2857142857142856,0,0.375,0.625,0,,,0,1.0,0.0,0,0.0,1.0,1,0.4125,0.01397248206693147
797,232,0,0.75,4.0,0,0.2,0.8,0,,,0,0.5,2.0,0,0.0,1.0,1,0.51,0.011362629834914739
446,367,0,0.0196078431372549,0.9803921568627452,0,0.9,0.1,0,0.9997872491312672,0.0002127508687327,0,0.0,1.0,1,0.5,0.5,0,0.5161209815462955,0.026312505209616144
666,366,0,0.1269841269841269,1.1454545454545455,0,0.5,0.5,0,,,0,1.0,0.0,0,0.0,1.0,1,0.4746031746031746,0.014827639370248467
310,296,0,0.1052631578947368,0.8947368421052632,0,0.375,0.625,0,,,0,0.75,0.25,0,0.0,1.0,1,0.5539473684210526,0.014161893530373946
1046,948,0,0.0612244897959183,1.065217391304348,0,0.7,0.3,0,0.999869755864604,0.000130244135396,0,0.0,1.0,1,1.0,0.0,0,0.4477811508678955,0.017829289880641197
885,916,0,0.835820895522388,6.090909090909091,0,0.0,1.0,1,,,0,0.0,1.0,1,0.0,1.0,1,0.6328358208955225,0.5682367062693728
1016,328,0,0.28125,1.391304347826087,0,0.6153846153846154,0.3846153846153846,0,0.9999691881066092,3.081189339084887e-05,0,0.5,0.5,0,0.0,1.0,1,0.5206792393017551,0.013644054044999203
95,288,0,0.4912280701754385,0.5087719298245614,0,0.7692307692307693,0.2307692307692307,0,0.9999756690997568,2.4330900243309e-05,0,0.0,1.0,1,0.0,1.0,1,0.5479130982988071,0.015757402262713615
820,725,0,0.4821428571428571,1.9310344827586208,0,0.2857142857142857,0.7142857142857143,0,0.9999163547395497,8.364526045042973e-05,0,0.0,1.0,1,1.0,0.0,0,0.4464453004806615,0.015158109475066977
960,763,0,0.425,1.7391304347826086,0,0.8,0.2,0,,,0,0.0,1.0,1,0.5,0.5,0,0.4549999999999999,0.014987444970749922
183,931,0,0.3333333333333333,1.5,0,0.9230769230769232,0.0769230769230769,0,0.99987104639985,0.00012895360015,0,0.0,1.0,1,0.0,1.0,1,0.5487437394379787,0.015841048096201946
1115,119,0,0.3409090909090909,0.6590909090909091,0,0.0,1.0,1,0.999951220701934,4.8779298065900834e-05,0,0.0,1.0,1,1.0,0.0,0,0.531827937677795,0.02179604405559346
644,657,0,0.1666666666666666,0.8333333333333334,0,0.75,0.25,0,0.9995801526717556,0.0004198473282442,0,0.0,1.0,1,0.0,1.0,1,0.6167506361323156,0.4189021529417359
964,333,0,0.4772727272727273,1.9130434782608696,0,0.9333333333333332,0.0666666666666666,0,0.999937685968438,6.231403156205699e-05,0,0.0,1.0,1,0.5,0.5,0,0.4178912506851002,0.016284488903393478
1078,762,0,0.2222222222222222,1.2857142857142858,0,0.375,0.625,0,0.9999580105393546,4.198946064537801e-05,0,0.0,1.0,1,1.0,0.0,0,0.4805639534476846,0.014892362888805919
837,270,0,0.175438596491228,0.8245614035087719,0,0.6363636363636364,0.3636363636363636,0,0.999898421469638,0.0001015785303618,0,0.5,0.5,0,0.0,1.0,1,0.5376598691350994,0.01427889419796696
702,314,0,0.5573770491803278,2.259259259259259,0,0.6923076923076923,0.3076923076923077,0,0.9997199663959676,0.0002800336040324,0,0.5,2.0,0,0.0,1.0,1,0.4501190584232025,0.014344471272874337
973,383,0,0.1475409836065573,1.1730769230769231,0,0.4444444444444444,0.5555555555555556,0,0.9999821765943036,1.782340569636046e-05,0,0.5,0.5,0,0.5,0.5,0,0.4816064790709389,0.011847937617154004
232,552,0,0.2222222222222222,0.7777777777777778,0,0.5,0.5,0,0.9995745887691436,0.0004254112308564,0,0.0,1.0,1,1.0,0.0,0,0.4556406378017268,0.016922649249305356
1252,936,0,0.6363636363636364,2.75,0,0.7692307692307693,0.2307692307692307,0,,,0,0.5,2.0,0,0.0,1.0,1,0.4188811188811188,0.01397248206693147
476,780,0,0.5454545454545454,2.2,0,0.2,0.8,0,,,0,0.0,1.0,1,1.0,0.0,0,0.450909090909091,0.012078615021998224
808,479,0,0.3333333333333333,0.6666666666666666,0,0.7692307692307693,0.2307692307692307,0,0.9997804985122676,0.0002195014877323,0,0.0,1.0,1,0.0,1.0,1,0.579531079784726,0.01665308573445243
357,850,0,0.3181818181818182,1.4666666666666666,0,0.6153846153846154,0.3846153846153846,0,,,0,0.0,1.0,1,1.0,0.0,0,0.4132867132867133,0.014987444970749922
1158,637,0,0.2982456140350877,1.425,0,0.7272727272727273,0.2727272727272727,0,0.9998374710495308,0.0001625289504693,0,0.5,0.5,0,0.0,1.0,1,0.4949288375285309,0.014344600619743646
718,12,0,0.0,1.0,1,0.8,0.2,0,0.9997164126196384,0.0002835873803615,0,0.0,1.0,1,0.5,0.5,0,0.5400567174760723,0.0224187798392663
953,825,0,0.6086956521739131,0.391304347826087,0,0.7272727272727273,0.2727272727272727,0,0.9999525109818356,4.7489018164549446e-05,0,0.0,1.0,1,0.0,1.0,1,0.5328158219143049,0.016446023657652235
15,301,0,0.3513513513513513,0.6486486486486487,0,0.5454545454545454,0.4545454545454545,0,0.994492525570417,0.005507474429583,0,1.0,0.0,0,0.0,1.0,1,0.4217403155247372,0.01550073394587708
719,110,0,0.0408163265306122,0.9591836734693876,0,0.7272727272727273,0.2727272727272727,0,,,0,0.0,1.0,1,1.0,0.0,0,0.4463821892393321,0.026593396660042786
58,879,0,0.0689655172413793,0.9310344827586208,0,0.6666666666666666,0.3333333333333333,0,0.9994439810953571,0.0005560189046427,0,0.0,1.0,1,1.0,0.0,0,0.4529847669993193,0.02084206564007986
878,999,0,0.2962962962962963,1.4210526315789471,0,0.875,0.125,0,,,0,0.0,1.0,1,0.5,0.5,0,0.4657407407407407,0.014987444970749922
180,650,0,0.2631578947368421,1.3571428571428572,0,0.6153846153846154,0.3846153846153846,0,,,0,0.0,1.0,1,1.0,0.0,0,0.4242914979757085,0.014987444970749922
1067,198,0,0.175,1.2121212121212122,0,0.1666666666666666,0.8333333333333334,0,0.999884529225653,0.000115470774347,0,0.5,0.5,0,0.0,1.0,1,0.631689760821536,0.5262927111717998
381,656,0,0.2166666666666666,0.7833333333333333,0,0.7,0.3,0,,,0,0.0,1.0,1,1.0,0.0,0,0.4166666666666667,0.015943774685789096
1200,36,0,0.5,2.0,0,0.5,0.5,0,,,0,0.5,2.0,0,0.5,0.5,0,0.4,0.01397248206693147
206,51,0,0.3387096774193548,1.5121951219512195,0,0.75,0.25,0,0.9999049090692976,9.509093070248424e-05,0,0.0,1.0,1,0.0,1.0,1,0.5822770827022696,0.016284488903393478
1271,238,0,0.0784313725490196,1.0851063829787233,0,0.9090909090909092,0.0909090909090909,0,0.996887159533074,0.003112840466926,0,0.5,0.5,0,0.0,1.0,1,0.5031181117653996,0.015421421513194644
379,849,0,0.06,1.0638297872340423,0,0.8461538461538461,0.1538461538461538,0,0.999870418763363,0.0001295812366369,0,0.0,1.0,1,0.0,1.0,1,0.6187951470165581,0.5360431504757139
883,800,0,0.1866666666666666,0.8133333333333334,0,0.6,0.4,0,,,0,0.0,1.0,1,0.0,1.0,1,0.6426666666666667,0.5022293627450943
1116,698,0,0.15,0.85,0,0.8,0.2,0,0.9997910659813632,0.0002089340186369,0,0.0,1.0,1,1.0,0.0,0,0.4100417868037273,0.016484634303199967
602,201,0,0.3725490196078431,0.6274509803921569,0,0.625,0.375,0,,,0,0.0,1.0,1,0.0,1.0,1,0.6004901960784313,0.10740893718827282
150,124,0,0.1956521739130435,0.8043478260869565,0,0.9090909090909092,0.0909090909090909,0,0.9995888399412628,0.0004111600587371,0,0.0,1.0,1,0.5,0.5,0,0.4791336154109569,0.016052071531373557
592,155,0,0.0317460317460317,1.0327868852459017,0,0.5,0.5,0,0.999902446162476,9.75538375240836e-05,0,0.0,1.0,1,1.0,0.0,0,0.4936703044182985,0.028612673187061944
20,270,0,0.1363636363636363,1.1578947368421053,0,0.5454545454545454,0.4545454545454545,0,0.9998781057635658,0.0001218942364341,0,1.0,0.0,0,0.0,1.0,1,0.4636607424836505,0.015315346558509793
689,980,0,0.0392156862745098,0.9607843137254902,0,0.7272727272727273,0.2727272727272727,0,0.9996032008465048,0.0003967991534951,0,0.5,0.5,0,0.0,1.0,1,0.5467816771212516,0.022984651918916365
672,54,0,0.8409090909090909,6.285714285714286,0,0.0,1.0,1,,,0,0.0,1.0,1,1.0,0.0,0,0.4318181818181818,0.020546566959329226
5,42,0,0.0769230769230769,1.0833333333333333,0,0.8333333333333334,0.1666666666666666,0,,,0,1.0,0.0,0,0.0,1.0,1,0.4179487179487179,0.014556774721872794
605,709,0,0.6363636363636364,0.3636363636363636,0,0.9,0.1,0,0.9997858580667266,0.0002141419332733,0,0.0,1.0,1,0.0,1.0,1,0.4927701011139274,0.01665308573445243
543,173,0,0.4081632653061224,0.5918367346938775,0,0.75,0.25,0,0.9998767524264366,0.0001232475735633,0,0.0,1.0,1,0.0,1.0,1,0.5683919964534881,0.01689798195273358
489,91,0,0.3066666666666666,0.6933333333333334,0,0.625,0.375,0,,,0,0.0,1.0,1,1.0,0.0,0,0.4136666666666667,0.01570204624343781
1016,183,0,0.640625,2.782608695652174,0,0.5454545454545454,0.4545454545454545,0,,,0,0.0,1.0,1,0.5,0.5,0,0.4627840909090909,0.014987444970749922
496,980,0,0.1052631578947368,1.1176470588235294,0,0.8181818181818182,0.1818181818181818,0,0.9993386680775082,0.0006613319224918,0,0.0,1.0,1,1.0,0.0,0,0.4154432711691873,0.016416486781291432
709,699,0,0.0,1.0,1,0.5,0.5,0,0.999665705570181,0.000334294429819,0,0.5,0.5,0,0.5,0.5,0,0.5000668588859638,0.02134664679597607
609,508,0,0.2452830188679245,0.7547169811320755,0,0.2,1.25,0,0.9998089699233758,0.0001910300766242,0,0.5,0.5,0,0.0,1.0,1,0.61098160224174,0.5715189413076086
170,119,0,0.0638297872340425,1.068181818181818,0,0.8,0.2,0,0.9998536621058024,0.0001463378941977,0,0.0,1.0,1,1.0,0.0,0,0.427263310132031,0.017829289880641197
123,304,0,0.131578947368421,0.868421052631579,0,0.9230769230769232,0.0769230769230769,0,,,0,0.0,1.0,1,0.5,0.5,0,0.4890688259109311,0.015814110177974437
811,427,0,0.375,1.6,0,0.6363636363636364,0.3636363636363636,0,0.999812030075188,0.000187969924812,0,0.5,0.5,0,0.0,1.0,1,0.4977648667122351,0.014344600619743646
778,702,0,0.3673469387755102,0.6326530612244898,0,0.5,0.5,0,,,0,1.0,0.0,0,0.0,1.0,1,0.4265306122448979,0.014687083339619357
722,647,0,0.5714285714285714,2.333333333333333,0,0.6,0.4,0,,,0,0.0,1.0,1,1.0,0.0,0,0.3657142857142857,0.014987444970749922
775,652,0,0.0,1.0,1,0.8333333333333334,0.1666666666666666,0,,,0,1.0,0.0,0,0.5,0.5,0,0.3333333333333333,0.02214256480346316
813,316,0,0.140625,1.1636363636363636,0,0.5833333333333334,0.4166666666666667,0,,,0,1.0,0.0,0,0.5,0.5,0,0.3552083333333333,0.014827639370248467
325,787,0,0.2542372881355932,0.7457627118644068,0,0.7894736842105263,0.2105263157894736,0,0.9998969114675684,0.0001030885324316,0,0.0,1.0,1,1.0,0.0,0,0.3912784232372625,0.017618447763451204
452,549,0,0.6956521739130435,3.2857142857142856,0,0.7777777777777778,0.2222222222222222,0,,,0,0.5,2.0,0,0.0,1.0,1,0.4053140096618358,0.01397248206693147
260,431,0,0.5142857142857142,2.0588235294117645,0,0.8,0.2,0,,,0,0.5,2.0,0,1.0,0.0,0,0.2371428571428571,0.01397248206693147
699,626,0,0.5185185185185185,0.4814814814814814,0,0.6923076923076923,0.3076923076923077,0,,,0,1.0,0.0,0,1.0,0.0,0,0.1578347578347578,0.014687083339619357
694,360,0,0.2666666666666666,0.7333333333333333,0,0.6363636363636364,0.3636363636363636,0,0.9998938721796532,0.0001061278203468,0,0.0,1.0,1,0.0,1.0,1,0.6194151649580089,0.15488196343142008
1269,512,0,0.2698412698412698,1.3695652173913044,0,0.9,0.1,0,0.9999132960506352,8.670394936489357e-05,0,0.0,1.0,1,0.0,1.0,1,0.566049086821619,0.016284488903393478
1066,736,0,0.1538461538461538,1.181818181818182,0,0.875,0.125,0,,,0,0.5,0.5,0,1.0,0.0,0,0.2942307692307692,0.014827639370248467
736,886,0,0.425,0.575,0,0.9166666666666666,0.0833333333333333,0,0.9994735610669162,0.0005264389330837,0,0.5,0.5,0,0.0,1.0,1,0.4317719544532834,0.01580050036388529
169,921,0,0.0975609756097561,1.108108108108108,0,0.9230769230769232,0.0769230769230769,0,0.999951223081238,4.87769187620418e-05,0,0.0,1.0,1,0.0,1.0,1,0.5958821756464165,0.017989266826674222
1122,503,0,0.2982456140350877,0.7017543859649122,0,0.8571428571428571,0.1428571428571428,0,,,0,0.0,1.0,1,0.0,1.0,1,0.568922305764411,0.01570204624343781
968,520,0,0.5166666666666667,2.0689655172413794,0,0.7272727272727273,0.2727272727272727,0,0.9996689107162564,0.0003310892837435,0,0.0,1.0,1,0.0,1.0,1,0.5512783390688699,0.015600877983408862
354,799,0,0.217391304347826,1.2777777777777777,0,0.6363636363636364,0.3636363636363636,0,,,0,1.0,0.0,0,1.0,0.0,0,0.2292490118577075,0.01397248206693147
324,314,0,0.15625,1.1851851851851851,0,0.6153846153846154,0.3846153846153846,0,0.999066554653225,0.0009334453467749,0,1.0,0.0,0,1.0,0.0,0,0.2458597659924319,0.015996911283404032
685,837,0,0.4594594594594595,0.5405405405405406,0,0.6153846153846154,0.3846153846153846,0,0.999891109054282,0.0001088909457178,0,1.0,0.0,0,0.0,1.0,1,0.3850529632203286,0.016099072842986457
506,494,0,0.543859649122807,0.4561403508771929,0,0.8181818181818182,0.1818181818181818,0,0.999817154930722,0.0001828450692779,0,0.0,1.0,1,1.0,0.0,0,0.3276282755529305,0.01665308573445243
54,115,0,0.048780487804878,0.951219512195122,0,0.6923076923076923,0.3076923076923077,0,0.9999881122206372,1.1887779362815024e-05,0,0.0,1.0,1,1.0,0.0,0,0.4517847415333585,0.015896525336850438
73,72,0,0.2142857142857142,0.7857142857142857,0,0.6153846153846154,0.3846153846153846,0,0.9989526801866132,0.0010473198133866,0,0.5,0.5,0,0.0,1.0,1,0.5342753980286113,0.017490698966548996
1146,841,0,0.6226415094339622,0.3773584905660377,0,0.5454545454545454,0.4545454545454545,0,0.9998089699233758,0.0001910300766242,0,0.0,1.0,1,0.0,1.0,1,0.5664189950376233,0.01665308573445243
1084,55,0,0.135593220338983,1.156862745098039,0,0.6666666666666666,0.3333333333333333,0,,,0,0.5,0.5,0,0.0,1.0,1,0.53954802259887,0.014827639370248467
102,280,0,0.4166666666666667,1.7142857142857142,0,0.9230769230769232,0.0769230769230769,0,,,0,1.0,0.0,0,1.0,0.0,0,0.132051282051282,0.01397248206693147
746,334,0,0.6071428571428571,0.3928571428571428,0,0.625,0.375,0,0.999969074077892,3.0925922107910854e-05,0,0.0,1.0,1,0.5,0.5,0,0.4535776137558501,0.015757402262713615
643,172,0,0.36,0.64,0,0.6,2.5,0,,,0,1.0,0.0,0,1.0,0.0,0,0.208,0.013576858334651004
964,313,0,0.0833333333333333,0.9166666666666666,0,0.0,1.0,1,0.999928960875202,7.103912479798249e-05,0,0.5,0.5,0,0.5,0.5,0,0.5833475411582929,0.03632663105706249
87,742,0,0.7313432835820896,0.2686567164179104,0,0.875,0.125,0,,,0,1.0,0.0,0,1.0,0.0,0,0.078731343283582,0.014687083339619357
1191,14,0,0.5,2.0,0,0.6363636363636364,0.3636363636363636,0,,,0,0.0,1.0,1,0.0,1.0,1,0.5727272727272728,0.014987444970749922
576,827,0,0.1481481481481481,0.8518518518518519,0,0.5,0.5,0,,,0,1.0,0.0,0,0.5,0.5,0,0.3703703703703703,0.014633252056663318
932,856,0,0.2456140350877192,1.3255813953488371,0,0.9,0.1,0,,,0,0.0,1.0,1,1.0,0.0,0,0.3708771929824561,0.014987444970749922
548,372,0,0.1702127659574468,0.8297872340425532,0,0.5833333333333334,0.4166666666666667,0,,,0,1.0,0.0,0,1.0,0.0,0,0.2492907801418439,0.012995042667031477
936,153,0,0.0909090909090909,0.9090909090909092,0,0.6363636363636364,0.3636363636363636,0,0.9999447971294508,5.520287054926856e-05,0,0.0,1.0,1,0.0,1.0,1,0.6545564951195644,0.5242019060072227
316,600,0,0.5,2.0,0,0.7,0.3,0,0.9999390652611052,6.093473889464384e-05,0,0.75,0.25,0,0.0,1.0,1,0.4100121869477789,0.014283017964391713
882,119,0,0.2542372881355932,1.3409090909090908,0,0.8,0.2,0,0.9998780517548352,0.0001219482451647,0,0.5,0.5,0,1.0,0.0,0,0.2891769320219143,0.014584641385667417
670,364,0,0.2321428571428571,0.7678571428571429,0,0.5833333333333334,0.4166666666666667,0,,,0,0.0,1.0,1,1.0,0.0,0,0.4369047619047618,0.015943774685789096
662,958,0,0.5,2.0,0,0.6923076923076923,0.3076923076923077,0,0.9997882029016204,0.0002117970983797,0,0.5,0.5,0,0.5,0.5,0,0.3615808209581375,0.014344600619743646
101,995,0,0.3181818181818182,0.6818181818181818,0,0.9,0.1,0,0.9999455545271412,5.444547285893178e-05,0,0.0,1.0,1,0.5,0.5,0,0.4563745254582081,0.015592614015112404
593,772,0,0.9821428571428572,56.0,0,,,0,,,0,1.0,0.0,0,0.5,0.5,0,0.1035714285714285,0.014944270290941015
560,310,0,0.1186440677966101,0.8813559322033898,0,0.8,0.2,0,,,0,0.75,0.25,0,1.0,0.0,0,0.266271186440678,0.014097233132338868
1017,687,0,0.423728813559322,0.576271186440678,0,0.375,0.625,0,0.999889997799956,0.000110002200044,0,0.0,1.0,1,1.0,0.0,0,0.4402762377281444,0.01687183257974622
190,705,0,0.8421052631578947,6.333333333333333,0,0.0,1.0,1,,,0,0.0,1.0,1,0.0,1.0,1,0.631578947368421,0.9073206508895341
994,387,0,0.2222222222222222,0.7777777777777778,0,0.5833333333333334,0.4166666666666667,0,0.9997782803423352,0.0002217196576648,0,0.5,0.5,0,0.0,1.0,1,0.5389332328204219,0.01559547382484295
1221,640,0,0.7941176470588235,4.857142857142857,0,0.3333333333333333,0.6666666666666666,0,,,0,0.0,1.0,1,1.0,0.0,0,0.3745098039215686,0.013928538395414964
440,10,0,0.0344827586206896,0.9655172413793104,0,0.625,0.375,0,0.9999575488718612,4.245112813873029e-05,0,0.0,1.0,1,1.0,0.0,0,0.4681119385014899,0.027498521589316875
890,209,0,,,0,,,0,,,0,,,0,,,0,0.0,0.023965448231401874
998,525,0,0.3958333333333333,0.6041666666666666,0,0.6,0.4,0,,,0,1.0,0.0,0,1.0,0.0,0,0.2008333333333333,0.014687083339619357
616,163,0,0.4583333333333333,1.8461538461538465,0,0.7692307692307693,0.2307692307692307,0,,,0,1.0,0.0,0,0.5,0.5,0,0.2544871794871794,0.01397248206693147
939,165,0,0.4722222222222222,0.5277777777777778,0,0.2857142857142857,0.7142857142857143,0,,,0,1.0,0.0,0,1.0,0.0,0,0.2484126984126984,0.01358821253085
551,836,0,0.913793103448276,11.6,0,1.0,,0,,,0,0.5,2.0,0,1.0,0.0,0,0.1172413793103448,0.013899403167636312
1214,989,0,0.2857142857142857,0.7142857142857143,0,0.0,1.0,1,,,0,1.0,0.0,0,1.0,0.0,0,0.3428571428571428,0.01742828423862559
1264,555,0,0.0526315789473684,0.9473684210526316,0,0.8333333333333334,0.1666666666666666,0,,,0,0.0,1.0,1,0.5,0.5,0,0.5228070175438597,0.02306160441656897
264,839,0,0.7666666666666667,4.285714285714286,0,0.6,2.5,0,,,0,1.0,0.0,0,1.0,0.0,0,0.1266666666666666,0.012984439229018922
1058,990,0,0.2711864406779661,1.372093023255814,0,0.8,0.2,0,0.999861118826732,0.0001388811732681,0,0.5,0.5,0,0.0,1.0,1,0.4857904880990604,0.014344600619743646
859,141,0,0.2424242424242424,1.32,0,0.8181818181818182,0.1818181818181818,0,0.9978738483345144,0.0021261516654854,0,1.0,0.0,0,1.0,0.0,0,0.1883040182118849,0.015014615081313699
663,448,0,0.984375,64.0,0,,,0,,,0,1.0,0.0,0,0.5,0.5,0,0.103125,0.014942396706262876
1112,392,0,0.7272727272727273,0.2727272727272727,0,0.75,0.25,0,,,0,0.5,0.5,0,0.5,0.5,0,0.3045454545454545,0.014687083339619357
433,80,0,0.5733333333333334,0.4266666666666667,0,0.6923076923076923,0.3076923076923077,0,,,0,1.0,0.0,0,0.5,0.5,0,0.2468717948717948,0.014687083339619357
1102,755,0,0.421875,1.7297297297297298,0,0.8666666666666667,0.1333333333333333,0,0.999940561103186,5.943889681407513e-05,0,1.0,0.0,0,1.0,0.0,0,0.1423035544460294,0.014283017964391713
54,433,0,0.9743589743589745,39.0,0,,,0,,,0,0.5,2.0,0,1.0,0.0,0,0.1051282051282051,0.014944270290941015
633,469,0,0.62,2.631578947368421,0,0.75,0.25,0,,,0,1.0,0.0,0,1.0,0.0,0,0.126,0.01397248206693147
1212,150,0,0.6785714285714286,0.3214285714285714,0,0.7,0.3,0,,,0,1.0,0.0,0,1.0,0.0,0,0.1242857142857142,0.014687083339619357
404,180,0,1.0,,0,,,0,,,0,0.5,2.0,0,1.0,0.0,0,0.1,0.015690009573273375
322,907,0,0.1020408163265306,0.8979591836734694,0,0.5454545454545454,0.4545454545454545,0,,,0,0.5,0.5,0,1.0,0.0,0,0.3705009276437848,0.016067160162844537
1241,44,0,0.4814814814814814,1.9285714285714288,0,0.7692307692307693,0.2307692307692307,0,0.9999530577038176,4.694229618241776e-05,0,1.0,0.0,0,0.5,0.5,0,0.2498669383167863,0.01431194524985129
834,232,0,0.6666666666666666,3.0,0,0.2,0.8,0,,,0,1.0,0.0,0,0.0,1.0,1,0.4266666666666666,0.011362629834914739
254,292,0,0.2025316455696202,0.7974683544303798,0,0.5,0.5,0,,,0,1.0,0.0,0,1.0,0.0,0,0.2594936708860759,0.014928811781970643
256,490,0,0.66,2.9411764705882355,0,0.8181818181818182,0.1818181818181818,0,,,0,0.0,1.0,1,1.0,0.0,0,0.3043636363636363,0.014987444970749922
1314,586,0,0.1739130434782608,0.8260869565217391,0,0.7692307692307693,0.2307692307692307,0,0.9999367968651244,6.320313487548983e-05,0,0.0,1.0,1,1.0,0.0,0,0.411383878085169,0.01556039939728098
954,493,0,0.3389830508474576,0.6610169491525424,0,0.9,0.1,0,,,0,0.0,1.0,1,1.0,0.0,0,0.3522033898305085,0.01570204624343781
18,84,0,0.8620689655172413,7.25,0,,,0,,,0,1.0,0.0,0,0.0,1.0,1,0.2275862068965517,0.014944270290941015
354,243,0,0.2923076923076923,0.7076923076923077,0,0.6923076923076923,0.3076923076923077,0,,,0,1.0,0.0,0,1.0,0.0,0,0.203076923076923,0.014687083339619357
1109,843,0,0.7164179104477612,3.526315789473684,0,0.9166666666666666,0.0833333333333333,0,,,0,0.0,1.0,1,1.0,0.0,0,0.2733830845771144,0.014987444970749922
1127,637,0,0.15,0.85,0,0.8181818181818182,0.1818181818181818,0,0.9999187355247654,8.126447523465118e-05,0,0.5,0.5,0,1.0,0.0,0,0.3063798892586832,0.016128575147919714
734,649,0,0.4358974358974359,0.5641025641025641,0,0.6153846153846154,0.3846153846153846,0,0.9992473421770628,0.0007526578229372,0,0.5,0.5,0,1.0,0.0,0,0.2898941213081771,0.014072428528437248
536,670,0,0.2923076923076923,0.7076923076923077,0,0.6,0.4,0,,,0,0.5,0.5,0,0.5,0.5,0,0.4215384615384615,0.014687083339619357
1048,762,0,0.1764705882352941,1.2142857142857142,0,0.875,0.125,0,0.9998530368877412,0.0001469631122588,0,0.0,1.0,1,0.0,1.0,1,0.589735274975393,0.015601007330278175
810,58,0,0.4411764705882353,1.7894736842105263,0,0.75,0.25,0,,,0,0.0,1.0,1,0.0,1.0,1,0.5617647058823529,0.014987444970749922
956,366,0,0.0350877192982456,1.0363636363636364,0,0.6,0.4,0,,,0,0.5,0.5,0,1.0,0.0,0,0.3729824561403508,0.02602545728110943
981,539,0,0.0634920634920634,1.0677966101694916,0,0.2,1.25,0,,,0,1.0,0.0,0,0.0,1.0,1,0.5473015873015873,0.014567243748024523
1163,338,0,0.1451612903225806,1.169811320754717,0,0.8125,0.1875,0,0.9999762244412744,2.377555872563005e-05,0,0.5,0.5,0,1.0,0.0,0,0.308472497047229,0.014312750407919128
1229,844,0,0.25,1.3333333333333333,0,0.5,0.5,0,,,0,0.5,2.0,0,0.0,1.0,1,0.55,0.01397248206693147
437,482,0,0.9387755102040816,16.333333333333332,0,,,0,,,0,1.0,0.0,0,0.5,0.5,0,0.1122448979591836,0.014944270290941015
701,768,0,0.8656716417910447,7.444444444444445,0,0.2,1.25,0,,,0,0.0,1.0,1,0.5,0.5,0,0.486865671641791,0.016763991666751143
909,852,0,0.1904761904761904,1.2352941176470589,0,0.5833333333333334,0.4166666666666667,0,,,0,0.0,1.0,1,1.0,0.0,0,0.4452380952380952,0.014987444970749922
488,504,0,0.3265306122448979,0.673469387755102,0,0.4,0.6,0,0.999896436256516,0.0001035637434841,0,0.5,0.5,0,1.0,0.0,0,0.3547145902997172,0.016099072842986457
568,909,0,0.4473684210526316,1.809523809523809,0,0.9230769230769232,0.0769230769230769,0,,,0,1.0,0.0,0,1.0,0.0,0,0.125910931174089,0.01397248206693147
402,587,0,0.5641025641025641,2.294117647058824,0,0.7272727272727273,0.2727272727272727,0,,,0,0.5,2.0,0,0.0,1.0,1,0.4417249417249417,0.01397248206693147
158,850,0,0.0888888888888888,0.9111111111111112,0,0.9230769230769232,0.0769230769230769,0,,,0,0.0,1.0,1,0.5,0.5,0,0.4976068376068376,0.0170848300806954
507,340,0,0.5128205128205128,2.0526315789473686,0,0.6153846153846154,0.3846153846153846,0,,,0,0.5,2.0,0,0.5,0.5,0,0.3743589743589743,0.01397248206693147
769,498,0,0.396551724137931,1.6571428571428573,0,0.7692307692307693,0.2307692307692307,0,,,0,0.0,1.0,1,1.0,0.0,0,0.36684350132626,0.014987444970749922
1119,531,0,0.5,0.5,0,0.9,0.1,0,0.999906133032959,9.38669670409612e-05,0,0.8571428571428571,0.1428571428571428,0,0.5,0.5,0,0.2485902019648367,0.016099072842986457
682,104,0,0.4477611940298507,1.8108108108108107,0,0.75,0.25,0,,,0,0.8571428571428571,0.1428571428571428,0,0.5,0.5,0,0.2890191897654584,0.01397248206693147
28,398,0,0.7804878048780488,4.555555555555555,0,0.0,1.0,1,,,0,0.5,2.0,0,1.0,0.0,0,0.3439024390243902,0.014652980342995591
1317,917,0,0.847457627118644,6.555555555555555,0,0.6666666666666666,0.3333333333333333,0,,,0,1.0,0.0,0,1.0,0.0,0,0.0971751412429378,0.013899403167636312
830,630,0,0.896551724137931,9.666666666666666,0,,,0,,,0,1.0,0.0,0,1.0,0.0,0,0.0206896551724137,0.014944270290941015
516,177,0,0.2765957446808511,0.723404255319149,0,0.4,1.6666666666666667,0,,,0,0.5,0.5,0,1.0,0.0,0,0.3646808510638298,0.013576858334651004
11,338,0,0.1166666666666666,1.1320754716981132,0,0.9375,0.0625,0,0.9999643366619116,3.566333808844508e-05,0,0.5,0.5,0,0.5,0.5,0,0.3891737993342843,0.013749138539119077
417,191,0,0.7636363636363637,4.230769230769231,0,0.4285714285714285,0.5714285714285714,0,,,0,1.0,0.0,0,0.5,0.5,0,0.2615584415584415,0.01397248206693147
342,24,0,0.2083333333333333,0.7916666666666666,0,0.9230769230769232,0.0769230769230769,0,0.999906528952657,9.347104734308548e-05,0,0.5,2.0,0,0.5,0.5,0,0.3737366429274173,0.016366620059522587
802,927,0,0.7123287671232876,0.2876712328767123,0,0.5833333333333334,0.4166666666666667,0,,,0,0.0,1.0,1,1.0,0.0,0,0.3408675799086758,0.01570204624343781
911,448,0,0.9850746268656716,67.0,0,,,0,,,0,0.0,1.0,1,1.0,0.0,0,0.2029850746268656,0.016086093126488846
554,307,0,0.2195121951219512,0.7804878048780488,0,0.7777777777777778,0.2222222222222222,0,,,0,0.5,0.5,0,1.0,0.0,0,0.3005420054200541,0.014928811781970643
187,598,0,0.3090909090909091,0.6909090909090909,0,0.8181818181818182,0.1818181818181818,0,0.9996460176991152,0.0003539823008849,0,1.0,0.0,0,0.5,0.5,0,0.2746162510056315,0.015434165148944669
747,7,0,0.85,6.666666666666667,0,,,0,,,0,0.0,1.0,1,0.5,0.5,0,0.3299999999999999,0.01608842960108463
548,278,0,0.3035714285714285,0.6964285714285714,0,0.5454545454545454,0.4545454545454545,0,0.9999405681683108,5.943183168905266e-05,0,1.0,0.0,0,1.0,0.0,0,0.230206691561143,0.015349429607913308
224,703,0,0.5483870967741935,2.2142857142857144,0,0.8888888888888888,0.1111111111111111,0,,,0,0.5,2.0,0,1.0,0.0,0,0.2125448028673835,0.01397248206693147
694,633,0,0.5681818181818182,2.3157894736842106,0,0.6666666666666666,0.3333333333333333,0,,,0,0.5,2.0,0,0.5,0.5,0,0.353030303030303,0.01397248206693147
941,981,0,0.5466666666666666,0.4533333333333333,0,0.8333333333333334,0.1666666666666666,0,,,0,1.0,0.0,0,0.5,0.5,0,0.224,0.014687083339619357
1059,620,0,0.027027027027027,1.0277777777777777,0,0.8181818181818182,0.1818181818181818,0,,,0,1.0,0.0,0,1.0,0.0,0,0.2309582309582309,0.0260260784251095
1160,477,0,0.3787878787878788,1.6097560975609757,0,0.8461538461538461,0.1538461538461538,0,0.9998780547290376,0.0001219452709623,0,1.0,0.0,0,1.0,0.0,0,0.1550360440658475,0.014584641385667417
1299,761,0,0.2909090909090909,0.7090909090909091,0,0.4444444444444444,0.5555555555555556,0,0.9999371345948324,6.286540516753631e-05,0,1.0,0.0,0,1.0,0.0,0,0.2529418660103265,0.016099154949423728
859,903,0,0.1666666666666666,1.2,0,0.8,0.2,0,0.9997199141069928,0.0002800858930071,0,1.0,0.0,0,1.0,0.0,0,0.2067226838452681,0.014466782080198517
679,720,0,0.59375,0.40625,0,0.875,0.125,0,0.9999789907138956,2.100928610445817e-05,0,0.0,1.0,1,0.0,1.0,1,0.5062542018572209,0.015920735518659888
375,963,0,0.2692307692307692,1.368421052631579,0,0.6153846153846154,0.3846153846153846,0,0.9998933901918976,0.0001066098081023,0,0.5,0.5,0,0.0,1.0,1,0.5230982450385435,0.015032661199464862
822,782,0,0.6226415094339622,2.65,0,0.8333333333333334,0.1666666666666666,0,0.999361747393802,0.0006382526061981,0,0.0,1.0,1,1.0,0.0,0,0.3089326819677805,0.016271021791848226
608,866,0,0.24,0.76,0,0.7,0.3,0,0.9999593677623828,4.063223761732559e-05,0,1.0,0.0,0,1.0,0.0,0,0.2120081264475234,0.01477079783208181
97,114,0,0.2222222222222222,1.2857142857142858,0,0.9333333333333332,0.0666666666666666,0,0.9998770123848528,0.0001229876151471,0,0.0,1.0,1,0.0,1.0,1,0.5689134864119183,0.015841048096201946
669,732,0,0.5384615384615384,2.1666666666666665,0,0.9,0.1,0,,,0,1.0,0.0,0,0.5,0.5,0,0.2123076923076923,0.01397248206693147
1068,440,0,0.4285714285714285,1.75,0,0.5454545454545454,0.4545454545454545,0,0.9999587650121128,4.123498788722231e-05,0,0.0,1.0,1,1.0,0.0,0,0.4052030521923826,0.014892362888805919
857,553,0,0.3214285714285714,0.6785714285714286,0,0.8,0.2,0,0.9998226378587552,0.0001773621412447,0,0.0,1.0,1,0.5,0.5,0,0.4757497581425347,0.01665308573445243
1269,654,0,0.3333333333333333,1.5,0,0.8571428571428571,0.1428571428571428,0,0.9998726466155838,0.0001273533844161,0,0.5,2.0,0,0.0,1.0,1,0.4619302325816451,0.014584641385667417
550,969,0,0.6904761904761905,3.230769230769231,0,0.875,0.125,0,,,0,0.0,1.0,1,1.0,0.0,0,0.2869047619047619,0.014987444970749922
141,984,0,0.0681818181818181,1.0731707317073171,0,0.8333333333333334,0.1666666666666666,0,0.9999790404728468,2.0959527153067428e-05,0,0.5,0.5,0,1.0,0.0,0,0.3197011616024003,0.014975865931471636
203,288,0,,,0,,,0,,,0,,,0,,,0,0.0,0.023965448231401874
1084,733,0,0.6101694915254238,2.565217391304348,0,0.6,0.4,0,0.9998988749841992,0.0001011250158007,0,0.0,1.0,1,0.0,1.0,1,0.5579863266980754,0.016284488903393478
1280,749,0,0.1029411764705882,1.1147540983606556,0,0.6153846153846154,0.3846153846153846,0,,,0,0.5,0.5,0,0.5,0.5,0,0.4563348416289592,0.014896930019926839
840,346,0,0.4186046511627907,0.5813953488372093,0,0.7333333333333333,0.2666666666666666,0,0.9999647477702964,3.525222970352875e-05,0,0.0,1.0,1,0.5,0.5,0,0.4696194535467158,0.015757402262713615
6,123,0,0.2131147540983606,1.2708333333333333,0,0.7,0.3,0,0.9998237885462556,0.0001762114537444,0,1.0,0.0,0,1.0,0.0,0,0.2174122914710767,0.014344600619743646
393,40,0,0.2592592592592592,1.35,0,0.9166666666666666,0.0833333333333333,0,,,0,0.5,2.0,0,1.0,0.0,0,0.2648148148148148,0.01397248206693147
670,777,0,0.0444444444444444,0.9555555555555556,0,0.5454545454545454,0.4545454545454545,0,,,0,0.0,1.0,1,1.0,0.0,0,0.482020202020202,0.026592804466835613
1271,489,0,0.6666666666666666,3.0,0,0.9090909090909092,0.0909090909090909,0,,,0,0.0,1.0,1,0.0,1.0,1,0.4848484848484848,0.014987444970749922
1155,985,0,0.421875,1.7297297297297298,0,0.8333333333333334,0.1666666666666666,0,,,0,0.0,1.0,1,0.5,0.5,0,0.4489583333333333,0.014987444970749922
1134,464,0,0.5357142857142857,2.1538461538461537,0,0.7272727272727273,0.2727272727272727,0,,,0,0.5,0.5,0,0.5,0.5,0,0.3474025974025974,0.01397248206693147
429,977,0,0.5490196078431373,2.217391304347826,0,0.7272727272727273,0.2727272727272727,0,0.999955753191301,4.424680869892259e-05,0,0.0,1.0,1,0.0,1.0,1,0.5447503823385669,0.015379029076269618
319,411,0,0.1363636363636363,0.8636363636363636,0,0.8181818181818182,0.1818181818181818,0,,,0,1.0,0.0,0,1.0,0.0,0,0.209090909090909,0.014633252056663318
97,793,0,0.8333333333333334,6.0,0,0.6666666666666666,0.3333333333333333,0,,,0,0.5,2.0,0,0.0,1.0,1,0.4,0.013899403167636312
857,84,0,0.7894736842105263,4.75,0,,,0,,,0,0.0,1.0,1,0.0,1.0,1,0.4421052631578946,0.01608842960108463
292,555,0,0.0952380952380952,1.105263157894737,0,0.8333333333333334,0.1666666666666666,0,,,0,0.5,2.0,0,0.5,0.5,0,0.4142857142857142,0.015079708544909289
713,802,0,0.225,1.2903225806451613,0,0.75,0.25,0,,,0,0.0,1.0,1,0.0,1.0,1,0.605,0.38528545231216677
351,924,0,0.9253731343283582,13.4,0,1.0,,0,,,0,0.5,2.0,0,1.0,0.0,0,0.1149253731343283,0.013899403167636312
586,822,0,0.696969696969697,3.3,0,0.8,0.2,0,,,0,1.0,0.0,0,0.0,1.0,1,0.3006060606060606,0.01397248206693147
314,36,0,0.8656716417910447,7.444444444444445,0,0.5,0.5,0,,,0,1.0,0.0,0,1.0,0.0,0,0.126865671641791,0.013899403167636312
72,372,0,0.4042553191489361,0.5957446808510638,0,0.75,0.25,0,,,0,1.0,0.0,0,0.0,1.0,1,0.3691489361702127,0.014687083339619357
1258,48,0,0.1666666666666666,0.8333333333333334,0,0.2,1.25,0,0.9989650954934612,0.0010349045065387,0,1.0,0.0,0,0.0,1.0,1,0.5268736475679744,0.015093139099062312
487,109,0,0.0714285714285714,0.9285714285714286,0,0.75,0.25,0,,,0,1.0,0.0,0,0.5,0.5,0,0.3357142857142857,0.018611555036572514
1229,675,0,0.3548387096774194,0.6451612903225806,0,0.6153846153846154,0.3846153846153846,0,0.9998726466155838,0.0001273533844161,0,0.0,1.0,1,0.5,0.5,0,0.5059808056644762,0.01689798195273358
1006,713,0,0.4444444444444444,1.8,0,0.2,0.8,0,,,0,0.0,1.0,1,0.5,0.5,0,0.5711111111111111,0.012078615021998224
867,773,0,0.25,0.75,0,0.7,0.3,0,,,0,0.0,1.0,1,0.0,1.0,1,0.61,0.27871855520483607
10,865,0,0.3518518518518518,0.6481481481481481,0,0.7777777777777778,0.2222222222222222,0,0.9997968346843826,0.0002031653156173,0,0.5,2.0,0,0.0,1.0,1,0.4741147071371975,0.015396679023917904
976,739,0,0.6346153846153846,2.736842105263158,0,0.7,0.3,0,0.9999576414774652,4.235852253473399e-05,0,0.5,2.0,0,0.0,1.0,1,0.43308539478143,0.01431194524985129
519,800,0,,,0,,,0,,,0,,,0,,,0,0.0,0.023965448231401874
504,48,0,0.15,0.85,0,0.25,0.75,0,0.999435506632797,0.0005644933672029,0,0.0,1.0,1,0.0,1.0,1,0.7201128986734406,0.41074978841499193
1198,234,0,0.0930232558139534,0.9069767441860463,0,0.9090909090909092,0.0909090909090909,0,,,0,0.0,1.0,1,0.5,0.5,0,0.4995771670190275,0.017309998995131002
134,621,0,0.5925925925925926,2.4545454545454546,0,0.8571428571428571,0.1428571428571428,0,,,0,0.0,1.0,1,0.5,0.5,0,0.41005291005291,0.014987444970749922
308,858,0,0.6,2.5,0,0.4285714285714285,0.5714285714285714,0,,,0,1.0,0.0,0,1.0,0.0,0,0.1942857142857142,0.01397248206693147
585,4,0,0.0491803278688524,1.0517241379310345,0,0.5,0.5,0,0.9997877443593064,0.0002122556406936,0,1.0,0.0,0,1.0,0.0,0,0.2902063855543682,0.02228919863051623
1256,514,0,0.2413793103448276,0.7586206896551724,0,0.8421052631578947,0.1578947368421052,0,0.9998969135929736,0.0001030864070263,0,1.0,0.0,0,0.5,0.5,0,0.2833237025808608,0.016366620059522587
347,677,0,0.9183673469387756,12.25,0,,,0,,,0,0.5,2.0,0,0.5,0.5,0,0.2163265306122449,0.014944270290941015
700,29,0,0.525,0.475,0,0.5,0.5,0,0.9999072222336762,9.277776632373256e-05,0,0.0,1.0,1,0.5,0.5,0,0.4950185555532648,0.017350900546915075
1002,401,0,0.2592592592592592,0.7407407407407407,0,0.5,0.5,0,0.9996538252311952,0.0003461747688047,0,0.0,1.0,1,0.0,1.0,1,0.6482173831019091,0.3991924363510461
923,895,0,0.8095238095238095,5.25,0,0.0,1.0,1,,,0,1.0,0.0,0,1.0,0.0,0,0.238095238095238,0.014652980342995591
806,671,0,0.4651162790697674,0.5348837209302325,0,0.5,0.5,0,,,0,1.0,0.0,0,0.5,0.5,0,0.3069767441860465,0.014687083339619357
336,237,0,0.8461538461538461,6.5,0,0.75,4.0,0,,,0,0.0,1.0,1,1.0,0.0,0,0.2807692307692307,0.017111053838591603
547,852,0,0.6136363636363636,2.588235294117647,0,0.6666666666666666,0.3333333333333333,0,,,0,0.0,1.0,1,1.0,0.0,0,0.3439393939393939,0.014987444970749922
691,348,0,0.0555555555555555,1.0588235294117647,0,0.5833333333333334,0.4166666666666667,0,,,0,0.5,0.5,0,1.0,0.0,0,0.3722222222222222,0.019815810551396407
