pair_index,label,orig_id,anon_id,euclidean_distance,manhattan_distance,cosine_similarity,education_diff,education_equal,marital_status_diff,marital_status_equal,sex_diff,sex_equal,age_match,industry_match,overall_similarity,industry_diff,industry_equal,education_match,attack_score
0,1,0.0,0.0,4.242640687119285,6.0,0.9862393362677776,4.0,0.0,1.0,0,1.0,0,0,0.0,0.0,0.0,0.0,0.0,0.9661696369648203
1,1,1.0,1.0,2.23606797749979,3.0,0.9932659166648444,2.0,0.0,0.0,1,1.0,0,0,0.0,0.2,0.0,0.0,0.0,0.9150146560030383
2,1,2.0,2.0,85212.0002933859,85220.0,-0.1541512376585392,7.0,0.0,1.0,0,0.0,1,0,0.0,0.2,85212.0,0.0,0.0,0.956760936539539
3,1,3.0,3.0,7.0,7.0,0.9826786937727112,7.0,0.0,0.0,1,0.0,1,0,0.0,0.4,0.0,0.0,0.0,0.9129807822731141
4,1,4.0,4.0,1.0,1.0,0.9486832980505138,0.0,0.0,1.0,0,0.0,1,0,0.0,0.2,0.0,0.0,0.0,0.9155164335230822
5,1,5.0,5.0,2.449489742783178,4.0,0.9767725810110088,1.0,0.0,2.0,0,1.0,0,0,0.0,0.0,0.0,0.0,0.0,0.9648038532570459
6,1,6.0,6.0,5.196152422706632,7.0,0.9621404708847278,5.0,0.0,1.0,0,1.0,0,0,0.0,0.0,0.0,0.0,0.0,0.966098659378923
7,1,7.0,7.0,35277.00001417354,35278.0,0.9999998621663828,0.0,1.0,1.0,0,0.0,1,0,0.0,0.4,35277.0,0.0,0.0,0.7370822797898874
8,1,8.0,8.0,11.0,11.0,-0.0641500299099584,11.0,0.0,0.0,1,0.0,1,0,0.0,0.4,0.0,0.0,0.0,0.9209601674568321
9,1,9.0,9.0,84231.00015433748,84237.0,-0.1168882961107229,5.0,0.0,1.0,0,0.0,1,0,0.0,0.2,84231.0,0.0,0.0,0.9609221137629054
10,1,10.0,10.0,29310.000307062437,29316.0,0.9999997392532036,4.0,0.0,1.0,0,1.0,0,0,0.0,0.0,29310.0,0.0,0.0,0.9565001873379005
11,1,11.0,11.0,16621.000030082425,16622.0,0.9999761700708184,0.0,1.0,1.0,0,0.0,1,0,0.0,0.4,16621.0,0.0,0.0,0.6849721416648858
12,1,12.0,12.0,4.123105625617661,5.0,0.9959873727522464,4.0,0.0,0.0,1,1.0,0,0,0.0,0.2,0.0,0.0,0.0,0.9522564356133129
13,1,13.0,13.0,4.123105625617661,5.0,0.9944577973205988,4.0,0.0,0.0,1,1.0,0,0,0.0,0.2,0.0,0.0,0.0,0.9554558054196282
14,1,14.0,14.0,6.324555320336759,8.0,0.9689627902499088,6.0,0.0,2.0,0,0.0,1,0,0.0,0.2,0.0,0.0,0.0,0.9583719978321499
15,1,15.0,15.0,25114.000039818427,25116.0,-0.0953859579897984,0.0,1.0,1.0,0,1.0,0,0,0.0,0.2,25114.0,0.0,0.0,0.9539253853329868
16,1,16.0,16.0,22891.000021842647,22892.0,0.999999919208692,0.0,1.0,0.0,1,1.0,0,0,0.0,0.4,22891.0,0.0,0.0,0.46817033848788253
17,1,17.0,17.0,14303.000349577009,14307.0,-0.0963271844731001,1.0,0.0,3.0,0,0.0,1,0,0.0,0.2,14303.0,0.0,0.0,0.9443773320711623
18,1,18.0,18.0,95112.00004731264,95115.0,-0.0616418496610768,3.0,0.0,0.0,1,0.0,1,0,0.0,0.4,95112.0,0.0,0.0,0.8779519948517557
19,1,19.0,19.0,47998.000104171006,48002.0,0.999999998304386,3.0,0.0,0.0,1,1.0,0,0,0.0,0.2,47998.0,0.0,0.0,0.9063838062840451
20,1,20.0,20.0,84121.00005943819,84125.0,-0.0969750175179986,3.0,0.0,0.0,1,1.0,0,0,0.0,0.2,84121.0,0.0,0.0,0.9610378279224321
21,1,21.0,21.0,3.1622776601683795,4.0,0.9516357291821832,1.0,0.0,3.0,0,0.0,1,0,0.0,0.2,0.0,0.0,0.0,0.957360167541894
22,1,22.0,22.0,3.1622776601683795,4.0,0.993263139087243,3.0,0.0,1.0,0,0.0,1,0,0.0,0.2,0.0,0.0,0.0,0.9389667899708289
23,1,23.0,23.0,4.47213595499958,6.0,0.9946351544273336,4.0,0.0,2.0,0,0.0,1,0,0.0,0.2,0.0,0.0,0.0,0.9564351245704041
24,1,24.0,24.0,156.01281998605114,158.0,0.9999999894471204,0.0,1.0,2.0,0,0.0,1,0,0.0,0.4,156.0,0.0,0.0,0.6696690295033108
25,1,25.0,25.0,1.4142135623730951,2.0,0.996709240304503,1.0,0.0,0.0,1,1.0,0,0,0.0,0.2,0.0,0.0,0.0,0.7936216523606291
26,1,26.0,26.0,11012.000090810025,11014.0,-0.0804705716803226,1.0,0.0,1.0,0,0.0,1,0,0.0,0.2,11012.0,0.0,0.0,0.9283451603666396
27,1,27.0,27.0,1.4142135623730951,2.0,0.9932885906040269,0.0,1.0,1.0,0,1.0,0,0,0.0,0.2,0.0,0.0,0.0,0.9325099131899982
28,1,28.0,28.0,719.0,719.0,0.999999999996114,0.0,1.0,0.0,1,0.0,1,0,0.0,0.6,719.0,0.0,0.0,0.24397042354905277
29,1,29.0,29.0,7.280109889280518,9.0,0.964056618014988,7.0,0.0,2.0,0,0.0,1,0,0.0,0.2,0.0,0.0,0.0,0.9518421113966934
30,1,30.0,30.0,3.1622776601683795,4.0,0.9975694083904584,3.0,0.0,1.0,0,0.0,1,0,0.0,0.2,0.0,0.0,0.0,0.8948729283113281
31,1,31.0,31.0,1.4142135623730951,2.0,0.944911182523068,1.0,0.0,0.0,1,1.0,0,0,0.0,0.2,0.0,0.0,0.0,0.8405827915330262
32,1,32.0,32.0,36270.00034463744,36275.0,0.999999999430461,5.0,0.0,0.0,1,0.0,1,0,0.0,0.4,36270.0,0.0,0.0,0.39128330201364997
33,1,33.0,33.0,5.0990195135927845,6.0,0.9973600960790272,5.0,0.0,0.0,1,1.0,0,0,0.0,0.2,0.0,0.0,0.0,0.9148815027984067
34,1,34.0,34.0,47818.00021958258,47825.0,-0.0814686568732121,4.0,0.0,2.0,0,1.0,0,0,0.0,0.0,47818.0,0.0,0.0,0.9663707716669134
35,1,35.0,35.0,43303.00012701198,43308.0,-0.0814384705592432,3.0,0.0,1.0,0,1.0,0,0,0.0,0.0,43303.0,0.0,0.0,0.9655695196177355
36,1,36.0,36.0,7.071067811865476,8.0,0.9258200997725514,7.0,0.0,1.0,0,0.0,1,0,0.0,0.2,0.0,0.0,0.0,0.9427263163596274
37,1,37.0,37.0,1.0,1.0,0.9971391490106832,0.0,1.0,1.0,0,0.0,1,0,0.0,0.4,0.0,0.0,0.0,0.828572705403312
38,1,38.0,38.0,1.0,1.0,0.9997128499581862,1.0,0.0,0.0,1,0.0,1,0,0.0,0.4,0.0,0.0,0.0,0.26129944253546694
39,1,39.0,39.0,49223.00037584056,49230.0,-0.0761036699017625,6.0,0.0,1.0,0,0.0,1,0,0.0,0.2,49223.0,0.0,0.0,0.9577048433770288
40,1,40.0,40.0,2.0,2.0,0.9968410582470292,2.0,0.0,0.0,1,0.0,1,0,0.0,0.4,0.0,0.0,0.0,0.06193308394830096
41,1,41.0,41.0,30092.00001661571,30093.0,0.999999937412584,1.0,0.0,0.0,1,0.0,1,0,0.0,0.4,30092.0,0.0,0.0,0.26428273370152233
42,1,42.0,42.0,47820.00010455876,47824.0,-0.0969742159989941,3.0,0.0,0.0,1,1.0,0,0,0.0,0.2,47820.0,0.0,0.0,0.9606394595924416
43,1,43.0,43.0,1.7320508075688772,3.0,0.991117008818872,1.0,0.0,1.0,0,1.0,0,0,0.0,0.0,0.0,0.0,0.0,0.9521068457780576
44,1,44.0,44.0,7.280109889280518,9.0,0.6491134836118732,7.0,0.0,2.0,0,0.0,1,0,0.0,0.2,0.0,0.0,0.0,0.9445104947606048
45,1,45.0,45.0,9.055385138137416,10.0,0.9178146529232246,9.0,0.0,1.0,0,0.0,1,0,0.0,0.2,0.0,0.0,0.0,0.8265686980810728
46,1,46.0,46.0,1.7320508075688772,3.0,0.978231976089037,1.0,0.0,1.0,0,1.0,0,0,0.0,0.0,0.0,0.0,0.0,0.9548071175843319
47,1,47.0,47.0,85493.00009942334,85498.0,-0.0896261787594765,4.0,0.0,1.0,0,0.0,1,0,0.0,0.2,85493.0,0.0,0.0,0.9615737187835888
48,1,48.0,48.0,30920.000420439843,30926.0,0.9999999997549752,5.0,0.0,0.0,1,1.0,0,0,0.0,0.2,30920.0,0.0,0.0,0.894388367391835
49,1,49.0,49.0,1.0,1.0,0.9971391490106832,0.0,1.0,1.0,0,0.0,1,0,0.0,0.4,0.0,0.0,0.0,0.828572705403312
50,1,50.0,50.0,1.4142135623730951,2.0,0.9961359100851456,1.0,0.0,1.0,0,0.0,1,0,0.0,0.2,0.0,0.0,0.0,0.8979024192625774
51,1,51.0,51.0,49233.000111713685,49238.0,-0.1070021941833252,1.0,0.0,3.0,0,1.0,0,0,0.0,0.0,49233.0,0.0,0.0,0.9654624068381911
52,1,52.0,52.0,18221.00016464519,18225.0,0.9999999798068496,2.0,0.0,1.0,0,1.0,0,0,0.0,0.0,18221.0,0.0,0.0,0.9379721302875451
53,1,53.0,53.0,12800.00324218709,12811.0,0.9999999886097176,9.0,0.0,1.0,0,1.0,0,0,0.0,0.0,12800.0,0.0,0.0,0.9255126220793182
54,1,54.0,54.0,4.123105625617661,5.0,0.9969405307028008,4.0,0.0,1.0,0,0.0,1,0,0.0,0.2,0.0,0.0,0.0,0.9332990425018344
55,1,55.0,55.0,2.449489742783178,4.0,0.9542374472273958,2.0,0.0,1.0,0,1.0,0,0,0.0,0.0,0.0,0.0,0.0,0.9639548662555288
56,1,56.0,56.0,0.0,0.0,1.0,0.0,0.0,0.0,1,0.0,1,0,0.0,0.4,0.0,0.0,0.0,0.18865700067911792
57,1,57.0,57.0,35131.000042697335,35134.0,0.9999998257122552,1.0,0.0,1.0,0,1.0,0,0,0.0,0.0,35131.0,0.0,0.0,0.9501950675670404
58,1,58.0,58.0,10506.000475918512,10510.0,-0.0605216176475011,3.0,0.0,1.0,0,0.0,1,0,0.0,0.2,10506.0,0.0,0.0,0.9216282385763482
59,1,59.0,59.0,10.0,10.0,0.1400280084028009,10.0,0.0,0.0,1,0.0,1,0,0.0,0.4,0.0,0.0,0.0,0.9291611852655844
60,1,60.0,60.0,8.602325267042627,12.0,0.9931695968516404,8.0,0.0,3.0,0,1.0,0,0,0.0,0.0,0.0,0.0,0.0,0.9553249495003259
61,1,61.0,61.0,47114.00004245023,47116.0,-0.1888338179161703,2.0,0.0,0.0,1,0.0,1,0,0.0,0.4,47114.0,0.0,0.0,0.8520333180149544
62,1,62.0,62.0,46413.00021545688,46419.0,-0.1002309282906228,4.0,0.0,2.0,0,0.0,1,0,0.0,0.2,46413.0,0.0,0.0,0.9615262486627709
63,1,63.0,63.0,8.0,8.0,0.9551668842409458,8.0,0.0,0.0,1,0.0,1,0,0.0,0.4,0.0,0.0,0.0,0.9294762004915135
64,1,64.0,64.0,4.0,4.0,0.9961017296304552,4.0,0.0,0.0,1,0.0,1,0,0.0,0.4,0.0,0.0,0.0,0.7355247987859443
65,1,65.0,65.0,1.7320508075688772,3.0,0.986581038661854,1.0,0.0,1.0,0,1.0,0,0,0.0,0.0,0.0,0.0,0.0,0.9532586161828397
66,1,66.0,66.0,4.242640687119285,6.0,0.9984038297885895,4.0,0.0,1.0,0,1.0,0,0,0.0,0.0,0.0,0.0,0.0,0.9512833484011164
67,1,67.0,67.0,3.3166247903554,5.0,0.9999999977299046,3.0,0.0,1.0,0,1.0,0,0,0.0,0.2,0.0,1.0,0.0,0.8990683961525013
68,1,68.0,68.0,3.0,3.0,0.9941348467724342,3.0,0.0,0.0,1,0.0,1,0,0.0,0.4,0.0,0.0,0.0,0.38799477511755937
69,1,69.0,69.0,41003.00010974806,41006.0,-0.0954602489118416,3.0,0.0,0.0,1,0.0,1,0,0.0,0.4,41003.0,0.0,0.0,0.8708676505733347
70,1,70.0,70.0,55104.000018147504,55106.0,-0.1089247947872467,1.0,0.0,1.0,0,0.0,1,0,0.0,0.2,55104.0,0.0,0.0,0.95840297525984
71,1,71.0,71.0,41003.00002438846,41005.0,-0.0805257825951051,1.0,0.0,0.0,1,1.0,0,0,0.0,0.2,41003.0,0.0,0.0,0.9535351980502725
72,1,72.0,72.0,4.0,4.0,0.9959289952477496,4.0,0.0,0.0,1,0.0,1,0,0.0,0.4,0.0,0.0,0.0,0.7516316566931018
73,1,73.0,73.0,5.0990195135927845,6.0,0.9912407071619304,5.0,0.0,1.0,0,0.0,1,0,0.0,0.2,0.0,0.0,0.0,0.9472701178232866
74,1,74.0,74.0,3.1622776601683795,4.0,0.6507913734559685,0.0,0.0,3.0,0,1.0,0,0,0.0,0.0,0.0,0.0,0.0,0.9630724274030463
75,1,75.0,75.0,7508.003329780828,7516.0,0.999999993346269,7.0,0.0,0.0,1,1.0,0,0,0.0,0.2,7508.0,0.0,0.0,0.7681390886217279
76,1,76.0,76.0,2.23606797749979,3.0,0.9945274832335644,2.0,0.0,0.0,1,1.0,0,0,0.0,0.2,0.0,0.0,0.0,0.914978992308712
77,1,77.0,77.0,5.0990195135927845,6.0,0.995403900013586,5.0,0.0,0.0,1,1.0,0,0,0.0,0.2,0.0,0.0,0.0,0.9552352865484209
78,1,78.0,78.0,10.0,10.0,0.5819143739626463,10.0,0.0,0.0,1,0.0,1,0,0.0,0.4,0.0,0.0,0.0,0.9214662589481636
79,1,79.0,79.0,14102.000567295408,14106.0,-0.1213203390719528,4.0,0.0,0.0,1,0.0,1,0,0.0,0.4,14102.0,0.0,0.0,0.7990708334299249
80,1,80.0,80.0,47592.00002101193,47594.0,-0.1311353691312682,1.0,0.0,0.0,1,1.0,0,0,0.0,0.2,47592.0,0.0,0.0,0.9559072529450908
81,1,81.0,81.0,64192.00003894566,64195.0,-0.0814893875646336,2.0,0.0,1.0,0,0.0,1,0,0.0,0.2,64192.0,0.0,0.0,0.9606079858538271
82,1,82.0,82.0,17078.00032205176,17083.0,0.9999999995422288,3.0,0.0,1.0,0,1.0,0,0,0.0,0.0,17078.0,0.0,0.0,0.9367151917984423
83,1,83.0,83.0,84131.00010697602,84137.0,-0.1070570555474819,4.0,0.0,1.0,0,1.0,0,0,0.0,0.0,84131.0,0.0,0.0,0.9664573890082856
84,1,84.0,84.0,36400.000013736266,36401.0,0.9999995194658244,1.0,0.0,0.0,1,0.0,1,0,0.0,0.4,36400.0,0.0,0.0,0.4761731967277438
85,1,85.0,85.0,69202.00007225225,69206.0,-0.0822604956617294,3.0,0.0,0.0,1,1.0,0,0,0.0,0.2,69202.0,0.0,0.0,0.9608308392101113
86,1,86.0,86.0,47919.00006260565,47923.0,0.9999996265697616,2.0,0.0,1.0,0,1.0,0,0,0.0,0.0,47919.0,0.0,0.0,0.95874694293284
87,1,87.0,87.0,49234.00051793476,49243.0,-0.1540463445609723,7.0,0.0,1.0,0,1.0,0,0,0.0,0.0,49234.0,0.0,0.0,0.9659112448364001
88,1,88.0,88.0,10.099504938362076,12.0,0.9666913176095692,10.0,0.0,1.0,0,1.0,0,0,0.0,0.0,0.0,0.0,0.0,0.9272651599607241
89,1,89.0,89.0,2.23606797749979,3.0,0.9766244823564244,1.0,0.0,2.0,0,0.0,1,0,0.0,0.2,0.0,0.0,0.0,0.9462060836302149
90,1,90.0,90.0,2.0,2.0,0.9601486977992116,0.0,1.0,2.0,0,0.0,1,0,0.0,0.4,0.0,0.0,0.0,0.8658090424097313
91,1,91.0,91.0,11.090536506409418,13.0,-0.2390457218668786,11.0,0.0,1.0,0,1.0,0,0,0.0,0.0,0.0,0.0,0.0,0.927582542853893
92,1,92.0,92.0,2.23606797749979,3.0,0.991741279639108,2.0,0.0,0.0,1,1.0,0,0,0.0,0.2,0.0,0.0,0.0,0.9149861807553181
93,1,93.0,93.0,5.0,5.0,0.9146591207600472,5.0,0.0,0.0,1,0.0,1,0,0.0,0.4,0.0,0.0,0.0,0.8985207785546283
94,1,94.0,94.0,6.164414002968976,8.0,0.8411910241920598,6.0,0.0,1.0,0,1.0,0,0,0.0,0.0,0.0,0.0,0.0,0.965346072004914
95,1,95.0,95.0,49407.00010120023,49411.0,0.9999999982760744,3.0,0.0,0.0,1,1.0,0,0,0.0,0.2,49407.0,0.0,0.0,0.9063838062840451
96,1,96.0,96.0,5.0990195135927845,8.0,0.9722857292609522,4.0,0.0,3.0,0,1.0,0,0,0.0,0.0,0.0,0.0,0.0,0.9666169069563418
97,1,97.0,97.0,1.4142135623730951,2.0,0.996765700247014,1.0,0.0,1.0,0,0.0,1,0,0.0,0.2,0.0,0.0,0.0,0.8830239571881698
98,1,98.0,98.0,4.242640687119285,6.0,0.9673753912650253,4.0,0.0,1.0,0,1.0,0,0,0.0,0.0,0.0,0.0,0.0,0.966098659378923
99,1,99.0,99.0,1.0,1.0,0.9997128499581862,1.0,0.0,0.0,1,0.0,1,0,0.0,0.4,0.0,0.0,0.0,0.26129944253546694
100,0,,,3.0,3.0,0.9981149841863164,3.0,0.0,0.0,1,0.0,1,0,0.0,0.4,0.0,0.0,0.0,0.06299799278004165
101,0,,,1.0,1.0,0.9990248656871404,1.0,0.0,0.0,1,0.0,1,0,0.0,0.4,0.0,0.0,0.0,0.174250100504176
102,0,,,3.0,3.0,0.9994838709333604,3.0,0.0,0.0,1,0.0,1,0,0.0,0.4,0.0,0.0,0.0,0.052806989515947
103,0,,,2.0,2.0,0.999076724020674,2.0,0.0,0.0,1,0.0,1,0,0.0,0.4,0.0,0.0,0.0,0.04703888985889898
104,0,,,2.0,2.0,0.999076724020674,2.0,0.0,0.0,1,0.0,1,0,0.0,0.4,0.0,0.0,0.0,0.04703888985889898
105,0,,,19979.00010010511,19981.0,0.9999999987929954,2.0,0.0,0.0,1,0.0,1,0,0.0,0.4,19979.0,0.0,0.0,0.06048198081883196
106,0,,,3.0,3.0,0.9981149841863164,3.0,0.0,0.0,1,0.0,1,0,0.0,0.4,0.0,0.0,0.0,0.06299799278004165
107,0,,,2300.0034782582397,2304.0,0.9999999940293182,4.0,0.0,0.0,1,0.0,1,0,0.0,0.4,2300.0,0.0,0.0,0.10733651400551884
108,0,,,981.0050968267188,985.0,0.999999999246804,3.0,0.0,1.0,0,0.0,1,0,0.0,0.2,981.0,0.0,0.0,0.40227475439849586
109,0,,,35008.0,35008.0,0.9999999937970012,0.0,1.0,0.0,1,0.0,1,0,0.0,0.6,35008.0,0.0,0.0,0.250803691648686
110,0,,,35879.00001393573,35880.0,0.9999999942017792,1.0,0.0,0.0,1,0.0,1,0,0.0,0.4,35879.0,0.0,0.0,0.31146655194547773
111,0,,,3.0,3.0,0.9994838709333604,3.0,0.0,0.0,1,0.0,1,0,0.0,0.4,0.0,0.0,0.0,0.052806989515947
112,0,,,1.0,1.0,0.9979402655783318,1.0,0.0,0.0,1,0.0,1,0,0.0,0.4,0.0,0.0,0.0,0.1428090924076587
113,0,,,2.0,2.0,0.9986054207456784,2.0,0.0,0.0,1,0.0,1,0,0.0,0.4,0.0,0.0,0.0,0.04703888985889898
114,0,,,8220.000547445237,8223.0,0.9999999934723208,3.0,0.0,0.0,1,0.0,1,0,0.0,0.4,8220.0,0.0,0.0,0.06707135218277659
115,0,,,10.04987562112089,11.0,0.611052381486151,10.0,0.0,1.0,0,0.0,1,0,0.0,0.2,0.0,0.0,0.0,0.6828614115009146
116,0,,,8231.00012149192,8233.0,0.9999999970401126,1.0,0.0,1.0,0,0.0,1,0,0.0,0.2,8231.0,0.0,0.0,0.46522844377477285
117,0,,,2.0,2.0,0.9986187838711752,2.0,0.0,0.0,1,0.0,1,0,0.0,0.4,0.0,0.0,0.0,0.04703888985889898
118,0,,,19220.000234131112,19223.0,0.999999995739572,3.0,0.0,0.0,1,0.0,1,0,0.0,0.4,19220.0,0.0,0.0,0.06342087468077579
119,0,,,2.0,2.0,0.9883173560569456,2.0,0.0,0.0,1,0.0,1,0,0.0,0.4,0.0,0.0,0.0,0.1342030032851123
120,0,,,3.0,3.0,0.9995044352735956,3.0,0.0,0.0,1,0.0,1,0,0.0,0.4,0.0,0.0,0.0,0.05310580098938867
121,0,,,3.0,3.0,0.9995044352735956,3.0,0.0,0.0,1,0.0,1,0,0.0,0.4,0.0,0.0,0.0,0.05310580098938867
122,0,,,10010.00044955044,10013.0,0.9999999998123366,3.0,0.0,0.0,1,0.0,1,0,0.0,0.4,10010.0,0.0,0.0,0.06742742800266323
123,0,,,2.0,2.0,0.999076724020674,2.0,0.0,0.0,1,0.0,1,0,0.0,0.4,0.0,0.0,0.0,0.04703888985889898
124,0,,,9.055385138137416,10.0,0.6285393610547089,9.0,0.0,1.0,0,0.0,1,0,0.0,0.2,0.0,0.0,0.0,0.7655381479696025
125,0,,,2.0,2.0,0.9993606137453732,2.0,0.0,0.0,1,0.0,1,0,0.0,0.4,0.0,0.0,0.0,0.04703888985889898
126,0,,,2.0,2.0,0.9968410582470292,2.0,0.0,0.0,1,0.0,1,0,0.0,0.4,0.0,0.0,0.0,0.06193308394830096
127,0,,,23189.0,23189.0,0.9999999932465627,0.0,1.0,0.0,1,0.0,1,0,0.0,0.6,23189.0,0.0,0.0,0.17322360241164383
128,0,,,2.0,2.0,0.999076724020674,2.0,0.0,0.0,1,0.0,1,0,0.0,0.4,0.0,0.0,0.0,0.04703888985889898
129,0,,,2.0,2.0,0.9986054207456784,2.0,0.0,0.0,1,0.0,1,0,0.0,0.4,0.0,0.0,0.0,0.04703888985889898
130,0,,,2.0,2.0,0.9883173560569456,2.0,0.0,0.0,1,0.0,1,0,0.0,0.4,0.0,0.0,0.0,0.1342030032851123
131,0,,,2.0,2.0,0.9964589123924024,2.0,0.0,0.0,1,0.0,1,0,0.0,0.4,0.0,0.0,0.0,0.06723039797083956
132,0,,,35008.0,35008.0,0.9999999937970012,0.0,1.0,0.0,1,0.0,1,0,0.0,0.6,35008.0,0.0,0.0,0.250803691648686
133,0,,,2.0,2.0,0.9964589123924024,2.0,0.0,0.0,1,0.0,1,0,0.0,0.4,0.0,0.0,0.0,0.06723039797083956
134,0,,,3.0,3.0,0.9995044352735956,3.0,0.0,0.0,1,0.0,1,0,0.0,0.4,0.0,0.0,0.0,0.05310580098938867
135,0,,,1.0,1.0,0.997965409896352,1.0,0.0,0.0,1,0.0,1,0,0.0,0.4,0.0,0.0,0.0,0.14235407040026637
136,0,,,19979.00010010511,19981.0,0.9999999987929954,2.0,0.0,0.0,1,0.0,1,0,0.0,0.4,19979.0,0.0,0.0,0.06048198081883196
137,0,,,23189.0,23189.0,0.9999999932465627,0.0,1.0,0.0,1,0.0,1,0,0.0,0.6,23189.0,0.0,0.0,0.17322360241164383
138,0,,,2.0,2.0,0.9993606137453732,2.0,0.0,0.0,1,0.0,1,0,0.0,0.4,0.0,0.0,0.0,0.04703888985889898
139,0,,,2.0,2.0,0.9992990141526302,2.0,0.0,0.0,1,0.0,1,0,0.0,0.4,0.0,0.0,0.0,0.04703888985889898
140,0,,,12890.00003878976,12891.0,0.9999999551557136,0.0,1.0,0.0,1,1.0,0,0,0.0,0.4,12890.0,0.0,0.0,0.35267954920579064
141,0,,,29995.000066677778,29997.0,0.9999999948722226,2.0,0.0,0.0,1,0.0,1,0,0.0,0.4,29995.0,0.0,0.0,0.1490827094220903
142,0,,,9807.001835423504,9813.0,0.9999999978676116,6.0,0.0,0.0,1,0.0,1,0,0.0,0.4,9807.0,0.0,0.0,0.12489939693341857
143,0,,,1.0,1.0,0.9999999997333424,0.0,1.0,0.0,1,1.0,0,0,0.0,0.6,0.0,1.0,0.0,0.19177854679124998
144,0,,,1.0,1.0,0.997965409896352,1.0,0.0,0.0,1,0.0,1,0,0.0,0.4,0.0,0.0,0.0,0.14235407040026637
145,0,,,3.0,3.0,0.9994838709333604,3.0,0.0,0.0,1,0.0,1,0,0.0,0.4,0.0,0.0,0.0,0.052806989515947
146,0,,,2.0,2.0,0.9986054207456784,2.0,0.0,0.0,1,0.0,1,0,0.0,0.4,0.0,0.0,0.0,0.04703888985889898
147,0,,,3.0,3.0,0.9981149841863164,3.0,0.0,0.0,1,0.0,1,0,0.0,0.4,0.0,0.0,0.0,0.06299799278004165
148,0,,,1.0,1.0,0.9999999997936276,0.0,1.0,0.0,1,1.0,0,0,0.0,0.6,0.0,1.0,0.0,0.19177854679124998
149,0,,,1.0,1.0,0.9990248656871404,1.0,0.0,0.0,1,0.0,1,0,0.0,0.4,0.0,0.0,0.0,0.174250100504176
150,0,,,29995.000066677778,29997.0,0.9999999948722226,2.0,0.0,0.0,1,0.0,1,0,0.0,0.4,29995.0,0.0,0.0,0.1490827094220903
151,0,,,33210.000060222825,33212.0,0.9999999994305184,2.0,0.0,0.0,1,0.0,1,0,0.0,0.4,33210.0,0.0,0.0,0.18157603958404253
152,0,,,3.0,3.0,0.9981149841863164,3.0,0.0,0.0,1,0.0,1,0,0.0,0.4,0.0,0.0,0.0,0.06299799278004165
153,0,,,2.0,2.0,0.9994056463070784,2.0,0.0,0.0,1,0.0,1,0,0.0,0.4,0.0,0.0,0.0,0.04709166602058234
154,0,,,2.0,2.0,0.9998098045724798,2.0,0.0,0.0,1,0.0,1,0,0.0,0.4,0.0,0.0,0.0,0.06425620587553332
155,0,,,0.0,0.0,1.0,0.0,0.0,0.0,1,0.0,1,0,0.0,0.4,0.0,0.0,0.0,0.18865700067911792
156,0,,,2.0,2.0,0.999076724020674,2.0,0.0,0.0,1,0.0,1,0,0.0,0.4,0.0,0.0,0.0,0.04703888985889898
157,0,,,5888.000849184721,5892.0,0.9999999994430284,3.0,0.0,0.0,1,1.0,0,0,0.0,0.2,5888.0,0.0,0.0,0.6099322277532618
158,0,,,0.0,0.0,1.0,0.0,0.0,0.0,1,0.0,1,0,0.0,0.4,0.0,0.0,0.0,0.18865700067911792
159,0,,,3.0,3.0,0.9981149841863164,3.0,0.0,0.0,1,0.0,1,0,0.0,0.4,0.0,0.0,0.0,0.06299799278004165
160,0,,,2.0,2.0,0.999076724020674,2.0,0.0,0.0,1,0.0,1,0,0.0,0.4,0.0,0.0,0.0,0.04703888985889898
161,0,,,0.0,0.0,1.0,0.0,0.0,0.0,1,0.0,1,0,0.0,0.4,0.0,0.0,0.0,0.18865700067911792
162,0,,,3.0,3.0,0.9981149841863164,3.0,0.0,0.0,1,0.0,1,0,0.0,0.4,0.0,0.0,0.0,0.06299799278004165
163,0,,,2.0,2.0,0.9968410582470292,2.0,0.0,0.0,1,0.0,1,0,0.0,0.4,0.0,0.0,0.0,0.06193308394830096
164,0,,,6895.001160260961,6899.0,0.999999998434994,4.0,0.0,0.0,1,0.0,1,0,0.0,0.4,6895.0,0.0,0.0,0.09355552233062252
165,0,,,391.0319680026174,396.0,0.9999999983210318,5.0,0.0,0.0,1,0.0,1,0,0.0,0.4,391.0,0.0,0.0,0.15138328666731923
166,0,,,2.0,2.0,0.9914573982080404,2.0,0.0,0.0,1,0.0,1,0,0.0,0.4,0.0,0.0,0.0,0.13320874046413017
167,0,,,3.0,3.0,0.9995044352735956,3.0,0.0,0.0,1,0.0,1,0,0.0,0.4,0.0,0.0,0.0,0.05310580098938867
168,0,,,156.00641012471252,158.0,0.9999999955566165,1.0,0.0,1.0,0,0.0,1,0,0.0,0.2,156.0,0.0,0.0,0.49297184553609025
169,0,,,2.0,2.0,0.9994056463070784,2.0,0.0,0.0,1,0.0,1,0,0.0,0.4,0.0,0.0,0.0,0.04709166602058234
170,0,,,1.4142135623730951,2.0,0.99999999497079,1.0,0.0,0.0,1,1.0,0,0,0.0,0.4,0.0,1.0,0.0,0.24249231236434335
171,0,,,10010.00044955044,10013.0,0.9999999998123366,3.0,0.0,0.0,1,0.0,1,0,0.0,0.4,10010.0,0.0,0.0,0.06742742800266323
172,0,,,2.0,2.0,0.9994056463070784,2.0,0.0,0.0,1,0.0,1,0,0.0,0.4,0.0,0.0,0.0,0.04709166602058234
173,0,,,2.0,2.0,0.9986187838711752,2.0,0.0,0.0,1,0.0,1,0,0.0,0.4,0.0,0.0,0.0,0.04703888985889898
174,0,,,3.0,3.0,0.9981149841863164,3.0,0.0,0.0,1,0.0,1,0,0.0,0.4,0.0,0.0,0.0,0.06299799278004165
175,0,,,391.0319680026174,396.0,0.9999999983210318,5.0,0.0,0.0,1,0.0,1,0,0.0,0.4,391.0,0.0,0.0,0.15138328666731923
176,0,,,2.0,2.0,0.999611961278529,2.0,0.0,0.0,1,0.0,1,0,0.0,0.4,0.0,0.0,0.0,0.05850537539450412
177,0,,,2.0,2.0,0.9964589123924024,2.0,0.0,0.0,1,0.0,1,0,0.0,0.4,0.0,0.0,0.0,0.06723039797083956
178,0,,,0.0,0.0,1.0,0.0,0.0,0.0,1,0.0,1,0,0.0,0.4,0.0,0.0,0.0,0.18865700067911792
179,0,,,2.0,2.0,0.9994056463070784,2.0,0.0,0.0,1,0.0,1,0,0.0,0.4,0.0,0.0,0.0,0.04709166602058234
180,0,,,1.0,1.0,0.9428090415820636,1.0,0.0,0.0,1,0.0,1,0,0.0,0.4,0.0,0.0,0.0,0.3319435673049081
181,0,,,2.0,2.0,0.999076724020674,2.0,0.0,0.0,1,0.0,1,0,0.0,0.4,0.0,0.0,0.0,0.04703888985889898
182,0,,,12890.00003878976,12891.0,0.9999999551557136,0.0,1.0,0.0,1,1.0,0,0,0.0,0.4,12890.0,0.0,0.0,0.35267954920579064
183,0,,,19220.000234131112,19223.0,0.999999995739572,3.0,0.0,0.0,1,0.0,1,0,0.0,0.4,19220.0,0.0,0.0,0.06342087468077579
184,0,,,18498.00024326954,18501.0,0.9999999993411026,3.0,0.0,0.0,1,0.0,1,0,0.0,0.4,18498.0,0.0,0.0,0.06403016292850656
185,0,,,9807.001835423504,9813.0,0.9999999978676116,6.0,0.0,0.0,1,0.0,1,0,0.0,0.4,9807.0,0.0,0.0,0.12489939693341857
186,0,,,35008.0,35008.0,0.9999999937970012,0.0,1.0,0.0,1,0.0,1,0,0.0,0.6,35008.0,0.0,0.0,0.250803691648686
187,0,,,1.0,1.0,0.9979402655783318,1.0,0.0,0.0,1,0.0,1,0,0.0,0.4,0.0,0.0,0.0,0.1428090924076587
188,0,,,2.0,2.0,0.9986054207456784,2.0,0.0,0.0,1,0.0,1,0,0.0,0.4,0.0,0.0,0.0,0.04703888985889898
189,0,,,19220.000234131112,19223.0,0.999999995739572,3.0,0.0,0.0,1,0.0,1,0,0.0,0.4,19220.0,0.0,0.0,0.06342087468077579
190,0,,,2.0,2.0,0.999076724020674,2.0,0.0,0.0,1,0.0,1,0,0.0,0.4,0.0,0.0,0.0,0.04703888985889898
191,0,,,6589.001897100956,6594.0,0.9999999888771502,5.0,0.0,0.0,1,0.0,1,0,0.0,0.4,6589.0,0.0,0.0,0.10894281331647176
192,0,,,3389.000590144534,3391.0,0.999999904023054,2.0,0.0,0.0,1,0.0,1,0,0.0,0.4,3389.0,0.0,0.0,0.0771987803058221
193,0,,,2.0,2.0,0.9986054207456784,2.0,0.0,0.0,1,0.0,1,0,0.0,0.4,0.0,0.0,0.0,0.04703888985889898
194,0,,,3.0,3.0,0.9981149841863164,3.0,0.0,0.0,1,0.0,1,0,0.0,0.4,0.0,0.0,0.0,0.06299799278004165
195,0,,,17888.000251565292,17891.0,0.9999999994132218,3.0,0.0,0.0,1,0.0,1,0,0.0,0.4,17888.0,0.0,0.0,0.06361874260379892
196,0,,,2.0,2.0,0.9984978774050592,2.0,0.0,0.0,1,0.0,1,0,0.0,0.4,0.0,0.0,0.0,0.04703888985889898
197,0,,,3.0,3.0,0.9981149841863164,3.0,0.0,0.0,1,0.0,1,0,0.0,0.4,0.0,0.0,0.0,0.06299799278004165
198,0,,,2.0,2.0,0.9992990141526302,2.0,0.0,0.0,1,0.0,1,0,0.0,0.4,0.0,0.0,0.0,0.04703888985889898
199,0,,,2.0,2.0,0.9978443605023736,2.0,0.0,0.0,1,0.0,1,0,0.0,0.4,0.0,0.0,0.0,0.04784833872468102
