pair_index,label,orig_id,anon_id,euclidean_distance,manhattan_distance,cosine_similarity,sector_diff,sector_equal,type_of_school_match,r2_school_education_match,overall_similarity
0,1,0.0,0.0,0.0,0.0,1.0,0.0,1,1,1,1.0
1,1,5.0,5.0,0.0,0.0,1.0,0.0,1,1,1,1.0
2,1,15.0,15.0,0.0,0.0,1.0,0.0,1,1,1,1.0
3,1,24.0,24.0,0.0,0.0,1.0,0.0,1,1,1,1.0
4,1,31.0,31.0,0.0,0.0,1.0,0.0,1,1,1,1.0
5,1,45.0,45.0,0.0,0.0,1.0,0.0,1,1,1,1.0
6,1,59.0,59.0,0.0,0.0,1.0,0.0,1,1,1,1.0
7,1,65.0,65.0,0.0,0.0,1.0,0.0,1,1,1,1.0
8,1,73.0,73.0,0.0,0.0,1.0,0.0,1,1,1,1.0
9,1,79.0,79.0,0.0,0.0,1.0,0.0,1,1,1,1.0
10,1,80.0,80.0,0.0,0.0,1.0,0.0,1,1,1,1.0
11,1,85.0,85.0,0.0,0.0,1.0,0.0,1,1,1,1.0
12,1,89.0,89.0,0.0,0.0,1.0,0.0,1,1,1,1.0
13,1,1.0,1.0,0.0,0.0,1.0,0.0,1,1,1,1.0
14,1,2.0,2.0,0.0,0.0,1.0,0.0,1,1,1,1.0
15,1,3.0,3.0,0.0,0.0,1.0,0.0,1,1,1,1.0
16,1,4.0,4.0,0.0,0.0,1.0,0.0,1,1,1,1.0
17,1,6.0,6.0,0.0,0.0,1.0,0.0,1,1,1,1.0
18,1,7.0,7.0,0.0,0.0,1.0,0.0,1,1,1,1.0
19,1,8.0,8.0,0.0,0.0,1.0,0.0,1,1,1,1.0
20,1,9.0,9.0,0.0,0.0,1.0,0.0,1,1,1,1.0
21,1,10.0,10.0,0.0,0.0,1.0,0.0,1,1,1,1.0
22,1,11.0,11.0,0.0,0.0,1.0,0.0,1,1,1,1.0
23,1,12.0,12.0,0.0,0.0,1.0,0.0,1,1,1,1.0
24,1,13.0,13.0,0.0,0.0,1.0,0.0,1,1,1,1.0
25,1,14.0,14.0,0.0,0.0,1.0,0.0,1,1,1,1.0
26,1,16.0,16.0,0.0,0.0,1.0,0.0,1,1,1,1.0
27,1,17.0,17.0,0.0,0.0,1.0,0.0,1,1,1,1.0
28,1,18.0,18.0,0.0,0.0,1.0,0.0,1,1,1,1.0
29,1,19.0,19.0,0.0,0.0,1.0,0.0,1,1,1,1.0
30,1,20.0,20.0,0.0,0.0,1.0,0.0,1,1,1,1.0
31,1,21.0,21.0,0.0,0.0,1.0,0.0,1,1,1,1.0
32,1,22.0,22.0,0.0,0.0,1.0,0.0,1,1,1,1.0
33,1,23.0,23.0,0.0,0.0,1.0,0.0,1,1,1,1.0
34,1,25.0,25.0,0.0,0.0,1.0,0.0,1,1,1,1.0
35,1,26.0,26.0,0.0,0.0,1.0,0.0,1,1,1,1.0
36,1,27.0,27.0,0.0,0.0,1.0,0.0,1,1,1,1.0
37,1,28.0,28.0,0.0,0.0,1.0,0.0,1,1,1,1.0
38,1,29.0,29.0,0.0,0.0,1.0,0.0,1,1,1,1.0
39,1,30.0,30.0,0.0,0.0,1.0,0.0,1,1,1,1.0
40,1,32.0,32.0,0.0,0.0,1.0,0.0,1,1,1,1.0
41,1,33.0,33.0,0.0,0.0,1.0,0.0,1,1,1,1.0
42,1,34.0,34.0,0.0,0.0,1.0,0.0,1,1,1,1.0
43,1,35.0,35.0,0.0,0.0,1.0,0.0,1,1,1,1.0
44,1,36.0,36.0,0.0,0.0,1.0,0.0,1,1,1,1.0
45,1,37.0,37.0,0.0,0.0,1.0,0.0,1,1,1,1.0
46,1,38.0,38.0,0.0,0.0,1.0,0.0,1,1,1,1.0
47,1,39.0,39.0,0.0,0.0,1.0,0.0,1,1,1,1.0
48,1,40.0,40.0,0.0,0.0,1.0,0.0,1,1,1,1.0
49,1,41.0,41.0,0.0,0.0,1.0,0.0,1,1,1,1.0
50,1,42.0,42.0,0.0,0.0,1.0,0.0,1,1,1,1.0
51,1,43.0,43.0,0.0,0.0,1.0,0.0,1,1,1,1.0
52,1,44.0,44.0,0.0,0.0,1.0,0.0,1,1,1,1.0
53,1,46.0,46.0,0.0,0.0,1.0,0.0,1,1,1,1.0
54,1,48.0,48.0,0.0,0.0,1.0,0.0,1,1,1,1.0
55,1,49.0,49.0,0.0,0.0,1.0,0.0,1,1,1,1.0
56,1,50.0,50.0,0.0,0.0,1.0,0.0,1,1,1,1.0
57,1,51.0,51.0,0.0,0.0,1.0,0.0,1,1,1,1.0
58,1,52.0,52.0,0.0,0.0,1.0,0.0,1,1,1,1.0
59,1,53.0,53.0,0.0,0.0,1.0,0.0,1,1,1,1.0
60,1,54.0,54.0,0.0,0.0,1.0,0.0,1,1,1,1.0
61,1,55.0,55.0,0.0,0.0,1.0,0.0,1,1,1,1.0
62,1,56.0,56.0,0.0,0.0,1.0,0.0,1,1,1,1.0
63,1,57.0,57.0,0.0,0.0,1.0,0.0,1,1,1,1.0
64,1,58.0,58.0,0.0,0.0,1.0,0.0,1,1,1,1.0
65,1,60.0,60.0,0.0,0.0,1.0,0.0,1,1,1,1.0
66,1,61.0,61.0,0.0,0.0,1.0,0.0,1,1,1,1.0
67,1,62.0,62.0,0.0,0.0,1.0,0.0,1,1,1,1.0
68,1,63.0,63.0,0.0,0.0,1.0,0.0,1,1,1,1.0
69,1,64.0,64.0,0.0,0.0,1.0,0.0,1,1,1,1.0
70,1,66.0,66.0,0.0,0.0,1.0,0.0,1,1,1,1.0
71,1,67.0,67.0,0.0,0.0,1.0,0.0,1,1,1,1.0
72,1,68.0,68.0,0.0,0.0,1.0,0.0,1,1,1,1.0
73,1,69.0,69.0,0.0,0.0,1.0,0.0,1,1,1,1.0
74,1,70.0,70.0,0.0,0.0,1.0,0.0,1,1,1,1.0
75,1,71.0,71.0,0.0,0.0,1.0,0.0,1,1,1,1.0
76,1,72.0,72.0,0.0,0.0,1.0,0.0,1,1,1,1.0
77,1,74.0,74.0,0.0,0.0,1.0,0.0,1,1,1,1.0
78,1,75.0,75.0,0.0,0.0,1.0,0.0,1,1,1,1.0
79,1,77.0,77.0,0.0,0.0,1.0,0.0,1,1,1,1.0
80,1,78.0,78.0,0.0,0.0,1.0,0.0,1,1,1,1.0
81,1,81.0,81.0,0.0,0.0,1.0,0.0,1,1,1,1.0
82,1,82.0,82.0,0.0,0.0,1.0,0.0,1,1,1,1.0
83,1,83.0,83.0,0.0,0.0,1.0,0.0,1,1,1,1.0
84,1,84.0,84.0,0.0,0.0,1.0,0.0,1,1,1,1.0
85,1,86.0,86.0,0.0,0.0,1.0,0.0,1,1,1,1.0
86,1,87.0,87.0,0.0,0.0,1.0,0.0,1,1,1,1.0
87,1,88.0,88.0,0.0,0.0,1.0,0.0,1,1,1,1.0
88,1,90.0,90.0,0.0,0.0,1.0,0.0,1,1,1,1.0
89,1,91.0,91.0,0.0,0.0,1.0,0.0,1,1,1,1.0
90,1,92.0,92.0,0.0,0.0,1.0,0.0,1,1,1,1.0
91,1,93.0,93.0,0.0,0.0,1.0,0.0,1,1,1,1.0
92,1,94.0,94.0,0.0,0.0,1.0,0.0,1,1,1,1.0
93,1,95.0,95.0,0.0,0.0,1.0,0.0,1,1,1,1.0
94,1,96.0,96.0,0.0,0.0,1.0,0.0,1,1,1,1.0
95,1,97.0,97.0,0.0,0.0,1.0,0.0,1,1,1,1.0
96,1,98.0,98.0,0.0,0.0,1.0,0.0,1,1,1,1.0
97,1,99.0,99.0,0.0,0.0,1.0,0.0,1,1,1,1.0
98,1,47.0,47.0,0.0,0.0,1.0,0.0,1,1,1,1.0
99,1,76.0,76.0,0.0,0.0,1.0,0.0,1,1,1,1.0
100,0,,,0.0,0.0,1.0,0.0,1,1,0,0.6666666666666666
101,0,,,1.0,1.0,1.0,1.0,0,1,1,0.6666666666666666
102,0,,,1.0,1.0,1.0,1.0,0,1,1,0.6666666666666666
103,0,,,0.0,0.0,1.0,0.0,1,1,0,0.6666666666666666
104,0,,,0.0,0.0,1.0,0.0,1,1,0,0.6666666666666666
105,0,,,0.0,0.0,1.0,0.0,1,1,0,0.6666666666666666
106,0,,,0.0,0.0,1.0,0.0,1,1,0,0.6666666666666666
107,0,,,1.0,1.0,1.0,1.0,0,1,1,0.6666666666666666
108,0,,,1.0,1.0,1.0,1.0,0,1,1,0.6666666666666666
109,0,,,0.0,0.0,1.0,0.0,1,1,0,0.6666666666666666
110,0,,,0.0,0.0,1.0,0.0,1,1,0,0.6666666666666666
111,0,,,0.0,0.0,1.0,0.0,1,1,0,0.6666666666666666
112,0,,,0.0,0.0,1.0,0.0,1,1,0,0.6666666666666666
113,0,,,0.0,0.0,1.0,0.0,1,1,0,0.6666666666666666
114,0,,,1.0,1.0,1.0,1.0,0,1,1,0.6666666666666666
115,0,,,1.0,1.0,1.0,1.0,0,1,1,0.6666666666666666
116,0,,,0.0,0.0,1.0,0.0,1,1,0,0.6666666666666666
117,0,,,0.0,0.0,1.0,0.0,1,1,0,0.6666666666666666
118,0,,,0.0,0.0,1.0,0.0,1,1,0,0.6666666666666666
119,0,,,0.0,0.0,1.0,0.0,1,1,0,0.6666666666666666
120,0,,,0.0,0.0,1.0,0.0,1,1,0,0.6666666666666666
121,0,,,0.0,0.0,1.0,0.0,1,1,0,0.6666666666666666
122,0,,,0.0,0.0,1.0,0.0,1,1,0,0.6666666666666666
123,0,,,0.0,0.0,1.0,0.0,1,1,0,0.6666666666666666
124,0,,,1.0,1.0,1.0,1.0,0,1,1,0.6666666666666666
125,0,,,1.0,1.0,1.0,1.0,0,1,1,0.6666666666666666
126,0,,,1.0,1.0,1.0,1.0,0,1,1,0.6666666666666666
127,0,,,0.0,0.0,1.0,0.0,1,1,0,0.6666666666666666
128,0,,,0.0,0.0,1.0,0.0,1,1,0,0.6666666666666666
129,0,,,0.0,0.0,1.0,0.0,1,1,0,0.6666666666666666
130,0,,,0.0,0.0,1.0,0.0,1,1,0,0.6666666666666666
131,0,,,0.0,0.0,1.0,0.0,1,1,0,0.6666666666666666
132,0,,,0.0,0.0,1.0,0.0,1,1,0,0.6666666666666666
133,0,,,0.0,0.0,1.0,0.0,1,1,0,0.6666666666666666
134,0,,,0.0,0.0,1.0,0.0,1,1,0,0.6666666666666666
135,0,,,0.0,0.0,1.0,0.0,1,1,0,0.6666666666666666
136,0,,,0.0,0.0,1.0,0.0,1,1,0,0.6666666666666666
137,0,,,0.0,0.0,1.0,0.0,1,1,0,0.6666666666666666
138,0,,,0.0,0.0,1.0,0.0,1,1,0,0.6666666666666666
139,0,,,1.0,1.0,1.0,1.0,0,1,1,0.6666666666666666
140,0,,,0.0,0.0,1.0,0.0,1,1,0,0.6666666666666666
141,0,,,0.0,0.0,1.0,0.0,1,1,0,0.6666666666666666
142,0,,,1.0,1.0,1.0,1.0,0,1,1,0.6666666666666666
143,0,,,0.0,0.0,1.0,0.0,1,1,0,0.6666666666666666
144,0,,,0.0,0.0,1.0,0.0,1,1,0,0.6666666666666666
145,0,,,0.0,0.0,1.0,0.0,1,1,0,0.6666666666666666
146,0,,,0.0,0.0,1.0,0.0,1,1,0,0.6666666666666666
147,0,,,0.0,0.0,1.0,0.0,1,1,0,0.6666666666666666
148,0,,,1.0,1.0,1.0,1.0,0,1,1,0.6666666666666666
149,0,,,1.0,1.0,1.0,1.0,0,1,1,0.6666666666666666
150,0,,,0.0,0.0,1.0,0.0,1,1,0,0.6666666666666666
151,0,,,1.0,1.0,1.0,1.0,0,1,1,0.6666666666666666
152,0,,,0.0,0.0,1.0,0.0,1,1,0,0.6666666666666666
153,0,,,0.0,0.0,1.0,0.0,1,1,0,0.6666666666666666
154,0,,,0.0,0.0,1.0,0.0,1,1,0,0.6666666666666666
155,0,,,0.0,0.0,1.0,0.0,1,1,0,0.6666666666666666
156,0,,,0.0,0.0,1.0,0.0,1,1,0,0.6666666666666666
157,0,,,0.0,0.0,1.0,0.0,1,1,0,0.6666666666666666
158,0,,,0.0,0.0,1.0,0.0,1,1,0,0.6666666666666666
159,0,,,0.0,0.0,1.0,0.0,1,1,0,0.6666666666666666
160,0,,,0.0,0.0,1.0,0.0,1,1,0,0.6666666666666666
161,0,,,0.0,0.0,1.0,0.0,1,1,0,0.6666666666666666
162,0,,,0.0,0.0,1.0,0.0,1,1,0,0.6666666666666666
163,0,,,0.0,0.0,1.0,0.0,1,1,0,0.6666666666666666
164,0,,,1.0,1.0,1.0,1.0,0,1,1,0.6666666666666666
165,0,,,0.0,0.0,1.0,0.0,1,1,0,0.6666666666666666
166,0,,,0.0,0.0,1.0,0.0,1,1,0,0.6666666666666666
167,0,,,0.0,0.0,1.0,0.0,1,1,0,0.6666666666666666
168,0,,,0.0,0.0,1.0,0.0,1,1,0,0.6666666666666666
169,0,,,0.0,0.0,1.0,0.0,1,1,0,0.6666666666666666
170,0,,,0.0,0.0,1.0,0.0,1,1,0,0.6666666666666666
171,0,,,0.0,0.0,1.0,0.0,1,1,0,0.6666666666666666
172,0,,,0.0,0.0,1.0,0.0,1,1,0,0.6666666666666666
173,0,,,0.0,0.0,1.0,0.0,1,1,0,0.6666666666666666
174,0,,,1.0,1.0,1.0,1.0,0,1,1,0.6666666666666666
175,0,,,0.0,0.0,1.0,0.0,1,1,0,0.6666666666666666
176,0,,,0.0,0.0,1.0,0.0,1,1,0,0.6666666666666666
177,0,,,0.0,0.0,1.0,0.0,1,1,0,0.6666666666666666
178,0,,,0.0,0.0,1.0,0.0,1,1,0,0.6666666666666666
179,0,,,1.0,1.0,1.0,1.0,0,1,1,0.6666666666666666
180,0,,,0.0,0.0,1.0,0.0,1,1,0,0.6666666666666666
181,0,,,0.0,0.0,1.0,0.0,1,1,0,0.6666666666666666
182,0,,,0.0,0.0,1.0,0.0,1,1,0,0.6666666666666666
183,0,,,0.0,0.0,1.0,0.0,1,1,0,0.6666666666666666
184,0,,,1.0,1.0,1.0,1.0,0,1,1,0.6666666666666666
185,0,,,1.0,1.0,1.0,1.0,0,1,1,0.6666666666666666
186,0,,,0.0,0.0,1.0,0.0,1,1,0,0.6666666666666666
187,0,,,0.0,0.0,1.0,0.0,1,1,0,0.6666666666666666
188,0,,,0.0,0.0,1.0,0.0,1,1,0,0.6666666666666666
189,0,,,0.0,0.0,1.0,0.0,1,1,0,0.6666666666666666
190,0,,,0.0,0.0,1.0,0.0,1,1,0,0.6666666666666666
191,0,,,0.0,0.0,1.0,0.0,1,1,0,0.6666666666666666
192,0,,,0.0,0.0,1.0,0.0,1,1,0,0.6666666666666666
193,0,,,1.0,1.0,1.0,1.0,0,1,1,0.6666666666666666
194,0,,,0.0,0.0,1.0,0.0,1,1,0,0.6666666666666666
195,0,,,0.0,0.0,1.0,0.0,1,1,0,0.6666666666666666
196,0,,,0.0,0.0,1.0,0.0,1,1,0,0.6666666666666666
197,0,,,0.0,0.0,1.0,0.0,1,1,0,0.6666666666666666
198,0,,,1.0,1.0,1.0,1.0,0,1,1,0.6666666666666666
199,0,,,0.0,0.0,1.0,0.0,1,1,0,0.6666666666666666
