row_index,anon_id,orig_id,pred_prob,feature,feature_value,shap_value
0,0.0,0.0,0.9552064099322148,euclidean_distance,0.0,-0.06791086475272971
0,0.0,0.0,0.9552064099322148,manhattan_distance,0.0,0.06791086475272973
0,0.0,0.0,0.9552064099322148,cosine_similarity,1.0,-0.06167508679381163
0,0.0,0.0,0.9552064099322148,age_diff,0.0,0.06167508679381171
0,0.0,0.0,0.9552064099322148,age_equal,1.0,-0.061174930060110835
0,0.0,0.0,0.9552064099322148,birth_year_diff,0.0,0.061174930060110835
0,0.0,0.0,0.9552064099322148,birth_year_equal,1.0,-0.0827644198894245
0,0.0,0.0,0.9552064099322148,education_match,1.0,0.08276441988942454
0,0.0,0.0,0.9552064099322148,marital_status_match,1.0,-0.09547754614259822
0,0.0,0.0,0.9552064099322148,sex_match,1.0,0.09547754614259828
0,0.0,0.0,0.9552064099322148,religion_match,1.0,-0.02981154850061555
0,0.0,0.0,0.9552064099322148,ethnicity_match,1.0,0.02981154850061557
0,0.0,0.0,0.9552064099322148,overall_similarity,1.0,-0.019229349816542868
1,2.0,2.0,0.9552064099322148,euclidean_distance,0.0,-0.06791086475272971
1,2.0,2.0,0.9552064099322148,manhattan_distance,0.0,0.06791086475272973
1,2.0,2.0,0.9552064099322148,cosine_similarity,1.0,-0.06167508679381163
1,2.0,2.0,0.9552064099322148,age_diff,0.0,0.06167508679381171
1,2.0,2.0,0.9552064099322148,age_equal,1.0,-0.061174930060110835
1,2.0,2.0,0.9552064099322148,birth_year_diff,0.0,0.061174930060110835
1,2.0,2.0,0.9552064099322148,birth_year_equal,1.0,-0.0827644198894245
1,2.0,2.0,0.9552064099322148,education_match,1.0,0.08276441988942454
1,2.0,2.0,0.9552064099322148,marital_status_match,1.0,-0.09547754614259822
1,2.0,2.0,0.9552064099322148,sex_match,1.0,0.09547754614259828
1,2.0,2.0,0.9552064099322148,religion_match,1.0,-0.02981154850061555
1,2.0,2.0,0.9552064099322148,ethnicity_match,1.0,0.02981154850061557
1,2.0,2.0,0.9552064099322148,overall_similarity,1.0,-0.019229349816542868
2,3.0,3.0,0.9552064099322148,euclidean_distance,0.0,-0.06791086475272971
2,3.0,3.0,0.9552064099322148,manhattan_distance,0.0,0.06791086475272973
2,3.0,3.0,0.9552064099322148,cosine_similarity,1.0,-0.06167508679381163
2,3.0,3.0,0.9552064099322148,age_diff,0.0,0.06167508679381171
2,3.0,3.0,0.9552064099322148,age_equal,1.0,-0.061174930060110835
2,3.0,3.0,0.9552064099322148,birth_year_diff,0.0,0.061174930060110835
2,3.0,3.0,0.9552064099322148,birth_year_equal,1.0,-0.0827644198894245
2,3.0,3.0,0.9552064099322148,education_match,1.0,0.08276441988942454
2,3.0,3.0,0.9552064099322148,marital_status_match,1.0,-0.09547754614259822
2,3.0,3.0,0.9552064099322148,sex_match,1.0,0.09547754614259828
2,3.0,3.0,0.9552064099322148,religion_match,1.0,-0.02981154850061555
2,3.0,3.0,0.9552064099322148,ethnicity_match,1.0,0.02981154850061557
2,3.0,3.0,0.9552064099322148,overall_similarity,1.0,-0.019229349816542868
3,4.0,79.0,0.9552064099322148,euclidean_distance,0.0,-0.06791086475272971
3,4.0,79.0,0.9552064099322148,manhattan_distance,0.0,0.06791086475272973
3,4.0,79.0,0.9552064099322148,cosine_similarity,1.0,-0.06167508679381163
3,4.0,79.0,0.9552064099322148,age_diff,0.0,0.06167508679381171
3,4.0,79.0,0.9552064099322148,age_equal,1.0,-0.061174930060110835
3,4.0,79.0,0.9552064099322148,birth_year_diff,0.0,0.061174930060110835
3,4.0,79.0,0.9552064099322148,birth_year_equal,1.0,-0.0827644198894245
3,4.0,79.0,0.9552064099322148,education_match,1.0,0.08276441988942454
3,4.0,79.0,0.9552064099322148,marital_status_match,1.0,-0.09547754614259822
3,4.0,79.0,0.9552064099322148,sex_match,1.0,0.09547754614259828
3,4.0,79.0,0.9552064099322148,religion_match,1.0,-0.02981154850061555
3,4.0,79.0,0.9552064099322148,ethnicity_match,1.0,0.02981154850061557
3,4.0,79.0,0.9552064099322148,overall_similarity,1.0,-0.019229349816542868
4,6.0,6.0,0.9552064099322148,euclidean_distance,0.0,-0.06791086475272971
4,6.0,6.0,0.9552064099322148,manhattan_distance,0.0,0.06791086475272973
4,6.0,6.0,0.9552064099322148,cosine_similarity,1.0,-0.06167508679381163
4,6.0,6.0,0.9552064099322148,age_diff,0.0,0.06167508679381171
4,6.0,6.0,0.9552064099322148,age_equal,1.0,-0.061174930060110835
4,6.0,6.0,0.9552064099322148,birth_year_diff,0.0,0.061174930060110835
4,6.0,6.0,0.9552064099322148,birth_year_equal,1.0,-0.0827644198894245
4,6.0,6.0,0.9552064099322148,education_match,1.0,0.08276441988942454
4,6.0,6.0,0.9552064099322148,marital_status_match,1.0,-0.09547754614259822
4,6.0,6.0,0.9552064099322148,sex_match,1.0,0.09547754614259828
4,6.0,6.0,0.9552064099322148,religion_match,1.0,-0.02981154850061555
4,6.0,6.0,0.9552064099322148,ethnicity_match,1.0,0.02981154850061557
4,6.0,6.0,0.9552064099322148,overall_similarity,1.0,-0.019229349816542868
5,7.0,7.0,0.9552064099322148,euclidean_distance,0.0,-0.06791086475272971
5,7.0,7.0,0.9552064099322148,manhattan_distance,0.0,0.06791086475272973
5,7.0,7.0,0.9552064099322148,cosine_similarity,1.0,-0.06167508679381163
5,7.0,7.0,0.9552064099322148,age_diff,0.0,0.06167508679381171
5,7.0,7.0,0.9552064099322148,age_equal,1.0,-0.061174930060110835
5,7.0,7.0,0.9552064099322148,birth_year_diff,0.0,0.061174930060110835
5,7.0,7.0,0.9552064099322148,birth_year_equal,1.0,-0.0827644198894245
5,7.0,7.0,0.9552064099322148,education_match,1.0,0.08276441988942454
5,7.0,7.0,0.9552064099322148,marital_status_match,1.0,-0.09547754614259822
5,7.0,7.0,0.9552064099322148,sex_match,1.0,0.09547754614259828
5,7.0,7.0,0.9552064099322148,religion_match,1.0,-0.02981154850061555
5,7.0,7.0,0.9552064099322148,ethnicity_match,1.0,0.02981154850061557
5,7.0,7.0,0.9552064099322148,overall_similarity,1.0,-0.019229349816542868
6,9.0,9.0,0.9552064099322148,euclidean_distance,0.0,-0.06791086475272971
6,9.0,9.0,0.9552064099322148,manhattan_distance,0.0,0.06791086475272973
6,9.0,9.0,0.9552064099322148,cosine_similarity,1.0,-0.06167508679381163
6,9.0,9.0,0.9552064099322148,age_diff,0.0,0.06167508679381171
6,9.0,9.0,0.9552064099322148,age_equal,1.0,-0.061174930060110835
6,9.0,9.0,0.9552064099322148,birth_year_diff,0.0,0.061174930060110835
6,9.0,9.0,0.9552064099322148,birth_year_equal,1.0,-0.0827644198894245
6,9.0,9.0,0.9552064099322148,education_match,1.0,0.08276441988942454
6,9.0,9.0,0.9552064099322148,marital_status_match,1.0,-0.09547754614259822
6,9.0,9.0,0.9552064099322148,sex_match,1.0,0.09547754614259828
6,9.0,9.0,0.9552064099322148,religion_match,1.0,-0.02981154850061555
6,9.0,9.0,0.9552064099322148,ethnicity_match,1.0,0.02981154850061557
6,9.0,9.0,0.9552064099322148,overall_similarity,1.0,-0.019229349816542868
7,10.0,10.0,0.9552064099322148,euclidean_distance,0.0,-0.06791086475272971
7,10.0,10.0,0.9552064099322148,manhattan_distance,0.0,0.06791086475272973
7,10.0,10.0,0.9552064099322148,cosine_similarity,1.0,-0.06167508679381163
7,10.0,10.0,0.9552064099322148,age_diff,0.0,0.06167508679381171
7,10.0,10.0,0.9552064099322148,age_equal,1.0,-0.061174930060110835
7,10.0,10.0,0.9552064099322148,birth_year_diff,0.0,0.061174930060110835
7,10.0,10.0,0.9552064099322148,birth_year_equal,1.0,-0.0827644198894245
7,10.0,10.0,0.9552064099322148,education_match,1.0,0.08276441988942454
7,10.0,10.0,0.9552064099322148,marital_status_match,1.0,-0.09547754614259822
7,10.0,10.0,0.9552064099322148,sex_match,1.0,0.09547754614259828
7,10.0,10.0,0.9552064099322148,religion_match,1.0,-0.02981154850061555
7,10.0,10.0,0.9552064099322148,ethnicity_match,1.0,0.02981154850061557
7,10.0,10.0,0.9552064099322148,overall_similarity,1.0,-0.019229349816542868
8,11.0,11.0,0.9552064099322148,euclidean_distance,0.0,-0.06791086475272971
8,11.0,11.0,0.9552064099322148,manhattan_distance,0.0,0.06791086475272973
8,11.0,11.0,0.9552064099322148,cosine_similarity,1.0,-0.06167508679381163
8,11.0,11.0,0.9552064099322148,age_diff,0.0,0.06167508679381171
8,11.0,11.0,0.9552064099322148,age_equal,1.0,-0.061174930060110835
8,11.0,11.0,0.9552064099322148,birth_year_diff,0.0,0.061174930060110835
8,11.0,11.0,0.9552064099322148,birth_year_equal,1.0,-0.0827644198894245
8,11.0,11.0,0.9552064099322148,education_match,1.0,0.08276441988942454
8,11.0,11.0,0.9552064099322148,marital_status_match,1.0,-0.09547754614259822
8,11.0,11.0,0.9552064099322148,sex_match,1.0,0.09547754614259828
8,11.0,11.0,0.9552064099322148,religion_match,1.0,-0.02981154850061555
8,11.0,11.0,0.9552064099322148,ethnicity_match,1.0,0.02981154850061557
8,11.0,11.0,0.9552064099322148,overall_similarity,1.0,-0.019229349816542868
9,13.0,13.0,0.9552064099322148,euclidean_distance,0.0,-0.06791086475272971
9,13.0,13.0,0.9552064099322148,manhattan_distance,0.0,0.06791086475272973
9,13.0,13.0,0.9552064099322148,cosine_similarity,1.0,-0.06167508679381163
9,13.0,13.0,0.9552064099322148,age_diff,0.0,0.06167508679381171
9,13.0,13.0,0.9552064099322148,age_equal,1.0,-0.061174930060110835
9,13.0,13.0,0.9552064099322148,birth_year_diff,0.0,0.061174930060110835
9,13.0,13.0,0.9552064099322148,birth_year_equal,1.0,-0.0827644198894245
9,13.0,13.0,0.9552064099322148,education_match,1.0,0.08276441988942454
9,13.0,13.0,0.9552064099322148,marital_status_match,1.0,-0.09547754614259822
9,13.0,13.0,0.9552064099322148,sex_match,1.0,0.09547754614259828
9,13.0,13.0,0.9552064099322148,religion_match,1.0,-0.02981154850061555
9,13.0,13.0,0.9552064099322148,ethnicity_match,1.0,0.02981154850061557
9,13.0,13.0,0.9552064099322148,overall_similarity,1.0,-0.019229349816542868
10,15.0,15.0,0.9552064099322148,euclidean_distance,0.0,-0.06791086475272971
10,15.0,15.0,0.9552064099322148,manhattan_distance,0.0,0.06791086475272973
10,15.0,15.0,0.9552064099322148,cosine_similarity,1.0,-0.06167508679381163
10,15.0,15.0,0.9552064099322148,age_diff,0.0,0.06167508679381171
10,15.0,15.0,0.9552064099322148,age_equal,1.0,-0.061174930060110835
10,15.0,15.0,0.9552064099322148,birth_year_diff,0.0,0.061174930060110835
10,15.0,15.0,0.9552064099322148,birth_year_equal,1.0,-0.0827644198894245
10,15.0,15.0,0.9552064099322148,education_match,1.0,0.08276441988942454
10,15.0,15.0,0.9552064099322148,marital_status_match,1.0,-0.09547754614259822
10,15.0,15.0,0.9552064099322148,sex_match,1.0,0.09547754614259828
10,15.0,15.0,0.9552064099322148,religion_match,1.0,-0.02981154850061555
10,15.0,15.0,0.9552064099322148,ethnicity_match,1.0,0.02981154850061557
10,15.0,15.0,0.9552064099322148,overall_similarity,1.0,-0.019229349816542868
11,16.0,16.0,0.9552064099322148,euclidean_distance,0.0,-0.06791086475272971
11,16.0,16.0,0.9552064099322148,manhattan_distance,0.0,0.06791086475272973
11,16.0,16.0,0.9552064099322148,cosine_similarity,1.0,-0.06167508679381163
11,16.0,16.0,0.9552064099322148,age_diff,0.0,0.06167508679381171
11,16.0,16.0,0.9552064099322148,age_equal,1.0,-0.061174930060110835
11,16.0,16.0,0.9552064099322148,birth_year_diff,0.0,0.061174930060110835
11,16.0,16.0,0.9552064099322148,birth_year_equal,1.0,-0.0827644198894245
11,16.0,16.0,0.9552064099322148,education_match,1.0,0.08276441988942454
11,16.0,16.0,0.9552064099322148,marital_status_match,1.0,-0.09547754614259822
11,16.0,16.0,0.9552064099322148,sex_match,1.0,0.09547754614259828
11,16.0,16.0,0.9552064099322148,religion_match,1.0,-0.02981154850061555
11,16.0,16.0,0.9552064099322148,ethnicity_match,1.0,0.02981154850061557
11,16.0,16.0,0.9552064099322148,overall_similarity,1.0,-0.019229349816542868
12,19.0,19.0,0.9552064099322148,euclidean_distance,0.0,-0.06791086475272971
12,19.0,19.0,0.9552064099322148,manhattan_distance,0.0,0.06791086475272973
12,19.0,19.0,0.9552064099322148,cosine_similarity,1.0,-0.06167508679381163
12,19.0,19.0,0.9552064099322148,age_diff,0.0,0.06167508679381171
12,19.0,19.0,0.9552064099322148,age_equal,1.0,-0.061174930060110835
12,19.0,19.0,0.9552064099322148,birth_year_diff,0.0,0.061174930060110835
12,19.0,19.0,0.9552064099322148,birth_year_equal,1.0,-0.0827644198894245
12,19.0,19.0,0.9552064099322148,education_match,1.0,0.08276441988942454
12,19.0,19.0,0.9552064099322148,marital_status_match,1.0,-0.09547754614259822
12,19.0,19.0,0.9552064099322148,sex_match,1.0,0.09547754614259828
12,19.0,19.0,0.9552064099322148,religion_match,1.0,-0.02981154850061555
12,19.0,19.0,0.9552064099322148,ethnicity_match,1.0,0.02981154850061557
12,19.0,19.0,0.9552064099322148,overall_similarity,1.0,-0.019229349816542868
13,20.0,20.0,0.9552064099322148,euclidean_distance,0.0,-0.06791086475272971
13,20.0,20.0,0.9552064099322148,manhattan_distance,0.0,0.06791086475272973
13,20.0,20.0,0.9552064099322148,cosine_similarity,1.0,-0.06167508679381163
13,20.0,20.0,0.9552064099322148,age_diff,0.0,0.06167508679381171
13,20.0,20.0,0.9552064099322148,age_equal,1.0,-0.061174930060110835
13,20.0,20.0,0.9552064099322148,birth_year_diff,0.0,0.061174930060110835
13,20.0,20.0,0.9552064099322148,birth_year_equal,1.0,-0.0827644198894245
13,20.0,20.0,0.9552064099322148,education_match,1.0,0.08276441988942454
13,20.0,20.0,0.9552064099322148,marital_status_match,1.0,-0.09547754614259822
13,20.0,20.0,0.9552064099322148,sex_match,1.0,0.09547754614259828
13,20.0,20.0,0.9552064099322148,religion_match,1.0,-0.02981154850061555
13,20.0,20.0,0.9552064099322148,ethnicity_match,1.0,0.02981154850061557
13,20.0,20.0,0.9552064099322148,overall_similarity,1.0,-0.019229349816542868
14,24.0,24.0,0.9552064099322148,euclidean_distance,0.0,-0.06791086475272971
14,24.0,24.0,0.9552064099322148,manhattan_distance,0.0,0.06791086475272973
14,24.0,24.0,0.9552064099322148,cosine_similarity,1.0,-0.06167508679381163
14,24.0,24.0,0.9552064099322148,age_diff,0.0,0.06167508679381171
14,24.0,24.0,0.9552064099322148,age_equal,1.0,-0.061174930060110835
14,24.0,24.0,0.9552064099322148,birth_year_diff,0.0,0.061174930060110835
14,24.0,24.0,0.9552064099322148,birth_year_equal,1.0,-0.0827644198894245
14,24.0,24.0,0.9552064099322148,education_match,1.0,0.08276441988942454
14,24.0,24.0,0.9552064099322148,marital_status_match,1.0,-0.09547754614259822
14,24.0,24.0,0.9552064099322148,sex_match,1.0,0.09547754614259828
14,24.0,24.0,0.9552064099322148,religion_match,1.0,-0.02981154850061555
14,24.0,24.0,0.9552064099322148,ethnicity_match,1.0,0.02981154850061557
14,24.0,24.0,0.9552064099322148,overall_similarity,1.0,-0.019229349816542868
15,30.0,30.0,0.9552064099322148,euclidean_distance,0.0,-0.06791086475272971
15,30.0,30.0,0.9552064099322148,manhattan_distance,0.0,0.06791086475272973
15,30.0,30.0,0.9552064099322148,cosine_similarity,1.0,-0.06167508679381163
15,30.0,30.0,0.9552064099322148,age_diff,0.0,0.06167508679381171
15,30.0,30.0,0.9552064099322148,age_equal,1.0,-0.061174930060110835
15,30.0,30.0,0.9552064099322148,birth_year_diff,0.0,0.061174930060110835
15,30.0,30.0,0.9552064099322148,birth_year_equal,1.0,-0.0827644198894245
15,30.0,30.0,0.9552064099322148,education_match,1.0,0.08276441988942454
15,30.0,30.0,0.9552064099322148,marital_status_match,1.0,-0.09547754614259822
15,30.0,30.0,0.9552064099322148,sex_match,1.0,0.09547754614259828
15,30.0,30.0,0.9552064099322148,religion_match,1.0,-0.02981154850061555
15,30.0,30.0,0.9552064099322148,ethnicity_match,1.0,0.02981154850061557
15,30.0,30.0,0.9552064099322148,overall_similarity,1.0,-0.019229349816542868
16,54.0,54.0,0.9552064099322148,euclidean_distance,0.0,-0.06791086475272971
16,54.0,54.0,0.9552064099322148,manhattan_distance,0.0,0.06791086475272973
16,54.0,54.0,0.9552064099322148,cosine_similarity,1.0,-0.06167508679381163
16,54.0,54.0,0.9552064099322148,age_diff,0.0,0.06167508679381171
16,54.0,54.0,0.9552064099322148,age_equal,1.0,-0.061174930060110835
16,54.0,54.0,0.9552064099322148,birth_year_diff,0.0,0.061174930060110835
16,54.0,54.0,0.9552064099322148,birth_year_equal,1.0,-0.0827644198894245
16,54.0,54.0,0.9552064099322148,education_match,1.0,0.08276441988942454
16,54.0,54.0,0.9552064099322148,marital_status_match,1.0,-0.09547754614259822
16,54.0,54.0,0.9552064099322148,sex_match,1.0,0.09547754614259828
16,54.0,54.0,0.9552064099322148,religion_match,1.0,-0.02981154850061555
16,54.0,54.0,0.9552064099322148,ethnicity_match,1.0,0.02981154850061557
16,54.0,54.0,0.9552064099322148,overall_similarity,1.0,-0.019229349816542868
17,33.0,33.0,0.9552064099322148,euclidean_distance,0.0,-0.06791086475272971
17,33.0,33.0,0.9552064099322148,manhattan_distance,0.0,0.06791086475272973
17,33.0,33.0,0.9552064099322148,cosine_similarity,1.0,-0.06167508679381163
17,33.0,33.0,0.9552064099322148,age_diff,0.0,0.06167508679381171
17,33.0,33.0,0.9552064099322148,age_equal,1.0,-0.061174930060110835
17,33.0,33.0,0.9552064099322148,birth_year_diff,0.0,0.061174930060110835
17,33.0,33.0,0.9552064099322148,birth_year_equal,1.0,-0.0827644198894245
17,33.0,33.0,0.9552064099322148,education_match,1.0,0.08276441988942454
17,33.0,33.0,0.9552064099322148,marital_status_match,1.0,-0.09547754614259822
17,33.0,33.0,0.9552064099322148,sex_match,1.0,0.09547754614259828
17,33.0,33.0,0.9552064099322148,religion_match,1.0,-0.02981154850061555
17,33.0,33.0,0.9552064099322148,ethnicity_match,1.0,0.02981154850061557
17,33.0,33.0,0.9552064099322148,overall_similarity,1.0,-0.019229349816542868
18,34.0,34.0,0.9552064099322148,euclidean_distance,0.0,-0.06791086475272971
18,34.0,34.0,0.9552064099322148,manhattan_distance,0.0,0.06791086475272973
18,34.0,34.0,0.9552064099322148,cosine_similarity,1.0,-0.06167508679381163
18,34.0,34.0,0.9552064099322148,age_diff,0.0,0.06167508679381171
18,34.0,34.0,0.9552064099322148,age_equal,1.0,-0.061174930060110835
18,34.0,34.0,0.9552064099322148,birth_year_diff,0.0,0.061174930060110835
18,34.0,34.0,0.9552064099322148,birth_year_equal,1.0,-0.0827644198894245
18,34.0,34.0,0.9552064099322148,education_match,1.0,0.08276441988942454
18,34.0,34.0,0.9552064099322148,marital_status_match,1.0,-0.09547754614259822
18,34.0,34.0,0.9552064099322148,sex_match,1.0,0.09547754614259828
18,34.0,34.0,0.9552064099322148,religion_match,1.0,-0.02981154850061555
18,34.0,34.0,0.9552064099322148,ethnicity_match,1.0,0.02981154850061557
18,34.0,34.0,0.9552064099322148,overall_similarity,1.0,-0.019229349816542868
19,38.0,38.0,0.9552064099322148,euclidean_distance,0.0,-0.06791086475272971
19,38.0,38.0,0.9552064099322148,manhattan_distance,0.0,0.06791086475272973
19,38.0,38.0,0.9552064099322148,cosine_similarity,1.0,-0.06167508679381163
19,38.0,38.0,0.9552064099322148,age_diff,0.0,0.06167508679381171
19,38.0,38.0,0.9552064099322148,age_equal,1.0,-0.061174930060110835
19,38.0,38.0,0.9552064099322148,birth_year_diff,0.0,0.061174930060110835
19,38.0,38.0,0.9552064099322148,birth_year_equal,1.0,-0.0827644198894245
19,38.0,38.0,0.9552064099322148,education_match,1.0,0.08276441988942454
19,38.0,38.0,0.9552064099322148,marital_status_match,1.0,-0.09547754614259822
19,38.0,38.0,0.9552064099322148,sex_match,1.0,0.09547754614259828
19,38.0,38.0,0.9552064099322148,religion_match,1.0,-0.02981154850061555
19,38.0,38.0,0.9552064099322148,ethnicity_match,1.0,0.02981154850061557
19,38.0,38.0,0.9552064099322148,overall_similarity,1.0,-0.019229349816542868
20,43.0,43.0,0.9552064099322148,euclidean_distance,0.0,-0.06791086475272971
20,43.0,43.0,0.9552064099322148,manhattan_distance,0.0,0.06791086475272973
20,43.0,43.0,0.9552064099322148,cosine_similarity,1.0,-0.06167508679381163
20,43.0,43.0,0.9552064099322148,age_diff,0.0,0.06167508679381171
20,43.0,43.0,0.9552064099322148,age_equal,1.0,-0.061174930060110835
20,43.0,43.0,0.9552064099322148,birth_year_diff,0.0,0.061174930060110835
20,43.0,43.0,0.9552064099322148,birth_year_equal,1.0,-0.0827644198894245
20,43.0,43.0,0.9552064099322148,education_match,1.0,0.08276441988942454
20,43.0,43.0,0.9552064099322148,marital_status_match,1.0,-0.09547754614259822
20,43.0,43.0,0.9552064099322148,sex_match,1.0,0.09547754614259828
20,43.0,43.0,0.9552064099322148,religion_match,1.0,-0.02981154850061555
20,43.0,43.0,0.9552064099322148,ethnicity_match,1.0,0.02981154850061557
20,43.0,43.0,0.9552064099322148,overall_similarity,1.0,-0.019229349816542868
21,40.0,40.0,0.9552064099322148,euclidean_distance,0.0,-0.06791086475272971
21,40.0,40.0,0.9552064099322148,manhattan_distance,0.0,0.06791086475272973
21,40.0,40.0,0.9552064099322148,cosine_similarity,1.0,-0.06167508679381163
21,40.0,40.0,0.9552064099322148,age_diff,0.0,0.06167508679381171
21,40.0,40.0,0.9552064099322148,age_equal,1.0,-0.061174930060110835
21,40.0,40.0,0.9552064099322148,birth_year_diff,0.0,0.061174930060110835
21,40.0,40.0,0.9552064099322148,birth_year_equal,1.0,-0.0827644198894245
21,40.0,40.0,0.9552064099322148,education_match,1.0,0.08276441988942454
21,40.0,40.0,0.9552064099322148,marital_status_match,1.0,-0.09547754614259822
21,40.0,40.0,0.9552064099322148,sex_match,1.0,0.09547754614259828
21,40.0,40.0,0.9552064099322148,religion_match,1.0,-0.02981154850061555
21,40.0,40.0,0.9552064099322148,ethnicity_match,1.0,0.02981154850061557
21,40.0,40.0,0.9552064099322148,overall_similarity,1.0,-0.019229349816542868
22,44.0,44.0,0.9552064099322148,euclidean_distance,0.0,-0.06791086475272971
22,44.0,44.0,0.9552064099322148,manhattan_distance,0.0,0.06791086475272973
22,44.0,44.0,0.9552064099322148,cosine_similarity,1.0,-0.06167508679381163
22,44.0,44.0,0.9552064099322148,age_diff,0.0,0.06167508679381171
22,44.0,44.0,0.9552064099322148,age_equal,1.0,-0.061174930060110835
22,44.0,44.0,0.9552064099322148,birth_year_diff,0.0,0.061174930060110835
22,44.0,44.0,0.9552064099322148,birth_year_equal,1.0,-0.0827644198894245
22,44.0,44.0,0.9552064099322148,education_match,1.0,0.08276441988942454
22,44.0,44.0,0.9552064099322148,marital_status_match,1.0,-0.09547754614259822
22,44.0,44.0,0.9552064099322148,sex_match,1.0,0.09547754614259828
22,44.0,44.0,0.9552064099322148,religion_match,1.0,-0.02981154850061555
22,44.0,44.0,0.9552064099322148,ethnicity_match,1.0,0.02981154850061557
22,44.0,44.0,0.9552064099322148,overall_similarity,1.0,-0.019229349816542868
23,45.0,45.0,0.9552064099322148,euclidean_distance,0.0,-0.06791086475272971
23,45.0,45.0,0.9552064099322148,manhattan_distance,0.0,0.06791086475272973
23,45.0,45.0,0.9552064099322148,cosine_similarity,1.0,-0.06167508679381163
23,45.0,45.0,0.9552064099322148,age_diff,0.0,0.06167508679381171
23,45.0,45.0,0.9552064099322148,age_equal,1.0,-0.061174930060110835
23,45.0,45.0,0.9552064099322148,birth_year_diff,0.0,0.061174930060110835
23,45.0,45.0,0.9552064099322148,birth_year_equal,1.0,-0.0827644198894245
23,45.0,45.0,0.9552064099322148,education_match,1.0,0.08276441988942454
23,45.0,45.0,0.9552064099322148,marital_status_match,1.0,-0.09547754614259822
23,45.0,45.0,0.9552064099322148,sex_match,1.0,0.09547754614259828
23,45.0,45.0,0.9552064099322148,religion_match,1.0,-0.02981154850061555
23,45.0,45.0,0.9552064099322148,ethnicity_match,1.0,0.02981154850061557
23,45.0,45.0,0.9552064099322148,overall_similarity,1.0,-0.019229349816542868
24,61.0,61.0,0.9552064099322148,euclidean_distance,0.0,-0.06791086475272971
24,61.0,61.0,0.9552064099322148,manhattan_distance,0.0,0.06791086475272973
24,61.0,61.0,0.9552064099322148,cosine_similarity,1.0,-0.06167508679381163
24,61.0,61.0,0.9552064099322148,age_diff,0.0,0.06167508679381171
24,61.0,61.0,0.9552064099322148,age_equal,1.0,-0.061174930060110835
24,61.0,61.0,0.9552064099322148,birth_year_diff,0.0,0.061174930060110835
24,61.0,61.0,0.9552064099322148,birth_year_equal,1.0,-0.0827644198894245
24,61.0,61.0,0.9552064099322148,education_match,1.0,0.08276441988942454
24,61.0,61.0,0.9552064099322148,marital_status_match,1.0,-0.09547754614259822
24,61.0,61.0,0.9552064099322148,sex_match,1.0,0.09547754614259828
24,61.0,61.0,0.9552064099322148,religion_match,1.0,-0.02981154850061555
24,61.0,61.0,0.9552064099322148,ethnicity_match,1.0,0.02981154850061557
24,61.0,61.0,0.9552064099322148,overall_similarity,1.0,-0.019229349816542868
25,47.0,47.0,0.9552064099322148,euclidean_distance,0.0,-0.06791086475272971
25,47.0,47.0,0.9552064099322148,manhattan_distance,0.0,0.06791086475272973
25,47.0,47.0,0.9552064099322148,cosine_similarity,1.0,-0.06167508679381163
25,47.0,47.0,0.9552064099322148,age_diff,0.0,0.06167508679381171
25,47.0,47.0,0.9552064099322148,age_equal,1.0,-0.061174930060110835
25,47.0,47.0,0.9552064099322148,birth_year_diff,0.0,0.061174930060110835
25,47.0,47.0,0.9552064099322148,birth_year_equal,1.0,-0.0827644198894245
25,47.0,47.0,0.9552064099322148,education_match,1.0,0.08276441988942454
25,47.0,47.0,0.9552064099322148,marital_status_match,1.0,-0.09547754614259822
25,47.0,47.0,0.9552064099322148,sex_match,1.0,0.09547754614259828
25,47.0,47.0,0.9552064099322148,religion_match,1.0,-0.02981154850061555
25,47.0,47.0,0.9552064099322148,ethnicity_match,1.0,0.02981154850061557
25,47.0,47.0,0.9552064099322148,overall_similarity,1.0,-0.019229349816542868
26,49.0,49.0,0.9552064099322148,euclidean_distance,0.0,-0.06791086475272971
26,49.0,49.0,0.9552064099322148,manhattan_distance,0.0,0.06791086475272973
26,49.0,49.0,0.9552064099322148,cosine_similarity,1.0,-0.06167508679381163
26,49.0,49.0,0.9552064099322148,age_diff,0.0,0.06167508679381171
26,49.0,49.0,0.9552064099322148,age_equal,1.0,-0.061174930060110835
26,49.0,49.0,0.9552064099322148,birth_year_diff,0.0,0.061174930060110835
26,49.0,49.0,0.9552064099322148,birth_year_equal,1.0,-0.0827644198894245
26,49.0,49.0,0.9552064099322148,education_match,1.0,0.08276441988942454
26,49.0,49.0,0.9552064099322148,marital_status_match,1.0,-0.09547754614259822
26,49.0,49.0,0.9552064099322148,sex_match,1.0,0.09547754614259828
26,49.0,49.0,0.9552064099322148,religion_match,1.0,-0.02981154850061555
26,49.0,49.0,0.9552064099322148,ethnicity_match,1.0,0.02981154850061557
26,49.0,49.0,0.9552064099322148,overall_similarity,1.0,-0.019229349816542868
27,51.0,51.0,0.9552064099322148,euclidean_distance,0.0,-0.06791086475272971
27,51.0,51.0,0.9552064099322148,manhattan_distance,0.0,0.06791086475272973
27,51.0,51.0,0.9552064099322148,cosine_similarity,1.0,-0.06167508679381163
27,51.0,51.0,0.9552064099322148,age_diff,0.0,0.06167508679381171
27,51.0,51.0,0.9552064099322148,age_equal,1.0,-0.061174930060110835
27,51.0,51.0,0.9552064099322148,birth_year_diff,0.0,0.061174930060110835
27,51.0,51.0,0.9552064099322148,birth_year_equal,1.0,-0.0827644198894245
27,51.0,51.0,0.9552064099322148,education_match,1.0,0.08276441988942454
27,51.0,51.0,0.9552064099322148,marital_status_match,1.0,-0.09547754614259822
27,51.0,51.0,0.9552064099322148,sex_match,1.0,0.09547754614259828
27,51.0,51.0,0.9552064099322148,religion_match,1.0,-0.02981154850061555
27,51.0,51.0,0.9552064099322148,ethnicity_match,1.0,0.02981154850061557
27,51.0,51.0,0.9552064099322148,overall_similarity,1.0,-0.019229349816542868
28,56.0,56.0,0.9552064099322148,euclidean_distance,0.0,-0.06791086475272971
28,56.0,56.0,0.9552064099322148,manhattan_distance,0.0,0.06791086475272973
28,56.0,56.0,0.9552064099322148,cosine_similarity,1.0,-0.06167508679381163
28,56.0,56.0,0.9552064099322148,age_diff,0.0,0.06167508679381171
28,56.0,56.0,0.9552064099322148,age_equal,1.0,-0.061174930060110835
28,56.0,56.0,0.9552064099322148,birth_year_diff,0.0,0.061174930060110835
28,56.0,56.0,0.9552064099322148,birth_year_equal,1.0,-0.0827644198894245
28,56.0,56.0,0.9552064099322148,education_match,1.0,0.08276441988942454
28,56.0,56.0,0.9552064099322148,marital_status_match,1.0,-0.09547754614259822
28,56.0,56.0,0.9552064099322148,sex_match,1.0,0.09547754614259828
28,56.0,56.0,0.9552064099322148,religion_match,1.0,-0.02981154850061555
28,56.0,56.0,0.9552064099322148,ethnicity_match,1.0,0.02981154850061557
28,56.0,56.0,0.9552064099322148,overall_similarity,1.0,-0.019229349816542868
29,65.0,65.0,0.9552064099322148,euclidean_distance,0.0,-0.06791086475272971
29,65.0,65.0,0.9552064099322148,manhattan_distance,0.0,0.06791086475272973
29,65.0,65.0,0.9552064099322148,cosine_similarity,1.0,-0.06167508679381163
29,65.0,65.0,0.9552064099322148,age_diff,0.0,0.06167508679381171
29,65.0,65.0,0.9552064099322148,age_equal,1.0,-0.061174930060110835
29,65.0,65.0,0.9552064099322148,birth_year_diff,0.0,0.061174930060110835
29,65.0,65.0,0.9552064099322148,birth_year_equal,1.0,-0.0827644198894245
29,65.0,65.0,0.9552064099322148,education_match,1.0,0.08276441988942454
29,65.0,65.0,0.9552064099322148,marital_status_match,1.0,-0.09547754614259822
29,65.0,65.0,0.9552064099322148,sex_match,1.0,0.09547754614259828
29,65.0,65.0,0.9552064099322148,religion_match,1.0,-0.02981154850061555
29,65.0,65.0,0.9552064099322148,ethnicity_match,1.0,0.02981154850061557
29,65.0,65.0,0.9552064099322148,overall_similarity,1.0,-0.019229349816542868
30,64.0,64.0,0.9552064099322148,euclidean_distance,0.0,-0.06791086475272971
30,64.0,64.0,0.9552064099322148,manhattan_distance,0.0,0.06791086475272973
30,64.0,64.0,0.9552064099322148,cosine_similarity,1.0,-0.06167508679381163
30,64.0,64.0,0.9552064099322148,age_diff,0.0,0.06167508679381171
30,64.0,64.0,0.9552064099322148,age_equal,1.0,-0.061174930060110835
30,64.0,64.0,0.9552064099322148,birth_year_diff,0.0,0.061174930060110835
30,64.0,64.0,0.9552064099322148,birth_year_equal,1.0,-0.0827644198894245
30,64.0,64.0,0.9552064099322148,education_match,1.0,0.08276441988942454
30,64.0,64.0,0.9552064099322148,marital_status_match,1.0,-0.09547754614259822
30,64.0,64.0,0.9552064099322148,sex_match,1.0,0.09547754614259828
30,64.0,64.0,0.9552064099322148,religion_match,1.0,-0.02981154850061555
30,64.0,64.0,0.9552064099322148,ethnicity_match,1.0,0.02981154850061557
30,64.0,64.0,0.9552064099322148,overall_similarity,1.0,-0.019229349816542868
31,63.0,63.0,0.9552064099322148,euclidean_distance,0.0,-0.06791086475272971
31,63.0,63.0,0.9552064099322148,manhattan_distance,0.0,0.06791086475272973
31,63.0,63.0,0.9552064099322148,cosine_similarity,1.0,-0.06167508679381163
31,63.0,63.0,0.9552064099322148,age_diff,0.0,0.06167508679381171
31,63.0,63.0,0.9552064099322148,age_equal,1.0,-0.061174930060110835
31,63.0,63.0,0.9552064099322148,birth_year_diff,0.0,0.061174930060110835
31,63.0,63.0,0.9552064099322148,birth_year_equal,1.0,-0.0827644198894245
31,63.0,63.0,0.9552064099322148,education_match,1.0,0.08276441988942454
31,63.0,63.0,0.9552064099322148,marital_status_match,1.0,-0.09547754614259822
31,63.0,63.0,0.9552064099322148,sex_match,1.0,0.09547754614259828
31,63.0,63.0,0.9552064099322148,religion_match,1.0,-0.02981154850061555
31,63.0,63.0,0.9552064099322148,ethnicity_match,1.0,0.02981154850061557
31,63.0,63.0,0.9552064099322148,overall_similarity,1.0,-0.019229349816542868
32,66.0,66.0,0.9552064099322148,euclidean_distance,0.0,-0.06791086475272971
32,66.0,66.0,0.9552064099322148,manhattan_distance,0.0,0.06791086475272973
32,66.0,66.0,0.9552064099322148,cosine_similarity,1.0,-0.06167508679381163
32,66.0,66.0,0.9552064099322148,age_diff,0.0,0.06167508679381171
32,66.0,66.0,0.9552064099322148,age_equal,1.0,-0.061174930060110835
32,66.0,66.0,0.9552064099322148,birth_year_diff,0.0,0.061174930060110835
32,66.0,66.0,0.9552064099322148,birth_year_equal,1.0,-0.0827644198894245
32,66.0,66.0,0.9552064099322148,education_match,1.0,0.08276441988942454
32,66.0,66.0,0.9552064099322148,marital_status_match,1.0,-0.09547754614259822
32,66.0,66.0,0.9552064099322148,sex_match,1.0,0.09547754614259828
32,66.0,66.0,0.9552064099322148,religion_match,1.0,-0.02981154850061555
32,66.0,66.0,0.9552064099322148,ethnicity_match,1.0,0.02981154850061557
32,66.0,66.0,0.9552064099322148,overall_similarity,1.0,-0.019229349816542868
33,72.0,72.0,0.9552064099322148,euclidean_distance,0.0,-0.06791086475272971
33,72.0,72.0,0.9552064099322148,manhattan_distance,0.0,0.06791086475272973
33,72.0,72.0,0.9552064099322148,cosine_similarity,1.0,-0.06167508679381163
33,72.0,72.0,0.9552064099322148,age_diff,0.0,0.06167508679381171
33,72.0,72.0,0.9552064099322148,age_equal,1.0,-0.061174930060110835
33,72.0,72.0,0.9552064099322148,birth_year_diff,0.0,0.061174930060110835
33,72.0,72.0,0.9552064099322148,birth_year_equal,1.0,-0.0827644198894245
33,72.0,72.0,0.9552064099322148,education_match,1.0,0.08276441988942454
33,72.0,72.0,0.9552064099322148,marital_status_match,1.0,-0.09547754614259822
33,72.0,72.0,0.9552064099322148,sex_match,1.0,0.09547754614259828
33,72.0,72.0,0.9552064099322148,religion_match,1.0,-0.02981154850061555
33,72.0,72.0,0.9552064099322148,ethnicity_match,1.0,0.02981154850061557
33,72.0,72.0,0.9552064099322148,overall_similarity,1.0,-0.019229349816542868
34,67.0,67.0,0.9552064099322148,euclidean_distance,0.0,-0.06791086475272971
34,67.0,67.0,0.9552064099322148,manhattan_distance,0.0,0.06791086475272973
34,67.0,67.0,0.9552064099322148,cosine_similarity,1.0,-0.06167508679381163
34,67.0,67.0,0.9552064099322148,age_diff,0.0,0.06167508679381171
34,67.0,67.0,0.9552064099322148,age_equal,1.0,-0.061174930060110835
34,67.0,67.0,0.9552064099322148,birth_year_diff,0.0,0.061174930060110835
34,67.0,67.0,0.9552064099322148,birth_year_equal,1.0,-0.0827644198894245
34,67.0,67.0,0.9552064099322148,education_match,1.0,0.08276441988942454
34,67.0,67.0,0.9552064099322148,marital_status_match,1.0,-0.09547754614259822
34,67.0,67.0,0.9552064099322148,sex_match,1.0,0.09547754614259828
34,67.0,67.0,0.9552064099322148,religion_match,1.0,-0.02981154850061555
34,67.0,67.0,0.9552064099322148,ethnicity_match,1.0,0.02981154850061557
34,67.0,67.0,0.9552064099322148,overall_similarity,1.0,-0.019229349816542868
35,69.0,69.0,0.9552064099322148,euclidean_distance,0.0,-0.06791086475272971
35,69.0,69.0,0.9552064099322148,manhattan_distance,0.0,0.06791086475272973
35,69.0,69.0,0.9552064099322148,cosine_similarity,1.0,-0.06167508679381163
35,69.0,69.0,0.9552064099322148,age_diff,0.0,0.06167508679381171
35,69.0,69.0,0.9552064099322148,age_equal,1.0,-0.061174930060110835
35,69.0,69.0,0.9552064099322148,birth_year_diff,0.0,0.061174930060110835
35,69.0,69.0,0.9552064099322148,birth_year_equal,1.0,-0.0827644198894245
35,69.0,69.0,0.9552064099322148,education_match,1.0,0.08276441988942454
35,69.0,69.0,0.9552064099322148,marital_status_match,1.0,-0.09547754614259822
35,69.0,69.0,0.9552064099322148,sex_match,1.0,0.09547754614259828
35,69.0,69.0,0.9552064099322148,religion_match,1.0,-0.02981154850061555
35,69.0,69.0,0.9552064099322148,ethnicity_match,1.0,0.02981154850061557
35,69.0,69.0,0.9552064099322148,overall_similarity,1.0,-0.019229349816542868
36,70.0,70.0,0.9552064099322148,euclidean_distance,0.0,-0.06791086475272971
36,70.0,70.0,0.9552064099322148,manhattan_distance,0.0,0.06791086475272973
36,70.0,70.0,0.9552064099322148,cosine_similarity,1.0,-0.06167508679381163
36,70.0,70.0,0.9552064099322148,age_diff,0.0,0.06167508679381171
36,70.0,70.0,0.9552064099322148,age_equal,1.0,-0.061174930060110835
36,70.0,70.0,0.9552064099322148,birth_year_diff,0.0,0.061174930060110835
36,70.0,70.0,0.9552064099322148,birth_year_equal,1.0,-0.0827644198894245
36,70.0,70.0,0.9552064099322148,education_match,1.0,0.08276441988942454
36,70.0,70.0,0.9552064099322148,marital_status_match,1.0,-0.09547754614259822
36,70.0,70.0,0.9552064099322148,sex_match,1.0,0.09547754614259828
36,70.0,70.0,0.9552064099322148,religion_match,1.0,-0.02981154850061555
36,70.0,70.0,0.9552064099322148,ethnicity_match,1.0,0.02981154850061557
36,70.0,70.0,0.9552064099322148,overall_similarity,1.0,-0.019229349816542868
37,71.0,71.0,0.9552064099322148,euclidean_distance,0.0,-0.06791086475272971
37,71.0,71.0,0.9552064099322148,manhattan_distance,0.0,0.06791086475272973
37,71.0,71.0,0.9552064099322148,cosine_similarity,1.0,-0.06167508679381163
37,71.0,71.0,0.9552064099322148,age_diff,0.0,0.06167508679381171
37,71.0,71.0,0.9552064099322148,age_equal,1.0,-0.061174930060110835
37,71.0,71.0,0.9552064099322148,birth_year_diff,0.0,0.061174930060110835
37,71.0,71.0,0.9552064099322148,birth_year_equal,1.0,-0.0827644198894245
37,71.0,71.0,0.9552064099322148,education_match,1.0,0.08276441988942454
37,71.0,71.0,0.9552064099322148,marital_status_match,1.0,-0.09547754614259822
37,71.0,71.0,0.9552064099322148,sex_match,1.0,0.09547754614259828
37,71.0,71.0,0.9552064099322148,religion_match,1.0,-0.02981154850061555
37,71.0,71.0,0.9552064099322148,ethnicity_match,1.0,0.02981154850061557
37,71.0,71.0,0.9552064099322148,overall_similarity,1.0,-0.019229349816542868
38,73.0,73.0,0.9552064099322148,euclidean_distance,0.0,-0.06791086475272971
38,73.0,73.0,0.9552064099322148,manhattan_distance,0.0,0.06791086475272973
38,73.0,73.0,0.9552064099322148,cosine_similarity,1.0,-0.06167508679381163
38,73.0,73.0,0.9552064099322148,age_diff,0.0,0.06167508679381171
38,73.0,73.0,0.9552064099322148,age_equal,1.0,-0.061174930060110835
38,73.0,73.0,0.9552064099322148,birth_year_diff,0.0,0.061174930060110835
38,73.0,73.0,0.9552064099322148,birth_year_equal,1.0,-0.0827644198894245
38,73.0,73.0,0.9552064099322148,education_match,1.0,0.08276441988942454
38,73.0,73.0,0.9552064099322148,marital_status_match,1.0,-0.09547754614259822
38,73.0,73.0,0.9552064099322148,sex_match,1.0,0.09547754614259828
38,73.0,73.0,0.9552064099322148,religion_match,1.0,-0.02981154850061555
38,73.0,73.0,0.9552064099322148,ethnicity_match,1.0,0.02981154850061557
38,73.0,73.0,0.9552064099322148,overall_similarity,1.0,-0.019229349816542868
39,5.0,5.0,0.9552064099322148,euclidean_distance,0.0,-0.06791086475272971
39,5.0,5.0,0.9552064099322148,manhattan_distance,0.0,0.06791086475272973
39,5.0,5.0,0.9552064099322148,cosine_similarity,1.0,-0.06167508679381163
39,5.0,5.0,0.9552064099322148,age_diff,0.0,0.06167508679381171
39,5.0,5.0,0.9552064099322148,age_equal,1.0,-0.061174930060110835
39,5.0,5.0,0.9552064099322148,birth_year_diff,0.0,0.061174930060110835
39,5.0,5.0,0.9552064099322148,birth_year_equal,1.0,-0.0827644198894245
39,5.0,5.0,0.9552064099322148,education_match,1.0,0.08276441988942454
39,5.0,5.0,0.9552064099322148,marital_status_match,1.0,-0.09547754614259822
39,5.0,5.0,0.9552064099322148,sex_match,1.0,0.09547754614259828
39,5.0,5.0,0.9552064099322148,religion_match,1.0,-0.02981154850061555
39,5.0,5.0,0.9552064099322148,ethnicity_match,1.0,0.02981154850061557
39,5.0,5.0,0.9552064099322148,overall_similarity,1.0,-0.019229349816542868
40,1.0,1.0,0.9552064099322148,euclidean_distance,0.0,-0.06791086475272971
40,1.0,1.0,0.9552064099322148,manhattan_distance,0.0,0.06791086475272973
40,1.0,1.0,0.9552064099322148,cosine_similarity,1.0,-0.06167508679381163
40,1.0,1.0,0.9552064099322148,age_diff,0.0,0.06167508679381171
40,1.0,1.0,0.9552064099322148,age_equal,1.0,-0.061174930060110835
40,1.0,1.0,0.9552064099322148,birth_year_diff,0.0,0.061174930060110835
40,1.0,1.0,0.9552064099322148,birth_year_equal,1.0,-0.0827644198894245
40,1.0,1.0,0.9552064099322148,education_match,1.0,0.08276441988942454
40,1.0,1.0,0.9552064099322148,marital_status_match,1.0,-0.09547754614259822
40,1.0,1.0,0.9552064099322148,sex_match,1.0,0.09547754614259828
40,1.0,1.0,0.9552064099322148,religion_match,1.0,-0.02981154850061555
40,1.0,1.0,0.9552064099322148,ethnicity_match,1.0,0.02981154850061557
40,1.0,1.0,0.9552064099322148,overall_similarity,1.0,-0.019229349816542868
41,12.0,12.0,0.9552064099322148,euclidean_distance,0.0,-0.06791086475272971
41,12.0,12.0,0.9552064099322148,manhattan_distance,0.0,0.06791086475272973
41,12.0,12.0,0.9552064099322148,cosine_similarity,1.0,-0.06167508679381163
41,12.0,12.0,0.9552064099322148,age_diff,0.0,0.06167508679381171
41,12.0,12.0,0.9552064099322148,age_equal,1.0,-0.061174930060110835
41,12.0,12.0,0.9552064099322148,birth_year_diff,0.0,0.061174930060110835
41,12.0,12.0,0.9552064099322148,birth_year_equal,1.0,-0.0827644198894245
41,12.0,12.0,0.9552064099322148,education_match,1.0,0.08276441988942454
41,12.0,12.0,0.9552064099322148,marital_status_match,1.0,-0.09547754614259822
41,12.0,12.0,0.9552064099322148,sex_match,1.0,0.09547754614259828
41,12.0,12.0,0.9552064099322148,religion_match,1.0,-0.02981154850061555
41,12.0,12.0,0.9552064099322148,ethnicity_match,1.0,0.02981154850061557
41,12.0,12.0,0.9552064099322148,overall_similarity,1.0,-0.019229349816542868
42,25.0,25.0,0.9552064099322148,euclidean_distance,0.0,-0.06791086475272971
42,25.0,25.0,0.9552064099322148,manhattan_distance,0.0,0.06791086475272973
42,25.0,25.0,0.9552064099322148,cosine_similarity,1.0,-0.06167508679381163
42,25.0,25.0,0.9552064099322148,age_diff,0.0,0.06167508679381171
42,25.0,25.0,0.9552064099322148,age_equal,1.0,-0.061174930060110835
42,25.0,25.0,0.9552064099322148,birth_year_diff,0.0,0.061174930060110835
42,25.0,25.0,0.9552064099322148,birth_year_equal,1.0,-0.0827644198894245
42,25.0,25.0,0.9552064099322148,education_match,1.0,0.08276441988942454
42,25.0,25.0,0.9552064099322148,marital_status_match,1.0,-0.09547754614259822
42,25.0,25.0,0.9552064099322148,sex_match,1.0,0.09547754614259828
42,25.0,25.0,0.9552064099322148,religion_match,1.0,-0.02981154850061555
42,25.0,25.0,0.9552064099322148,ethnicity_match,1.0,0.02981154850061557
42,25.0,25.0,0.9552064099322148,overall_similarity,1.0,-0.019229349816542868
43,27.0,27.0,0.9552064099322148,euclidean_distance,0.0,-0.06791086475272971
43,27.0,27.0,0.9552064099322148,manhattan_distance,0.0,0.06791086475272973
43,27.0,27.0,0.9552064099322148,cosine_similarity,1.0,-0.06167508679381163
43,27.0,27.0,0.9552064099322148,age_diff,0.0,0.06167508679381171
43,27.0,27.0,0.9552064099322148,age_equal,1.0,-0.061174930060110835
43,27.0,27.0,0.9552064099322148,birth_year_diff,0.0,0.061174930060110835
43,27.0,27.0,0.9552064099322148,birth_year_equal,1.0,-0.0827644198894245
43,27.0,27.0,0.9552064099322148,education_match,1.0,0.08276441988942454
43,27.0,27.0,0.9552064099322148,marital_status_match,1.0,-0.09547754614259822
43,27.0,27.0,0.9552064099322148,sex_match,1.0,0.09547754614259828
43,27.0,27.0,0.9552064099322148,religion_match,1.0,-0.02981154850061555
43,27.0,27.0,0.9552064099322148,ethnicity_match,1.0,0.02981154850061557
43,27.0,27.0,0.9552064099322148,overall_similarity,1.0,-0.019229349816542868
44,21.0,21.0,0.9552064099322148,euclidean_distance,0.0,-0.06791086475272971
44,21.0,21.0,0.9552064099322148,manhattan_distance,0.0,0.06791086475272973
44,21.0,21.0,0.9552064099322148,cosine_similarity,1.0,-0.06167508679381163
44,21.0,21.0,0.9552064099322148,age_diff,0.0,0.06167508679381171
44,21.0,21.0,0.9552064099322148,age_equal,1.0,-0.061174930060110835
44,21.0,21.0,0.9552064099322148,birth_year_diff,0.0,0.061174930060110835
44,21.0,21.0,0.9552064099322148,birth_year_equal,1.0,-0.0827644198894245
44,21.0,21.0,0.9552064099322148,education_match,1.0,0.08276441988942454
44,21.0,21.0,0.9552064099322148,marital_status_match,1.0,-0.09547754614259822
44,21.0,21.0,0.9552064099322148,sex_match,1.0,0.09547754614259828
44,21.0,21.0,0.9552064099322148,religion_match,1.0,-0.02981154850061555
44,21.0,21.0,0.9552064099322148,ethnicity_match,1.0,0.02981154850061557
44,21.0,21.0,0.9552064099322148,overall_similarity,1.0,-0.019229349816542868
45,18.0,18.0,0.9552064099322148,euclidean_distance,0.0,-0.06791086475272971
45,18.0,18.0,0.9552064099322148,manhattan_distance,0.0,0.06791086475272973
45,18.0,18.0,0.9552064099322148,cosine_similarity,1.0,-0.06167508679381163
45,18.0,18.0,0.9552064099322148,age_diff,0.0,0.06167508679381171
45,18.0,18.0,0.9552064099322148,age_equal,1.0,-0.061174930060110835
45,18.0,18.0,0.9552064099322148,birth_year_diff,0.0,0.061174930060110835
45,18.0,18.0,0.9552064099322148,birth_year_equal,1.0,-0.0827644198894245
45,18.0,18.0,0.9552064099322148,education_match,1.0,0.08276441988942454
45,18.0,18.0,0.9552064099322148,marital_status_match,1.0,-0.09547754614259822
45,18.0,18.0,0.9552064099322148,sex_match,1.0,0.09547754614259828
45,18.0,18.0,0.9552064099322148,religion_match,1.0,-0.02981154850061555
45,18.0,18.0,0.9552064099322148,ethnicity_match,1.0,0.02981154850061557
45,18.0,18.0,0.9552064099322148,overall_similarity,1.0,-0.019229349816542868
46,17.0,17.0,0.9552064099322148,euclidean_distance,0.0,-0.06791086475272971
46,17.0,17.0,0.9552064099322148,manhattan_distance,0.0,0.06791086475272973
46,17.0,17.0,0.9552064099322148,cosine_similarity,1.0,-0.06167508679381163
46,17.0,17.0,0.9552064099322148,age_diff,0.0,0.06167508679381171
46,17.0,17.0,0.9552064099322148,age_equal,1.0,-0.061174930060110835
46,17.0,17.0,0.9552064099322148,birth_year_diff,0.0,0.061174930060110835
46,17.0,17.0,0.9552064099322148,birth_year_equal,1.0,-0.0827644198894245
46,17.0,17.0,0.9552064099322148,education_match,1.0,0.08276441988942454
46,17.0,17.0,0.9552064099322148,marital_status_match,1.0,-0.09547754614259822
46,17.0,17.0,0.9552064099322148,sex_match,1.0,0.09547754614259828
46,17.0,17.0,0.9552064099322148,religion_match,1.0,-0.02981154850061555
46,17.0,17.0,0.9552064099322148,ethnicity_match,1.0,0.02981154850061557
46,17.0,17.0,0.9552064099322148,overall_similarity,1.0,-0.019229349816542868
47,14.0,14.0,0.9552064099322148,euclidean_distance,0.0,-0.06791086475272971
47,14.0,14.0,0.9552064099322148,manhattan_distance,0.0,0.06791086475272973
47,14.0,14.0,0.9552064099322148,cosine_similarity,1.0,-0.06167508679381163
47,14.0,14.0,0.9552064099322148,age_diff,0.0,0.06167508679381171
47,14.0,14.0,0.9552064099322148,age_equal,1.0,-0.061174930060110835
47,14.0,14.0,0.9552064099322148,birth_year_diff,0.0,0.061174930060110835
47,14.0,14.0,0.9552064099322148,birth_year_equal,1.0,-0.0827644198894245
47,14.0,14.0,0.9552064099322148,education_match,1.0,0.08276441988942454
47,14.0,14.0,0.9552064099322148,marital_status_match,1.0,-0.09547754614259822
47,14.0,14.0,0.9552064099322148,sex_match,1.0,0.09547754614259828
47,14.0,14.0,0.9552064099322148,religion_match,1.0,-0.02981154850061555
47,14.0,14.0,0.9552064099322148,ethnicity_match,1.0,0.02981154850061557
47,14.0,14.0,0.9552064099322148,overall_similarity,1.0,-0.019229349816542868
48,39.0,39.0,0.9552064099322148,euclidean_distance,0.0,-0.06791086475272971
48,39.0,39.0,0.9552064099322148,manhattan_distance,0.0,0.06791086475272973
48,39.0,39.0,0.9552064099322148,cosine_similarity,1.0,-0.06167508679381163
48,39.0,39.0,0.9552064099322148,age_diff,0.0,0.06167508679381171
48,39.0,39.0,0.9552064099322148,age_equal,1.0,-0.061174930060110835
48,39.0,39.0,0.9552064099322148,birth_year_diff,0.0,0.061174930060110835
48,39.0,39.0,0.9552064099322148,birth_year_equal,1.0,-0.0827644198894245
48,39.0,39.0,0.9552064099322148,education_match,1.0,0.08276441988942454
48,39.0,39.0,0.9552064099322148,marital_status_match,1.0,-0.09547754614259822
48,39.0,39.0,0.9552064099322148,sex_match,1.0,0.09547754614259828
48,39.0,39.0,0.9552064099322148,religion_match,1.0,-0.02981154850061555
48,39.0,39.0,0.9552064099322148,ethnicity_match,1.0,0.02981154850061557
48,39.0,39.0,0.9552064099322148,overall_similarity,1.0,-0.019229349816542868
49,37.0,37.0,0.9552064099322148,euclidean_distance,0.0,-0.06791086475272971
49,37.0,37.0,0.9552064099322148,manhattan_distance,0.0,0.06791086475272973
49,37.0,37.0,0.9552064099322148,cosine_similarity,1.0,-0.06167508679381163
49,37.0,37.0,0.9552064099322148,age_diff,0.0,0.06167508679381171
49,37.0,37.0,0.9552064099322148,age_equal,1.0,-0.061174930060110835
49,37.0,37.0,0.9552064099322148,birth_year_diff,0.0,0.061174930060110835
49,37.0,37.0,0.9552064099322148,birth_year_equal,1.0,-0.0827644198894245
49,37.0,37.0,0.9552064099322148,education_match,1.0,0.08276441988942454
49,37.0,37.0,0.9552064099322148,marital_status_match,1.0,-0.09547754614259822
49,37.0,37.0,0.9552064099322148,sex_match,1.0,0.09547754614259828
49,37.0,37.0,0.9552064099322148,religion_match,1.0,-0.02981154850061555
49,37.0,37.0,0.9552064099322148,ethnicity_match,1.0,0.02981154850061557
49,37.0,37.0,0.9552064099322148,overall_similarity,1.0,-0.019229349816542868
