pair_index,label,orig_id,anon_id,euclidean_distance,manhattan_distance,cosine_similarity,age_diff,age_equal,education_diff,education_equal,industry_diff,industry_equal,marital_status_diff,marital_status_equal,sex_diff,sex_equal,overall_similarity
442,0,,,11.661903789690601,20.0,0.9882134531865472,8.0,0,6.0,0,0.0,0,0.0,1,0.0,1,0.4
412,0,,,12.24744871391589,16.0,0.9557526744231571,12.0,0,1.0,0,0.0,0,1.0,0,0.0,1,0.2
73,1,464.0,136.0,22200.00225225214,22210.0,0.05340184092910438,0.0,1,10.0,0,22200.0,0,0.0,1,0.0,1,0.6
54,1,373.0,98.0,12.727922061357855,18.0,0.9757882853507861,0.0,1,9.0,0,0.0,0,0.0,1,0.0,1,0.6
560,0,,,12.569805089976535,20.0,0.8974946757470403,10.0,0,7.0,0,0.0,0,0.0,1,0.0,1,0.4
215,1,117.0,450.0,32.0624390837628,34.0,0.9362103460401134,32.0,0,0.0,1,0.0,0,0.0,1,0.0,1,0.6
326,1,968.0,760.0,47815.0003764509,47821.0,0.1005697572133275,0.0,1,6.0,0,47815.0,0,0.0,1,0.0,1,0.6
481,0,,,22.538855339169288,32.0,0.9926799669682975,21.0,0,8.0,0,0.0,0,1.0,0,1.0,0,0.0
589,0,,,57.253820833198546,66.0,0.803342340330123,57.0,0,0.0,0,0.0,0,0.0,1,2.0,0,0.2
389,0,,,21.18962010041709,31.0,0.5488437921637825,18.0,0,0.0,0,0.0,0,0.0,1,0.0,1,0.4
22,1,24.0,37.0,47594.00067235365,47602.0,0.07750843502087501,0.0,1,8.0,0,47594.0,0,0.0,1,0.0,1,0.6
154,1,134.0,306.0,24.06241883103193,31.0,0.9277498988436387,23.0,0,0.0,0,0.0,0,0.0,1,0.0,1,0.4
56,1,88.0,101.0,12.165525060596439,14.0,0.9995203750888836,12.0,0,0.0,1,0.0,0,0.0,1,0.0,1,0.6
32,1,262.0,58.0,11.313708498984761,16.0,0.8672333670072829,0.0,1,8.0,0,0.0,0,0.0,1,0.0,1,0.6
39,1,934.0,72.0,10493.0047650804,10503.0,0.23472577149078833,0.0,1,10.0,0,10493.0,0,0.0,1,0.0,1,0.6
255,1,660.0,551.0,49224.000497724686,49231.0,0.15286160843344232,0.0,1,7.0,0,49224.0,0,0.0,1,0.0,1,0.6
241,1,897.0,509.0,3.7416573867739413,6.0,0.9980356840138498,1.0,0,0.0,1,0.0,0,0.0,1,2.0,0,0.4
72,1,249.0,134.0,15.684387141358123,24.0,0.8535946093990905,11.0,0,0.0,1,0.0,0,0.0,1,2.0,0,0.4
432,0,,,15.394804318340652,23.0,0.9050295962997321,14.0,0,6.0,0,0.0,0,0.0,1,2.0,0,0.2
543,0,,,6.48074069840786,10.0,0.9448899371407795,4.0,0,5.0,0,0.0,0,0.0,1,0.0,1,0.4
275,1,1302.0,605.0,43208.00074060359,43216.0,0.06337576055157723,0.0,1,8.0,0,43208.0,0,0.0,1,0.0,1,0.6
605,0,,,25928.009217832365,25956.0,0.048388693266185445,21.0,0,6.0,0,25928.0,0,0.0,1,1.0,0,0.2
230,1,771.0,485.0,20.09975124224178,30.0,0.8486704544185113,16.0,0,12.0,0,0.0,0,0.0,1,0.0,1,0.4
367,1,985.0,914.0,12.083045973594572,14.0,0.9644411852285864,1.0,0,12.0,0,0.0,0,0.0,1,0.0,1,0.4
669,0,,,96994.00108254119,97016.0,0.5165385820526799,13.0,0,6.0,0,96994.0,0,2.0,0,1.0,0,0.0
61,1,397.0,110.0,14.142135623730951,20.0,0.960277741722052,0.0,1,10.0,0,0.0,0,0.0,1,0.0,1,0.6
168,1,1019.0,342.0,47729.002053258984,47743.0,0.15964220625953252,0.0,1,14.0,0,47729.0,0,0.0,1,0.0,1,0.6
527,0,,,57.087651904768336,63.0,0.9408979615517102,57.0,0,2.0,0,0.0,0,1.0,0,1.0,0,0.0
469,0,,,20.71231517720798,35.0,0.9404886989136133,18.0,0,8.0,0,0.0,0,2.0,0,1.0,0,0.0
666,0,,,40.85339643163099,51.0,0.9779665426356465,40.0,0,0.0,1,0.0,0,2.0,0,1.0,0,0.2
259,1,1297.0,566.0,8.06225774829855,9.0,0.9801751950019888,0.0,1,8.0,0,0.0,0,0.0,1,0.0,1,0.6
86,1,120.0,168.0,18109.002236456872,18118.0,0.06976287475737908,0.0,1,9.0,0,18109.0,0,0.0,1,0.0,1,0.6
122,1,1040.0,233.0,14093.001277229772,14099.0,0.16365322884730926,0.0,1,6.0,0,14093.0,0,0.0,1,0.0,1,0.6
177,1,688.0,366.0,11.313708498984761,16.0,0.9794605846782133,0.0,1,8.0,0,0.0,0,0.0,1,0.0,1,0.6
633,0,,,15.165750888103101,24.0,0.9856938858198768,11.0,0,10.0,0,0.0,0,0.0,1,0.0,1,0.4
696,0,,,44.69899327725402,58.0,0.8836908218857259,43.0,0,12.0,0,0.0,0,0.0,1,2.0,0,0.2
736,0,,,85202.00730616621,85249.0,0.14369796841015625,34.0,0,9.0,0,85202.0,0,2.0,0,2.0,0,0.0
232,1,917.0,489.0,21.908902300206645,32.0,0.8755415525633906,20.0,0,8.0,0,0.0,0,0.0,1,0.0,1,0.4
269,1,293.0,587.0,12.12435565298214,19.0,0.8184348848007547,1.0,0,9.0,0,0.0,0,1.0,0,0.0,1,0.2
721,0,,,46898.00310247762,46923.0,0.08007076646624767,13.0,0,11.0,0,46898.0,0,0.0,1,1.0,0,0.2
457,0,,,12.328828005937952,20.0,0.8044126483705439,4.0,0,6.0,0,0.0,0,0.0,1,0.0,1,0.4
486,0,,,13.30413469565007,17.0,0.9958236799770523,13.0,0,0.0,1,0.0,0,0.0,1,2.0,0,0.4
29,1,158.0,51.0,84128.00071914226,84139.0,0.049126843755141314,0.0,1,11.0,0,84128.0,0,0.0,1,0.0,1,0.6
660,0,,,35.552777669262355,50.0,0.7989193956665471,34.0,0,0.0,0,0.0,0,1.0,0,1.0,0,0.0
749,0,,,84113.00043394006,84126.0,0.17158366851071105,1.0,0,8.0,0,84113.0,0,2.0,0,2.0,0,0.0
306,1,1125.0,700.0,18.627936010197157,27.0,0.9118188875481844,15.0,0,11.0,0,0.0,0,0.0,1,0.0,1,0.4
710,0,,,25.25866188063018,38.0,0.9607711535048079,23.0,0,10.0,0,0.0,0,2.0,0,1.0,0,0.0
287,1,1044.0,637.0,49212.00101601234,49222.0,0.2429035276591719,0.0,1,10.0,0,49212.0,0,0.0,1,0.0,1,0.6
17,1,370.0,31.0,7.3484692283495345,10.0,0.9621743332839157,7.0,0,2.0,0,0.0,0,0.0,1,0.0,1,0.4
108,1,105.0,213.0,46510.0002687594,46515.0,0.22743307279559366,0.0,1,5.0,0,46510.0,0,0.0,1,0.0,1,0.6
371,1,1022.0,937.0,8.831760866327848,16.0,0.9205895564018197,6.0,0,4.0,0,0.0,0,1.0,0,0.0,1,0.2
223,1,842.0,469.0,20.493901531919196,34.0,0.8527842749187581,16.0,0,10.0,0,0.0,0,0.0,1,0.0,1,0.4
328,1,1033.0,764.0,41.24318125460256,47.0,0.6011063583510148,41.0,0,0.0,0,0.0,0,0.0,1,0.0,1,0.4
167,1,728.0,339.0,12.328828005937952,20.0,0.8982104610839204,4.0,0,10.0,0,0.0,0,0.0,1,0.0,1,0.4
66,1,784.0,123.0,17021.00105751715,17027.0,0.08552344778200971,0.0,1,6.0,0,17021.0,0,0.0,1,0.0,1,0.6
137,1,11.0,264.0,60.08327554319921,64.0,0.02353104026675057,60.0,0,0.0,0,0.0,0,0.0,1,0.0,1,0.4
509,0,,,64905.00713350242,64945.0,0.26758490133214186,29.0,0,9.0,0,64905.0,0,2.0,0,0.0,1,0.2
374,1,782.0,950.0,11.575836902790225,18.0,0.9938791110712137,9.0,0,0.0,1,0.0,0,0.0,1,2.0,0,0.4
702,0,,,47607.00295124658,47632.0,0.1496769234298948,14.0,0,9.0,0,47607.0,0,2.0,0,0.0,1,0.2
30,1,1114.0,54.0,14.866068747318506,21.0,0.8583380371663086,11.0,0,0.0,1,0.0,0,0.0,1,0.0,1,0.6
427,0,,,14.594519519326424,25.0,0.9058549977284955,7.0,0,8.0,0,0.0,0,0.0,1,0.0,1,0.4
512,0,,,19.44222209522358,24.0,0.6205189400591701,19.0,0,0.0,0,0.0,0,0.0,1,0.0,1,0.4
625,0,,,9.486832980505138,14.0,0.9993285993754639,9.0,0,2.0,0,0.0,0,0.0,1,2.0,0,0.2
615,0,,,85481.00120494612,85503.0,0.4457316692443609,11.0,0,9.0,0,85481.0,0,2.0,0,0.0,1,0.2
320,1,165.0,736.0,11.445523142259598,15.0,0.8919728001026929,0.0,1,3.0,0,0.0,0,0.0,1,1.0,0,0.4
707,0,,,36.823905279043935,52.0,0.9734395401229543,35.0,0,7.0,0,0.0,0,0.0,1,1.0,0,0.2
422,0,,,29.647934160747187,39.0,0.9945698879471518,29.0,0,0.0,1,0.0,0,3.0,0,2.0,0,0.2
650,0,,,16281.002487561998,16290.0,0.1851801631494988,0.0,1,9.0,0,16281.0,0,0.0,1,0.0,1,0.6
359,1,367.0,861.0,15.264337522473747,19.0,0.9458379949149748,15.0,0,0.0,1,0.0,0,0.0,1,2.0,0,0.4
77,1,261.0,148.0,11.74734012447073,20.0,0.8577587808841726,7.0,0,8.0,0,0.0,0,0.0,1,0.0,1,0.4
647,0,,,40993.000012197204,40994.0,0.22433224043354305,0.0,1,0.0,1,40993.0,0,1.0,0,0.0,1,0.6
158,1,181.0,314.0,10706.003782924794,10715.0,0.2506980015734146,0.0,1,9.0,0,10706.0,0,0.0,1,0.0,1,0.6
172,1,92.0,349.0,25.317977802344327,35.0,0.9210937145710673,24.0,0,0.0,0,0.0,0,0.0,1,0.0,1,0.4
726,0,,,17.378147196982766,30.0,0.8485680523613265,12.0,0,12.0,0,0.0,0,1.0,0,2.0,0,0.0
732,0,,,12.806248474865697,18.0,0.897734040980984,4.0,0,12.0,0,0.0,0,0.0,1,0.0,1,0.4
524,0,,,22.315913604421397,34.0,0.8664247124534599,19.0,0,4.0,0,0.0,0,0.0,1,0.0,1,0.4
629,0,,,40994.01035517262,41031.0,0.11455259467206458,28.0,0,8.0,0,40994.0,0,1.0,0,0.0,1,0.2
357,1,1097.0,853.0,47.07440918375928,56.0,0.9415442292482866,46.0,0,0.0,1,0.0,0,0.0,1,0.0,1,0.6
83,1,95.0,162.0,14099.005106744235,14111.0,0.07039484270224794,0.0,1,12.0,0,14099.0,0,0.0,1,0.0,1,0.6
503,0,,,79107.00551784273,79148.0,0.05293744330323413,26.0,0,14.0,0,79107.0,0,0.0,1,1.0,0,0.2
7,1,296.0,14.0,8.660254037844387,13.0,0.9052343458575142,1.0,0,7.0,0,0.0,0,0.0,1,0.0,1,0.4
368,1,1280.0,916.0,57.14017850864661,61.0,0.9325066645645268,57.0,0,0.0,1,0.0,0,0.0,1,0.0,1,0.6
44,1,21.0,82.0,14.866068747318506,21.0,0.9491028731317481,0.0,1,11.0,0,0.0,0,0.0,1,0.0,1,0.6
10,1,526.0,19.0,47412.00151860286,47424.0,0.042040311228425,0.0,1,12.0,0,47412.0,0,0.0,1,0.0,1,0.6
530,0,,,58.42944463196617,66.0,0.9537273413985768,58.0,0,1.0,0,0.0,0,0.0,1,0.0,1,0.4
408,0,,,12.68857754044952,17.0,0.9963286221659171,12.0,0,0.0,1,0.0,0,0.0,1,1.0,0,0.4
94,1,640.0,181.0,47592.00067238191,47600.0,0.13282266163134737,0.0,1,8.0,0,47592.0,0,0.0,1,0.0,1,0.6
651,0,,,32.155870381627054,38.0,0.8926521282324409,32.0,0,0.0,0,0.0,0,1.0,0,1.0,0,0.0
71,1,649.0,133.0,8.602325267042627,12.0,0.9204833223453881,3.0,0,8.0,0,0.0,0,0.0,1,0.0,1,0.4
485,0,,,15.264337522473747,25.0,0.8192871205915672,5.0,0,12.0,0,0.0,0,0.0,1,0.0,1,0.4
293,1,38.0,660.0,49.02040391510457,51.0,0.9111164611312217,49.0,0,1.0,0,0.0,0,0.0,1,0.0,1,0.4
109,1,639.0,215.0,13.92838827718412,24.0,0.8444362860071303,7.0,0,8.0,0,0.0,0,0.0,1,0.0,1,0.4
114,1,1104.0,220.0,9.695359714832659,14.0,0.9883661902046813,2.0,0,3.0,0,0.0,0,0.0,1,0.0,1,0.4
449,0,,,17.4928556845359,24.0,0.9963554731228281,16.0,0,7.0,0,0.0,0,0.0,1,0.0,1,0.4
467,0,,,13.490737563232042,24.0,0.9450440833958292,4.0,0,9.0,0,0.0,0,0.0,1,2.0,0,0.2
1,1,129.0,3.0,17.46424919657298,27.0,0.8362783211323328,14.0,0,0.0,0,0.0,0,0.0,1,0.0,1,0.4
613,0,,,35.31288716601915,55.0,0.8102022930778913,32.0,0,11.0,0,0.0,0,1.0,0,1.0,0,0.0
754,0,,,2.449489742783178,4.0,0.0,0.0,0,0.0,0,0.0,0,0.0,0,0.0,0,0.0
376,1,1146.0,954.0,12.767145334803704,19.0,0.9018002950475685,9.0,0,0.0,1,0.0,0,1.0,0,0.0,1,0.4
563,0,,,29.58039891549808,47.0,0.9822042253584242,25.0,0,13.0,0,0.0,0,0.0,1,0.0,1,0.4
643,0,,,11.575836902790225,18.0,0.8701703830971981,5.0,0,10.0,0,0.0,0,0.0,1,0.0,1,0.4
699,0,,,13.341664064126334,22.0,0.9807604320014638,4.0,0,9.0,0,0.0,0,0.0,1,0.0,1,0.4
725,0,,,49224.00923329996,49263.0,0.13487955721146627,29.0,0,8.0,0,49224.0,0,2.0,0,0.0,1,0.2
165,1,498.0,332.0,13.038404810405298,18.0,0.9011710361853856,1.0,0,12.0,0,0.0,0,0.0,1,0.0,1,0.4
458,0,,,7.681145747868608,11.0,0.9290341646006869,3.0,0,7.0,0,0.0,0,0.0,1,0.0,1,0.4
55,1,127.0,99.0,11008.003679141828,11017.0,0.11990368545159091,0.0,1,9.0,0,11008.0,0,0.0,1,0.0,1,0.6
197,1,878.0,412.0,85487.00114637312,85501.0,0.18168684742594332,0.0,1,14.0,0,85487.0,0,0.0,1,0.0,1,0.6
240,1,790.0,508.0,47112.0,47112.0,0.019923409210866105,0.0,1,0.0,1,47112.0,0,0.0,1,0.0,1,0.8
424,0,,,40999.00059757555,41006.0,0.03702674459005417,0.0,1,7.0,0,40999.0,0,0.0,1,0.0,1,0.6
163,1,123.0,325.0,1411.0287027555464,1420.0,0.11375365790860925,0.0,1,9.0,0,1411.0,0,0.0,1,0.0,1,0.6
747,0,,,43.60045871318328,59.0,0.944113991748743,42.0,0,10.0,0,0.0,0,0.0,1,1.0,0,0.2
535,0,,,64899.00033898828,64909.0,0.21902042201191774,2.0,0,6.0,0,64899.0,0,2.0,0,0.0,1,0.2
110,1,1034.0,216.0,12.806248474865697,18.0,0.9354503262441148,12.0,0,2.0,0,0.0,0,0.0,1,0.0,1,0.4
610,0,,,10.099504938362077,16.0,0.0,0.0,0,0.0,0,0.0,0,0.0,0,0.0,0,0.0
305,1,623.0,698.0,23928.001023905028,23935.0,0.05236440507774409,0.0,1,7.0,0,23928.0,0,0.0,1,0.0,1,0.6
761,0,,,9.38083151964686,18.0,0.9469392720856871,5.0,0,5.0,0,0.0,0,1.0,0,1.0,0,0.0
382,1,301.0,984.0,47703.00041926084,47711.0,0.2218792889810337,6.0,0,2.0,0,47703.0,0,0.0,1,0.0,1,0.4
176,1,428.0,360.0,47103.0010615035,47113.0,0.16552648115084434,0.0,1,10.0,0,47103.0,0,0.0,1,0.0,1,0.6
151,1,831.0,299.0,40992.0,40992.0,0.2479347417950033,0.0,1,0.0,1,40992.0,0,0.0,1,0.0,1,0.8
663,0,,,85101.00252053438,85132.0,0.0,0.0,0,0.0,0,0.0,0,0.0,0,0.0,0,0.0
92,1,101.0,178.0,25928.001928417085,25938.0,0.10034465662672487,0.0,1,10.0,0,25928.0,0,0.0,1,0.0,1,0.6
528,0,,,84105.00473217988,84145.0,0.07487414748126531,25.0,0,13.0,0,84105.0,0,1.0,0,1.0,0,0.0
372,1,1244.0,943.0,46.04345773288535,48.0,0.9574419841536567,46.0,0,0.0,1,0.0,0,0.0,1,0.0,1,0.6
604,0,,,10704.000934230153,10710.0,0.11717871394919999,4.0,0,2.0,0,10704.0,0,0.0,1,0.0,1,0.4
390,0,,,29.120439557122072,34.0,0.9120319355630213,29.0,0,2.0,0,0.0,0,1.0,0,1.0,0,0.0
477,0,,,47112.000520037356,47119.0,0.019934578582142204,0.0,1,7.0,0,47112.0,0,0.0,1,0.0,1,0.6
677,0,,,9.486832980505138,16.0,0.9194514832089883,7.0,0,4.0,0,0.0,0,0.0,1,0.0,1,0.4
621,0,,,30.4138126514911,51.0,0.8497813941674051,26.0,0,12.0,0,0.0,0,1.0,0,2.0,0,0.0
20,1,140.0,35.0,9.643650760992955,15.0,0.941297475164401,8.0,0,2.0,0,0.0,0,0.0,1,0.0,1,0.4
478,0,,,45097.00694059418,45129.0,0.2261951174024004,24.0,0,7.0,0,45097.0,0,1.0,0,0.0,1,0.2
562,0,,,32.29551052391029,39.0,0.890620440284718,32.0,0,4.0,0,0.0,0,1.0,0,1.0,0,0.0
130,1,472.0,248.0,45200.000398230084,45206.0,0.02515748568620002,0.0,1,6.0,0,45200.0,0,0.0,1,0.0,1,0.6
719,0,,,34.785054261852174,54.0,0.8548626217227346,32.0,0,9.0,0,0.0,0,1.0,0,2.0,0,0.0
159,1,994.0,317.0,25.15949125081825,35.0,0.8900420976100686,23.0,0,2.0,0,0.0,0,0.0,1,0.0,1,0.4
566,0,,,13990.033631124694,14029.0,0.038180490141211276,29.0,0,10.0,0,13990.0,0,0.0,1,0.0,1,0.4
134,1,1272.0,255.0,45194.001593131805,45206.0,0.30465254086838844,0.0,1,12.0,0,45194.0,0,0.0,1,0.0,1,0.6
13,1,668.0,25.0,10.770329614269007,14.0,0.867922737485174,0.0,1,10.0,0,0.0,0,0.0,1,0.0,1,0.6
638,0,,,25104.016232467664,25143.0,0.1271606828379569,27.0,0,9.0,0,25104.0,0,2.0,0,1.0,0,0.0
210,1,460.0,437.0,11.180339887498949,19.0,0.9906430542828408,6.0,0,5.0,0,0.0,0,0.0,1,0.0,1,0.4
234,1,388.0,499.0,37.53664875824692,45.0,0.9016590787204964,37.0,0,2.0,0,0.0,0,0.0,1,0.0,1,0.4
196,1,430.0,410.0,10.488088481701515,14.0,0.9896973879583669,3.0,0,10.0,0,0.0,0,0.0,1,0.0,1,0.4
564,0,,,42.74342054632502,55.0,0.9492334886750412,42.0,0,5.0,0,0.0,0,1.0,0,1.0,0,0.0
635,0,,,36.864617182333525,53.0,0.9506767930380275,35.0,0,9.0,0,0.0,0,0.0,1,2.0,0,0.2
617,0,,,47407.009218047075,47447.0,0.11730522544312871,27.0,0,12.0,0,47407.0,0,1.0,0,0.0,1,0.2
737,0,,,12.649110640673518,24.0,0.9843968872335396,5.0,0,7.0,0,0.0,0,1.0,0,2.0,0,0.0
69,1,959.0,129.0,7.681145747868608,11.0,0.9290341646006869,3.0,0,7.0,0,0.0,0,0.0,1,0.0,1,0.4
591,0,,,17.97220075561143,25.0,0.6085806194501846,17.0,0,0.0,0,0.0,0,0.0,1,0.0,1,0.4
370,1,662.0,936.0,27.51363298439521,43.0,0.8966024835181957,24.0,0,9.0,0,0.0,0,0.0,1,0.0,1,0.4
18,1,566.0,32.0,10.04987562112089,15.0,0.9380345549475287,9.0,0,0.0,1,0.0,0,0.0,1,2.0,0,0.4
565,0,,,15117.002976780814,15129.0,0.0893126246096676,3.0,0,9.0,0,15117.0,0,0.0,1,0.0,1,0.4
614,0,,,43.46262762420146,51.0,0.9118910950829271,43.0,0,2.0,0,0.0,0,0.0,1,0.0,1,0.4
657,0,,,84225.00401899664,84260.0,0.08335330660271256,24.0,0,10.0,0,84225.0,0,0.0,1,1.0,0,0.2
683,0,,,19.313207915827967,37.0,0.9255847571498883,10.0,0,12.0,0,0.0,0,2.0,0,2.0,0,0.0
552,0,,,15.394804318340652,23.0,0.9857899969293401,13.0,0,0.0,1,0.0,0,0.0,1,2.0,0,0.4
272,1,332.0,602.0,6.324555320336759,8.0,0.9943515534262918,2.0,0,0.0,1,0.0,0,0.0,1,0.0,1,0.6
600,0,,,30.95157508108432,52.0,0.9120324064713708,27.0,0,10.0,0,0.0,0,2.0,0,2.0,0,0.0
161,1,133.0,320.0,82191.00087600831,82203.0,0.19230303295843276,0.0,1,12.0,0,82191.0,0,0.0,1,0.0,1,0.6
549,0,,,12.083045973594572,14.0,0.9602500384808047,12.0,0,0.0,1,0.0,0,0.0,1,1.0,0,0.4
74,1,1005.0,139.0,18.466185312619388,27.0,0.9905486882904048,16.0,0,2.0,0,0.0,0,0.0,1,0.0,1,0.4
538,0,,,13.74772708486752,21.0,0.9964726105115206,12.0,0,6.0,0,0.0,0,0.0,1,0.0,1,0.4
607,0,,,48.41487374764082,56.0,0.8956949270088573,48.0,0,2.0,0,0.0,0,0.0,1,0.0,1,0.4
502,0,,,15.937377450509228,26.0,0.9921963632748645,13.0,0,6.0,0,0.0,0,0.0,1,0.0,1,0.4
413,0,,,12.36931687685298,21.0,0.9675139463383187,2.0,0,9.0,0,0.0,0,0.0,1,2.0,0,0.2
404,0,,,18.138357147217054,27.0,0.8733141435302472,15.0,0,2.0,0,0.0,0,0.0,1,0.0,1,0.4
129,1,309.0,246.0,5.385164807134504,7.0,0.9946833607353538,0.0,1,0.0,1,0.0,0,0.0,1,2.0,0,0.6
709,0,,,14098.03862244674,14139.0,0.05188418277959661,32.0,0,8.0,0,14098.0,0,0.0,1,1.0,0,0.2
619,0,,,49221.000650129004,49229.0,0.016912520326168745,0.0,1,8.0,0,49221.0,0,0.0,1,0.0,1,0.6
695,0,,,14.177446878757825,23.0,0.7685189631370578,4.0,0,8.0,0,0.0,0,0.0,1,0.0,1,0.4
301,1,1314.0,689.0,12.24744871391589,18.0,0.9217648016985405,11.0,0,0.0,1,0.0,0,0.0,1,2.0,0,0.4
664,0,,,13.490737563232042,20.0,0.9744940042650425,9.0,0,10.0,0,0.0,0,0.0,1,0.0,1,0.4
768,0,,,18.81488772222678,32.0,0.8405390384017292,14.0,0,6.0,0,0.0,0,0.0,1,1.0,0,0.2
583,0,,,84116.00191402347,84144.0,0.06297512511154224,11.0,0,14.0,0,84116.0,0,2.0,0,1.0,0,0.0
526,0,,,31.272991542223778,48.0,0.9498866756928798,28.0,0,12.0,0,0.0,0,0.0,1,1.0,0,0.2
220,1,1169.0,462.0,31.76476034853718,43.0,0.8950053553527221,30.0,0,3.0,0,0.0,0,0.0,1,0.0,1,0.4
595,0,,,25.88435821108957,44.0,0.9623576532774799,22.0,0,10.0,0,0.0,0,1.0,0,2.0,0,0.0
616,0,,,7.211102550927978,12.0,0.9868881046542165,1.0,0,5.0,0,0.0,0,0.0,1,1.0,0,0.2
697,0,,,13.638181696985855,20.0,0.973339614429169,8.0,0,0.0,1,0.0,0,0.0,1,1.0,0,0.4
252,1,1233.0,540.0,36.61966684720111,45.0,0.8923094479329501,36.0,0,3.0,0,0.0,0,0.0,1,0.0,1,0.4
421,0,,,12.922847983320086,23.0,0.8895485513573865,11.0,0,4.0,0,0.0,0,1.0,0,2.0,0,0.0
101,1,348.0,198.0,43291.000011549746,43292.0,0.2871599638097303,0.0,1,1.0,0,43291.0,0,0.0,1,0.0,1,0.6
675,0,,,49214.00567927793,49245.0,0.12087249122709731,23.0,0,5.0,0,49214.0,0,2.0,0,1.0,0,0.0
656,0,,,12.68857754044952,17.0,0.9641568026016122,12.0,0,1.0,0,0.0,0,0.0,1,0.0,1,0.4
730,0,,,45196.001393928644,45212.0,0.19523413494158637,5.0,0,10.0,0,45196.0,0,1.0,0,0.0,1,0.2
593,0,,,15193.020107931141,15226.0,0.165399647310559,23.0,0,9.0,0,15193.0,0,0.0,1,1.0,0,0.2
508,0,,,18.411952639521967,31.0,0.9827171828767759,13.0,0,11.0,0,0.0,0,0.0,1,0.0,1,0.4
556,0,,,16.431676725154983,24.0,0.9922969522054333,13.0,0,10.0,0,0.0,0,0.0,1,0.0,1,0.4
132,1,353.0,252.0,47108.00085972658,47117.0,0.08161019175401962,0.0,1,9.0,0,47108.0,0,0.0,1,0.0,1,0.6
411,0,,,10.44030650891055,15.0,0.9226051674359548,2.0,0,10.0,0,0.0,0,0.0,1,1.0,0,0.2
577,0,,,49.16299421312742,63.0,0.8560189781511207,48.0,0,10.0,0,0.0,0,0.0,1,2.0,0,0.2
756,0,,,97005.00041750426,97014.0,0.020109570884661365,0.0,1,9.0,0,97005.0,0,0.0,1,0.0,1,0.6
63,1,729.0,116.0,22.15851980616034,33.0,0.5506887917539348,19.0,0,0.0,0,0.0,0,0.0,1,0.0,1,0.4
335,1,915.0,786.0,8.94427190999916,12.0,0.9895499028185102,0.0,1,8.0,0,0.0,0,0.0,1,0.0,1,0.6
384,1,44.0,997.0,14.89966442575134,22.0,0.8291913243519499,1.0,0,10.0,0,0.0,0,0.0,1,0.0,1,0.4
504,0,,,81298.00163595659,81322.0,0.3329209091473043,11.0,0,12.0,0,81298.0,0,0.0,1,1.0,0,0.2
84,1,894.0,165.0,13.601470508735444,21.0,0.9875618613870454,9.0,0,2.0,0,0.0,0,0.0,1,0.0,1,0.4
340,1,904.0,799.0,12.24744871391589,18.0,0.9472946822567111,1.0,0,10.0,0,0.0,0,0.0,1,0.0,1,0.4
414,0,,,27.349588662354687,46.0,0.9720682774033735,24.0,0,8.0,0,0.0,0,2.0,0,2.0,0,0.0
9,1,551.0,18.0,6.4031242374328485,9.0,0.994102161439637,1.0,0,0.0,1,0.0,0,0.0,1,2.0,0,0.4
450,0,,,1404.0933017431569,1426.0,0.2265076901973635,15.0,0,6.0,0,1404.0,0,1.0,0,0.0,1,0.2
221,1,147.0,463.0,85488.0005848774,85498.0,0.12039376541184588,0.0,1,10.0,0,85488.0,0,0.0,1,0.0,1,0.6
337,1,152.0,793.0,36.6742416417845,43.0,0.9498311040728273,36.0,0,0.0,1,0.0,0,0.0,1,0.0,1,0.6
587,0,,,26.664583251946766,37.0,0.9865667698482257,25.0,0,9.0,0,0.0,0,0.0,1,2.0,0,0.2
592,0,,,15.427248620541512,24.0,0.0,0.0,0,0.0,0,0.0,0,0.0,0,0.0,0,0.0
33,1,502.0,60.0,13.038404810405298,18.0,0.9945568014545303,11.0,0,0.0,1,0.0,0,0.0,1,0.0,1,0.6
640,0,,,15.524174696260024,29.0,0.8472847574923043,10.0,0,10.0,0,0.0,0,1.0,0,2.0,0,0.0
745,0,,,84124.00219319097,84153.0,0.25175143355554574,14.0,0,13.0,0,84124.0,0,2.0,0,0.0,1,0.2
752,0,,,56.4889369699944,75.0,0.834291607356262,55.0,0,8.0,0,0.0,0,1.0,0,1.0,0,0.0
106,1,1057.0,209.0,11.224972160321824,14.0,0.8911624822176736,1.0,0,11.0,0,0.0,0,0.0,1,0.0,1,0.4
746,0,,,49212.00119889456,49228.0,0.21769199735573863,6.0,0,9.0,0,49212.0,0,0.0,1,1.0,0,0.2
685,0,,,58100.00115318415,58118.0,0.21481093621979364,9.0,0,7.0,0,58100.0,0,2.0,0,0.0,1,0.2
324,1,718.0,754.0,85207.00071003556,85218.0,0.08699186871716469,0.0,1,11.0,0,85207.0,0,0.0,1,0.0,1,0.6
338,1,964.0,794.0,42.20189569201838,47.0,0.8309856102237733,42.0,0,0.0,0,0.0,0,0.0,1,0.0,1,0.4
322,1,1031.0,741.0,16.30950643030009,28.0,0.9775477564839288,8.0,0,9.0,0,0.0,0,0.0,1,0.0,1,0.4
532,0,,,14092.014405328999,14120.0,0.13648359531569476,18.0,0,9.0,0,14092.0,0,0.0,1,1.0,0,0.2
410,0,,,14099.092949548209,14156.0,0.09382424409536205,51.0,0,4.0,0,14099.0,0,2.0,0,0.0,1,0.2
339,1,653.0,796.0,39.56008088970496,49.0,0.9330449231726897,38.0,0,0.0,1,0.0,0,0.0,1,0.0,1,0.6
521,0,,,16.09347693943108,25.0,0.989164419063717,13.0,0,3.0,0,0.0,0,0.0,1,0.0,1,0.4
152,1,523.0,303.0,84118.00071922776,84129.0,0.050280865099043504,0.0,1,11.0,0,84118.0,0,0.0,1,0.0,1,0.6
343,1,862.0,803.0,47810.00018824514,47816.0,0.019849143479962916,3.0,0,3.0,0,47810.0,0,0.0,1,0.0,1,0.4
480,0,,,82192.00044408215,82203.0,0.14651452515619112,3.0,0,8.0,0,82192.0,0,0.0,1,0.0,1,0.4
762,0,,,62017.011053419854,62066.0,0.047967861043364035,35.0,0,12.0,0,62017.0,0,1.0,0,1.0,0,0.0
505,0,,,14.071247279470288,22.0,0.9935682194972315,12.0,0,2.0,0,0.0,0,0.0,1,1.0,0,0.2
296,1,839.0,673.0,10.392304845413264,14.0,0.9883720554842116,2.0,0,10.0,0,0.0,0,0.0,1,0.0,1,0.4
312,1,1150.0,711.0,9.899494936611665,14.0,0.8899304461936266,0.0,1,9.0,0,0.0,0,1.0,0,0.0,1,0.4
403,0,,,59.565090447341724,70.0,0.9307438118859422,59.0,0,1.0,0,0.0,0,1.0,0,1.0,0,0.0
239,1,300.0,507.0,3.4641016151377544,6.0,0.998053227101278,0.0,1,2.0,0,0.0,0,0.0,1,2.0,0,0.4
212,1,34.0,439.0,11.74734012447073,20.0,0.9937706724515428,9.0,0,2.0,0,0.0,0,0.0,1,2.0,0,0.2
568,0,,,18.05547008526779,26.0,0.8891278206791914,15.0,0,0.0,1,0.0,0,0.0,1,1.0,0,0.4
455,0,,,35.12833614050059,58.0,0.9005749086244776,31.0,0,12.0,0,0.0,0,2.0,0,2.0,0,0.0
266,1,77.0,580.0,2.449489742783178,4.0,0.9992526488418012,0.0,1,1.0,0,0.0,0,0.0,1,2.0,0,0.4
206,1,810.0,431.0,18.49324200890693,26.0,0.9014943491584049,17.0,0,7.0,0,0.0,0,0.0,1,0.0,1,0.4
225,1,1091.0,471.0,13.74772708486752,19.0,0.9832636415313503,4.0,0,13.0,0,0.0,0,0.0,1,0.0,1,0.4
148,1,647.0,291.0,12.409673645990857,20.0,0.8847019164931829,8.0,0,9.0,0,0.0,0,0.0,1,0.0,1,0.4
397,0,,,52208.00123544283,52225.0,0.11052119242332592,8.0,0,8.0,0,52208.0,0,1.0,0,0.0,1,0.2
445,0,,,14103.035878845378,14143.0,0.03353372929149123,31.0,0,7.0,0,14103.0,0,1.0,0,1.0,0,0.0
369,1,764.0,926.0,5.744562646538029,9.0,0.9962275234856816,2.0,0,0.0,1,0.0,0,0.0,1,2.0,0,0.4
303,1,79.0,694.0,45195.00054209536,45202.0,0.20543546216836728,0.0,1,7.0,0,45195.0,0,0.0,1,0.0,1,0.6
399,0,,,14096.027277215378,14131.0,0.08145914637465923,27.0,0,6.0,0,14096.0,0,2.0,0,0.0,1,0.2
475,0,,,14.422205101855956,26.0,0.9736709278075424,10.0,0,5.0,0,0.0,0,1.0,0,1.0,0,0.0
64,1,507.0,118.0,8.06225774829855,9.0,0.9796703097425519,0.0,1,0.0,1,0.0,0,0.0,1,1.0,0,0.6
409,0,,,28.89636655359978,41.0,0.9208906765121643,27.0,0,2.0,0,0.0,0,1.0,0,1.0,0,0.0
474,0,,,15.556349186104045,26.0,0.8310925936203117,7.0,0,12.0,0,0.0,0,0.0,1,0.0,1,0.4
703,0,,,15113.021901658185,15145.0,0.11935337594986872,25.0,0,6.0,0,15113.0,0,0.0,1,1.0,0,0.2
173,1,236.0,350.0,13.601470508735444,19.0,0.970745806557,0.0,1,11.0,0,0.0,0,0.0,1,0.0,1,0.6
718,0,,,47107.00197422884,47129.0,0.0790121737809758,9.0,0,10.0,0,47107.0,0,2.0,0,1.0,0,0.0
446,0,,,64180.00094266126,64191.0,0.3518314315278217,0.0,1,11.0,0,64180.0,0,0.0,1,0.0,1,0.6
43,1,90.0,79.0,10.14889156509222,17.0,0.900723569542759,7.0,0,1.0,0,0.0,0,0.0,1,2.0,0,0.2
689,0,,,26.28687885618983,39.0,0.9911392394202463,25.0,0,5.0,0,0.0,0,2.0,0,1.0,0,0.0
351,1,345.0,830.0,19.339079605813716,28.0,0.9460276070005559,17.0,0,9.0,0,0.0,0,0.0,1,0.0,1,0.4
609,0,,,4.242640687119285,8.0,0.9981069418963656,3.0,0,2.0,0,0.0,0,0.0,1,2.0,0,0.2
571,0,,,9.16515138991168,12.0,0.9894589581467836,1.0,0,1.0,0,0.0,0,0.0,1,1.0,0,0.2
262,1,709.0,570.0,41.88078318274385,52.0,0.8850591378890275,41.0,0,3.0,0,0.0,0,0.0,1,0.0,1,0.4
185,1,875.0,387.0,45092.000898163744,45101.0,0.21720970113588023,0.0,1,9.0,0,45092.0,0,0.0,1,0.0,1,0.6
594,0,,,55097.00421075542,55125.0,0.15882248491970719,20.0,0,8.0,0,55097.0,0,0.0,1,0.0,1,0.4
214,1,245.0,444.0,40995.000439077936,41001.0,0.14851571260098773,0.0,1,6.0,0,40995.0,0,0.0,1,0.0,1,0.6
135,1,1303.0,260.0,40996.00015855205,41001.0,0.11322653896113799,2.0,0,3.0,0,40996.0,0,0.0,1,0.0,1,0.4
19,1,575.0,33.0,43297.00018477031,43301.0,0.23479550211326883,0.0,1,4.0,0,43297.0,0,0.0,1,0.0,1,0.6
31,1,504.0,55.0,10.816653826391969,15.0,0.9785017405118042,0.0,1,9.0,0,0.0,0,0.0,1,0.0,1,0.6
555,0,,,16.06237840420901,28.0,0.8417669891126057,13.0,0,7.0,0,0.0,0,0.0,1,2.0,0,0.2
665,0,,,13.228756555322953,21.0,0.9129004872318784,2.0,0,12.0,0,0.0,0,1.0,0,1.0,0,0.0
537,0,,,30.166206257996713,36.0,0.9387147211944298,30.0,0,2.0,0,0.0,0,1.0,0,1.0,0,0.0
547,0,,,12.288205727444508,17.0,0.9470464069394365,12.0,0,1.0,0,0.0,0,1.0,0,1.0,0,0.0
361,1,112.0,865.0,49211.00025400825,49216.0,0.18263776029904977,0.0,1,5.0,0,49211.0,0,0.0,1,0.0,1,0.6
373,1,544.0,949.0,60.40695324215582,67.0,0.9405125731722683,60.0,0,0.0,1,0.0,0,0.0,1,0.0,1,0.6
205,1,1072.0,429.0,53189.00076143563,53198.0,0.4144169926161696,0.0,1,9.0,0,53189.0,0,0.0,1,0.0,1,0.6
627,0,,,17.05872210923198,25.0,0.8553419901621283,13.0,0,1.0,0,0.0,0,0.0,1,0.0,1,0.4
336,1,856.0,792.0,81291.00030138638,81298.0,0.25951569336367164,0.0,1,7.0,0,81291.0,0,0.0,1,0.0,1,0.6
542,0,,,27.622454633866266,45.0,0.9736795920896915,25.0,0,7.0,0,0.0,0,2.0,0,2.0,0,0.0
525,0,,,11.40175425099138,18.0,0.9882734272674455,8.0,0,8.0,0,0.0,0,0.0,1,1.0,0,0.2
750,0,,,43.840620433565945,60.0,0.9038819536704306,42.0,0,6.0,0,0.0,0,0.0,1,1.0,0,0.2
81,1,1281.0,154.0,10.488088481701515,14.0,0.9838829400713763,1.0,0,3.0,0,0.0,0,0.0,1,0.0,1,0.4
466,0,,,13.341664064126334,20.0,0.9968998720245635,12.0,0,5.0,0,0.0,0,0.0,1,0.0,1,0.4
511,0,,,23.302360395462088,29.0,0.9069036312481886,23.0,0,3.0,0,0.0,0,0.0,1,1.0,0,0.2
204,1,251.0,427.0,53199.00033835223,53205.0,0.0485847934346928,0.0,1,6.0,0,53199.0,0,0.0,1,0.0,1,0.6
471,0,,,14094.009968777516,14119.0,0.1061447707494092,14.0,0,9.0,0,14094.0,0,0.0,1,2.0,0,0.2
533,0,,,11.445523142259598,17.0,0.9550025497303952,0.0,1,9.0,0,0.0,0,0.0,1,1.0,0,0.4
355,1,689.0,835.0,41.43669871020132,47.0,0.9405214564388132,41.0,0,0.0,1,0.0,0,0.0,1,0.0,1,0.6
150,1,109.0,297.0,18.894443627691185,27.0,0.989245935163948,17.0,0,2.0,0,0.0,0,0.0,1,0.0,1,0.4
192,1,1239.0,400.0,10.63014581273465,15.0,0.9887066502472992,3.0,0,0.0,1,0.0,0,0.0,1,2.0,0,0.4
222,1,1191.0,466.0,34.19064199455752,45.0,0.5907198314129599,33.0,0,0.0,0,0.0,0,0.0,1,0.0,1,0.4
385,0,,,12.12435565298214,17.0,0.9401168164899588,11.0,0,0.0,1,0.0,0,0.0,1,1.0,0,0.4
34,1,169.0,62.0,41001.00175605469,41013.0,0.049643652180475395,0.0,1,12.0,0,41001.0,0,0.0,1,0.0,1,0.6
401,0,,,96995.00089695345,97015.0,0.4539490407686835,12.0,0,5.0,0,96995.0,0,1.0,0,2.0,0,0.0
377,1,1220.0,957.0,10706.003782924794,10715.0,0.17627717679476784,0.0,1,9.0,0,10706.0,0,0.0,1,0.0,1,0.6
553,0,,,96998.00357223854,97031.0,0.25494896545293344,26.0,0,3.0,0,96998.0,0,2.0,0,2.0,0,0.0
276,1,250.0,610.0,49216.000822903115,49225.0,0.11995195824948368,0.0,1,9.0,0,49216.0,0,0.0,1,0.0,1,0.6
529,0,,,7.280109889280518,11.0,0.9408179638004762,4.0,0,6.0,0,0.0,0,0.0,1,0.0,1,0.4
58,1,852.0,107.0,33144.00013577118,33147.0,0.18817281038739264,0.0,1,3.0,0,33144.0,0,0.0,1,0.0,1,0.6
366,1,429.0,912.0,43.04648650006177,45.0,0.9459420278651063,43.0,0,0.0,1,0.0,0,0.0,1,0.0,1,0.6
622,0,,,53.925875050851054,68.0,0.8078412156050738,53.0,0,0.0,0,0.0,0,1.0,0,1.0,0,0.0
113,1,1083.0,219.0,11.445523142259598,15.0,0.9834898177199746,0.0,1,3.0,0,0.0,0,0.0,1,1.0,0,0.4
496,0,,,14.560219778561036,22.0,0.8894889998034511,12.0,0,2.0,0,0.0,0,0.0,1,0.0,1,0.4
500,0,,,56103.00211218648,56126.0,0.05505372077784976,14.0,0,6.0,0,56103.0,0,1.0,0,2.0,0,0.0
243,1,536.0,512.0,69197.00026012688,69203.0,0.0868790838339667,0.0,1,6.0,0,69197.0,0,0.0,1,0.0,1,0.6
497,0,,,23.473389188611005,33.0,0.8916791500740604,22.0,0,8.0,0,0.0,0,1.0,0,1.0,0,0.0
292,1,1154.0,659.0,24.43358344574123,33.0,0.8725762926928252,23.0,0,8.0,0,0.0,0,0.0,1,0.0,1,0.4
183,1,1171.0,378.0,18.05547008526779,30.0,0.8542715942107683,13.0,0,6.0,0,0.0,0,0.0,1,0.0,1,0.4
15,1,275.0,29.0,97003.00002061792,97005.0,0.07474317519881446,0.0,1,0.0,1,97003.0,0,0.0,1,2.0,0,0.6
630,0,,,36.68787265568828,46.0,0.9394501508629484,36.0,0,0.0,0,0.0,0,0.0,1,0.0,1,0.4
488,0,,,38.39270764090493,46.0,0.8138692631928629,38.0,0,0.0,0,0.0,0,0.0,1,1.0,0,0.2
76,1,12.0,141.0,1408.0127840328723,1414.0,0.09548101445896773,0.0,1,6.0,0,1408.0,0,0.0,1,0.0,1,0.6
585,0,,,11.532562594670797,19.0,0.9919346237454093,9.0,0,6.0,0,0.0,0,0.0,1,0.0,1,0.4
541,0,,,36.09709129556009,41.0,0.9279270925770929,36.0,0,1.0,0,0.0,0,1.0,0,1.0,0,0.0
166,1,758.0,337.0,85484.00084226287,85496.0,0.13050982390804866,0.0,1,12.0,0,85484.0,0,0.0,1,0.0,1,0.6
523,0,,,74191.00390209045,74222.0,0.1593980703522786,23.0,0,7.0,0,74191.0,0,1.0,0,0.0,1,0.2
70,1,451.0,130.0,13.038404810405298,14.0,0.9662815010198446,13.0,0,0.0,1,0.0,0,0.0,1,0.0,1,0.6
588,0,,,23921.001881192184,23935.0,0.18760023303506335,1.0,0,9.0,0,23921.0,0,2.0,0,2.0,0,0.0
62,1,747.0,113.0,14.247806848775006,21.0,0.8820693219105531,11.0,0,0.0,1,0.0,0,0.0,1,1.0,0,0.4
314,1,556.0,721.0,4.123105625617661,7.0,0.9967970486799786,0.0,1,2.0,0,0.0,0,0.0,1,2.0,0,0.4
245,1,600.0,516.0,46296.00010800069,46300.0,0.15938653267265668,1.0,0,3.0,0,46296.0,0,0.0,1,0.0,1,0.4
199,1,622.0,419.0,96997.0,96997.0,0.16456676476994825,0.0,1,0.0,1,96997.0,0,0.0,1,0.0,1,0.8
364,1,555.0,892.0,12.767145334803704,19.0,0.8261831873106013,0.0,1,9.0,0,0.0,0,1.0,0,0.0,1,0.4
23,1,355.0,39.0,23932.002089252794,23942.0,0.1296180312314572,0.0,1,10.0,0,23932.0,0,0.0,1,0.0,1,0.6
755,0,,,28.035691537752374,44.0,0.9732695958406896,26.0,0,6.0,0,0.0,0,3.0,0,1.0,0,0.0
127,1,755.0,243.0,13.45362404707371,19.0,0.9792809368574552,0.0,1,10.0,0,0.0,0,0.0,1,0.0,1,0.6
265,1,845.0,576.0,47590.00018911536,47596.0,0.025107389455479523,3.0,0,3.0,0,47590.0,0,0.0,1,0.0,1,0.4
256,1,481.0,556.0,17011.001440244487,17018.0,0.04786538926358819,0.0,1,7.0,0,17011.0,0,0.0,1,0.0,1,0.6
216,1,144.0,451.0,21.587033144922902,26.0,0.989165317675524,21.0,0,0.0,1,0.0,0,0.0,1,0.0,1,0.6
315,1,812.0,722.0,20.248456731316587,34.0,0.9221712063083359,15.0,0,8.0,0,0.0,0,0.0,1,0.0,1,0.4
36,1,1112.0,67.0,11.180339887498949,15.0,0.943299960147786,10.0,0,0.0,1,0.0,0,0.0,1,0.0,1,0.6
662,0,,,14094.007237120322,14116.0,0.22031552979163704,11.0,0,9.0,0,14094.0,0,1.0,0,1.0,0,0.0
520,0,,,84119.00059439603,84129.0,0.025369940364934784,0.0,1,10.0,0,84119.0,0,0.0,1,0.0,1,0.6
235,1,797.0,502.0,7.211102550927978,10.0,0.9846442994434484,0.0,1,6.0,0,0.0,0,0.0,1,0.0,1,0.6
765,0,,,85095.00047593865,85108.0,0.18755887208333766,4.0,0,8.0,0,85095.0,0,0.0,1,1.0,0,0.2
118,1,396.0,226.0,15.0,23.0,0.8462209098512543,2.0,0,10.0,0,0.0,0,0.0,1,0.0,1,0.4
193,1,832.0,401.0,20219.001582669705,20227.0,0.07479111791458826,0.0,1,8.0,0,20219.0,0,0.0,1,0.0,1,0.6
90,1,799.0,175.0,11.874342087037917,17.0,0.8534816373129043,4.0,0,11.0,0,0.0,0,0.0,1,0.0,1,0.4
295,1,828.0,666.0,49.37610758251404,56.0,0.9067531499980928,49.0,0,1.0,0,0.0,0,0.0,1,0.0,1,0.4
396,0,,,14095.017949616098,14125.0,0.12328565063301944,21.0,0,8.0,0,14095.0,0,0.0,1,1.0,0,0.2
672,0,,,19.949937343260004,26.0,0.9432688363138982,19.0,0,0.0,1,0.0,0,1.0,0,0.0,1,0.4
285,1,1045.0,631.0,40999.00059757555,41006.0,0.03702674459005417,0.0,1,7.0,0,40999.0,0,0.0,1,0.0,1,0.6
516,0,,,62016.01310951874,62062.0,0.05901379816025765,40.0,0,5.0,0,62016.0,0,0.0,1,1.0,0,0.2
3,1,96.0,6.0,55095.00044468645,55102.0,0.19521621488404783,0.0,1,7.0,0,55095.0,0,0.0,1,0.0,1,0.6
294,1,580.0,661.0,97005.00041750426,97014.0,0.020109570884661365,0.0,1,9.0,0,97005.0,0,0.0,1,0.0,1,0.6
327,1,265.0,762.0,47628.000472411186,47637.0,0.13178763749731115,6.0,0,3.0,0,47628.0,0,0.0,1,0.0,1,0.4
352,1,1196.0,831.0,16.431676725154983,26.0,0.9702673587582836,7.0,0,14.0,0,0.0,0,0.0,1,0.0,1,0.4
667,0,,,25.219040425836983,36.0,0.9934252629008975,24.0,0,3.0,0,0.0,0,1.0,0,1.0,0,0.0
298,1,1284.0,678.0,49222.002376985845,49240.0,0.15558359261096744,15.0,0,3.0,0,49222.0,0,0.0,1,0.0,1,0.4
140,1,435.0,271.0,27399.00182488406,27409.0,0.3347121979562787,0.0,1,10.0,0,27399.0,0,0.0,1,0.0,1,0.6
145,1,1305.0,282.0,18.627936010197157,27.0,0.9934974958117138,17.0,0,3.0,0,0.0,0,0.0,1,0.0,1,0.4
37,1,1119.0,68.0,15.264337522473747,21.0,0.9055901158603297,13.0,0,0.0,1,0.0,0,0.0,1,0.0,1,0.6
51,1,150.0,92.0,47727.001508580026,47739.0,0.1862695710950253,0.0,1,12.0,0,47727.0,0,0.0,1,0.0,1,0.6
311,1,1077.0,706.0,47706.00037731103,47712.0,0.16320795925460918,0.0,1,6.0,0,47706.0,0,0.0,1,0.0,1,0.6
342,1,191.0,802.0,9.486832980505138,12.0,0.9587572982879635,0.0,1,9.0,0,0.0,0,0.0,1,0.0,1,0.6
300,1,1155.0,686.0,6.4031242374328485,9.0,0.9958904884829113,2.0,0,6.0,0,0.0,0,0.0,1,0.0,1,0.4
213,1,146.0,441.0,96998.00008763067,97003.0,0.21109414466447474,1.0,0,4.0,0,96998.0,0,0.0,1,0.0,1,0.4
42,1,407.0,77.0,84111.00059445256,84121.0,0.3900814467107392,0.0,1,10.0,0,84111.0,0,0.0,1,0.0,1,0.6
142,1,1094.0,274.0,85221.00047523498,85230.0,0.2157019376246656,0.0,1,9.0,0,85221.0,0,0.0,1,0.0,1,0.6
6,1,220.0,13.0,33138.001222161845,33147.0,0.09975253324798472,0.0,1,9.0,0,33138.0,0,0.0,1,0.0,1,0.6
198,1,1089.0,415.0,47588.00105068504,47598.0,0.1543200842245933,0.0,1,10.0,0,47588.0,0,0.0,1,0.0,1,0.6
720,0,,,35.31288716601915,47.0,0.9591222166740508,34.0,0,9.0,0,0.0,0,0.0,1,1.0,0,0.2
391,0,,,18.601075237738275,32.0,0.9744956852069616,12.0,0,9.0,0,0.0,0,0.0,1,0.0,1,0.4
461,0,,,84110.00990369696,84162.0,0.47519608095195054,39.0,0,12.0,0,84110.0,0,0.0,1,1.0,0,0.2
394,0,,,17.291616465790582,21.0,0.9748921895764343,17.0,0,1.0,0,0.0,0,0.0,1,0.0,1,0.4
170,1,1061.0,344.0,14.317821063276353,19.0,0.999241555019889,14.0,0,1.0,0,0.0,0,0.0,1,2.0,0,0.2
612,0,,,47721.04793484737,47800.0,0.0,0.0,0,0.0,0,0.0,0,0.0,0,0.0,0,0.0
510,0,,,19.261360284258224,31.0,0.9940959472691863,18.0,0,5.0,0,0.0,0,3.0,0,2.0,0,0.0
645,0,,,32.341923257592455,42.0,0.9510503360369525,31.0,0,2.0,0,0.0,0,0.0,1,0.0,1,0.4
646,0,,,97002.00019071772,97013.0,0.07410982436221092,1.0,0,4.0,0,97002.0,0,4.0,0,2.0,0,0.0
670,0,,,9.0,15.0,0.8754447709232323,4.0,0,7.0,0,0.0,0,0.0,1,0.0,1,0.4
513,0,,,84122.00324528654,84156.0,0.40499872825000627,20.0,0,12.0,0,84122.0,0,1.0,0,1.0,0,0.0
346,1,1200.0,815.0,13.490737563232042,20.0,0.7957158646654571,0.0,1,10.0,0,0.0,0,1.0,0,0.0,1,0.4
250,1,792.0,533.0,5.0990195135927845,8.0,0.998209239316309,4.0,0,3.0,0,0.0,0,0.0,1,0.0,1,0.4
383,1,1078.0,991.0,1269.0015760431506,1271.0,0.0834233375007265,0.0,1,0.0,1,1269.0,0,0.0,1,2.0,0,0.6
319,1,808.0,735.0,52203.000612991586,52211.0,0.30409343037462366,0.0,1,8.0,0,52203.0,0,0.0,1,0.0,1,0.6
569,0,,,15.427248620541512,24.0,0.9953258755314074,14.0,0,6.0,0,0.0,0,2.0,0,1.0,0,0.0
460,0,,,49214.01347177448,49258.0,0.25569637533660905,36.0,0,5.0,0,49214.0,0,2.0,0,1.0,0,0.0
748,0,,,34.07345007480164,49.0,0.8673216430339808,32.0,0,6.0,0,0.0,0,0.0,1,1.0,0,0.2
218,1,713.0,458.0,46411.001077330795,46421.0,0.025765044281271354,0.0,1,10.0,0,46411.0,0,0.0,1,0.0,1,0.6
378,1,942.0,959.0,10705.0046707136,10715.0,0.21755716852126694,0.0,1,10.0,0,10705.0,0,0.0,1,0.0,1,0.6
202,1,1055.0,424.0,30.95157508108432,40.0,0.8183774785616806,30.0,0,0.0,0,0.0,0,0.0,1,0.0,1,0.4
89,1,940.0,173.0,64908.00173322239,64923.0,0.04149149250566542,0.0,1,15.0,0,64908.0,0,0.0,1,0.0,1,0.6
676,0,,,15.264337522473747,29.0,0.9684362933863545,10.0,0,10.0,0,0.0,0,2.0,0,2.0,0,0.0
584,0,,,1123.0645573607958,1136.0,0.2027539992708367,12.0,0,1.0,0,1123.0,0,0.0,1,0.0,1,0.4
711,0,,,39.179076048319466,57.0,0.8530994826369424,37.0,0,8.0,0,0.0,0,1.0,0,1.0,0,0.0
684,0,,,45300.007858718964,45332.0,0.04976894669923049,26.0,0,6.0,0,45300.0,0,0.0,1,0.0,1,0.4
330,1,674.0,769.0,92000.00013586956,92005.0,0.019062336831571325,0.0,1,5.0,0,92000.0,0,0.0,1,0.0,1,0.6
641,0,,,51.96152422706632,66.0,0.8668767097237052,51.0,0,0.0,0,0.0,0,1.0,0,1.0,0,0.0
273,1,848.0,603.0,7.0,7.0,0.993511154410837,0.0,1,0.0,1,0.0,0,0.0,1,0.0,1,0.8
280,1,342.0,617.0,13.45362404707371,19.0,0.8142035863285658,0.0,1,12.0,0,0.0,0,1.0,0,0.0,1,0.4
639,0,,,13.114877048604,20.0,0.9191363337564668,11.0,0,1.0,0,0.0,0,1.0,0,0.0,1,0.2
231,1,97.0,487.0,52281.00077466,52290.0,0.182927933394047,0.0,1,9.0,0,52281.0,0,0.0,1,0.0,1,0.6
201,1,1067.0,422.0,28.513154858766505,35.0,0.910894785492696,28.0,0,2.0,0,0.0,0,0.0,1,0.0,1,0.4
160,1,1143.0,319.0,14.212670403551895,20.0,0.9700919675833294,0.0,1,9.0,0,0.0,0,0.0,1,0.0,1,0.6
561,0,,,14098.006738542865,14120.0,0.12091733203750354,11.0,0,8.0,0,14098.0,0,2.0,0,1.0,0,0.0
2,1,524.0,4.0,47111.000010613236,47112.0,0.03558986460585234,0.0,1,0.0,1,47111.0,0,0.0,1,1.0,0,0.6
393,0,,,17.74823934929885,29.0,0.9797484551525601,13.0,0,5.0,0,0.0,0,0.0,1,0.0,1,0.4
138,1,73.0,268.0,24.61706725018234,34.0,0.8906635587695553,22.0,0,1.0,0,0.0,0,0.0,1,0.0,1,0.4
522,0,,,13.638181696985855,22.0,0.8065760719769387,4.0,0,7.0,0,0.0,0,0.0,1,0.0,1,0.4
618,0,,,49219.00330157042,49242.0,0.0894615759440518,17.0,0,6.0,0,49219.0,0,0.0,1,0.0,1,0.4
290,1,824.0,651.0,16.431676725154983,28.0,0.9767304790832334,7.0,0,10.0,0,0.0,0,0.0,1,0.0,1,0.4
381,1,929.0,966.0,48.218253804964775,61.0,0.5865733229046541,47.0,0,0.0,0,0.0,0,0.0,1,0.0,1,0.4
258,1,375.0,563.0,40.36087214122113,47.0,0.9016636198253685,40.0,0,2.0,0,0.0,0,0.0,1,0.0,1,0.4
67,1,936.0,125.0,8.12403840463596,12.0,0.9184477803746001,4.0,0,7.0,0,0.0,0,0.0,1,0.0,1,0.4
111,1,320.0,217.0,24.1039415863879,33.0,0.81469083618666,23.0,0,0.0,0,0.0,0,0.0,1,0.0,1,0.4
164,1,452.0,328.0,64906.00093211721,64917.0,0.08716216628625295,0.0,1,11.0,0,64906.0,0,0.0,1,0.0,1,0.6
323,1,1088.0,746.0,62012.00158033927,62026.0,0.2741979320857263,0.0,1,14.0,0,62012.0,0,0.0,1,0.0,1,0.6
716,0,,,17.69180601295413,29.0,0.9855478138883575,14.0,0,9.0,0,0.0,0,0.0,1,0.0,1,0.4
211,1,357.0,438.0,11.532562594670797,17.0,0.985701869480957,2.0,0,2.0,0,0.0,0,0.0,1,2.0,0,0.2
147,1,809.0,288.0,82193.00049274269,82202.0,0.12220315861950937,0.0,1,9.0,0,82193.0,0,0.0,1,0.0,1,0.6
291,1,1313.0,654.0,47111.0024304302,47128.0,0.03582246380904852,15.0,0,2.0,0,47111.0,0,0.0,1,0.0,1,0.4
283,1,953.0,625.0,9.9498743710662,15.0,0.8791699501722051,1.0,0,9.0,0,0.0,0,1.0,0,0.0,1,0.2
682,0,,,40.98780306383839,56.0,0.9748095785245724,40.0,0,6.0,0,0.0,0,2.0,0,2.0,0,0.0
139,1,721.0,270.0,49212.00082297,49221.0,0.1903785519131006,0.0,1,9.0,0,49212.0,0,0.0,1,0.0,1,0.6
115,1,515.0,222.0,12.36931687685298,15.0,0.9834576420881801,0.0,1,12.0,0,0.0,0,0.0,1,0.0,1,0.6
180,1,984.0,374.0,12.24744871391589,18.0,0.9217648016985405,11.0,0,0.0,1,0.0,0,0.0,1,2.0,0,0.4
78,1,400.0,149.0,10.0,14.0,0.9741308997498223,0.0,1,8.0,0,0.0,0,0.0,1,0.0,1,0.6
282,1,837.0,622.0,39.319206502675,44.0,0.9168643836766949,39.0,0,0.0,1,0.0,0,0.0,1,0.0,1,0.6
603,0,,,65.0,79.0,0.8643829560656794,64.0,0,0.0,0,0.0,0,0.0,1,2.0,0,0.2
567,0,,,17.175564037317667,31.0,0.8721304116953945,12.0,0,10.0,0,0.0,0,1.0,0,1.0,0,0.0
453,0,,,95104.00039430519,95117.0,0.1538068658405034,3.0,0,8.0,0,95104.0,0,1.0,0,1.0,0,0.0
580,0,,,31001.008806166294,31035.0,0.2248125148411272,21.0,0,10.0,0,31001.0,0,2.0,0,1.0,0,0.0
254,1,75.0,549.0,39.25557285278104,51.0,0.874967542128693,38.0,0,4.0,0,0.0,0,0.0,1,0.0,1,0.4
507,0,,,47108.001103846465,47120.0,0.09614035857288628,10.0,0,2.0,0,47108.0,0,0.0,1,0.0,1,0.4
334,1,1197.0,783.0,11.045361017187261,12.0,0.9097372589124068,0.0,1,11.0,0,0.0,0,0.0,1,0.0,1,0.6
156,1,909.0,309.0,11.874342087037917,17.0,0.941817512127833,11.0,0,0.0,1,0.0,0,0.0,1,2.0,0,0.4
671,0,,,44.82186966202994,57.0,0.8423025150617869,44.0,0,8.0,0,0.0,0,1.0,0,2.0,0,0.0
623,0,,,41001.00353649896,41019.0,0.019680508706130806,17.0,0,1.0,0,41001.0,0,0.0,1,0.0,1,0.4
764,0,,,15.066519173319364,25.0,0.9225300659855442,11.0,0,10.0,0,0.0,0,1.0,0,2.0,0,0.0
207,1,1003.0,433.0,33.19638534539566,38.0,0.607384109830399,33.0,0,0.0,0,0.0,0,0.0,1,0.0,1,0.4
454,0,,,12.884098726725126,20.0,0.8406473587442896,2.0,0,9.0,0,0.0,0,0.0,1,0.0,1,0.4
436,0,,,19.339079605813716,34.0,0.9760556098920883,16.0,0,7.0,0,0.0,0,2.0,0,1.0,0,0.0
21,1,770.0,36.0,13.601470508735444,21.0,0.8439829056801176,9.0,0,0.0,1,0.0,0,0.0,1,2.0,0,0.4
120,1,840.0,231.0,11.224972160321824,18.0,0.9148648842599654,9.0,0,6.0,0,0.0,0,0.0,1,0.0,1,0.4
659,0,,,28.478061731796284,43.0,0.8662274967371452,26.0,0,3.0,0,0.0,0,1.0,0,2.0,0,0.0
155,1,807.0,308.0,40993.00004878882,40995.0,0.2290969610607836,2.0,0,0.0,1,40993.0,0,0.0,1,0.0,1,0.6
447,0,,,14.142135623730951,24.0,0.9821609596385951,10.0,0,8.0,0,0.0,0,0.0,1,0.0,1,0.4
431,0,,,17.26267650163207,32.0,0.9212212295852709,12.0,0,7.0,0,0.0,0,2.0,0,1.0,0,0.0
141,1,23.0,273.0,66.01514977639603,68.0,0.021417646843906013,66.0,0,0.0,0,0.0,0,0.0,1,0.0,1,0.4
540,0,,,97003.00437615321,97040.0,0.12915252755851991,28.0,0,8.0,0,97003.0,0,1.0,0,0.0,1,0.2
674,0,,,61999.00240326452,62025.0,0.27175154817299263,10.0,0,14.0,0,61999.0,0,1.0,0,1.0,0,0.0
653,0,,,53.018864567246254,55.0,0.9257845289301689,53.0,0,1.0,0,0.0,0,0.0,1,0.0,1,0.4
226,1,387.0,473.0,62008.001161140484,62020.0,0.0687293618408964,0.0,1,12.0,0,62008.0,0,0.0,1,0.0,1,0.6
444,0,,,10494.014627395942,10519.0,0.18720657082704695,16.0,0,7.0,0,10494.0,0,1.0,0,1.0,0,0.0
558,0,,,9.433981132056603,15.0,0.9563371156877338,4.0,0,8.0,0,0.0,0,0.0,1,0.0,1,0.4
632,0,,,47585.002027949944,47604.0,0.2873491941722981,12.0,0,7.0,0,47585.0,0,0.0,1,0.0,1,0.4
687,0,,,39.25557285278104,47.0,0.9966065465342024,39.0,0,1.0,0,0.0,0,3.0,0,1.0,0,0.0
365,1,1226.0,895.0,13.564659966250536,20.0,0.9114528151987235,12.0,0,0.0,1,0.0,0,0.0,1,2.0,0,0.4
598,0,,,40999.000939047284,41014.0,0.04924280194209296,5.0,0,6.0,0,40999.0,0,4.0,0,0.0,1,0.2
200,1,1198.0,420.0,56208.000889553085,56218.0,0.051813116306281604,0.0,1,10.0,0,56208.0,0,0.0,1,0.0,1,0.6
247,1,777.0,523.0,9.1104335791443,11.0,0.984704508907562,1.0,0,1.0,0,0.0,0,0.0,1,0.0,1,0.4
244,1,624.0,515.0,47201.000010592994,47202.0,0.2124077243880571,1.0,0,0.0,1,47201.0,0,0.0,1,0.0,1,0.6
297,1,64.0,676.0,84210.00071844198,84221.0,0.2974600840278212,0.0,1,11.0,0,84210.0,0,0.0,1,0.0,1,0.6
353,1,605.0,832.0,15.652475842498529,23.0,0.7739270355041928,0.0,1,12.0,0,0.0,0,1.0,0,0.0,1,0.4
425,0,,,13.45362404707371,23.0,0.9869957809487261,8.0,0,6.0,0,0.0,0,0.0,1,0.0,1,0.4
452,0,,,16.401219466856727,27.0,0.9851491680385697,12.0,0,10.0,0,0.0,0,0.0,1,0.0,1,0.4
60,1,820.0,109.0,5.385164807134504,9.0,0.9954698376873025,0.0,1,3.0,0,0.0,0,0.0,1,2.0,0,0.4
286,1,243.0,634.0,49221.00049775502,49228.0,0.34250868745977514,0.0,1,7.0,0,49221.0,0,0.0,1,0.0,1,0.6
5,1,1177.0,11.0,49217.00004063637,49219.0,0.1180933068887372,0.0,1,2.0,0,49217.0,0,0.0,1,0.0,1,0.6
631,0,,,11.40175425099138,22.0,0.9843597560112373,6.0,0,7.0,0,0.0,0,3.0,0,0.0,1,0.2
333,1,701.0,780.0,57.0087712549569,58.0,0.9202500979393899,57.0,0,0.0,1,0.0,0,0.0,1,0.0,1,0.6
514,0,,,49227.000365652995,49233.0,0.16318806619794457,0.0,1,6.0,0,49227.0,0,0.0,1,0.0,1,0.6
79,1,156.0,152.0,13983.00432668173,13994.0,0.32764267361180255,0.0,1,11.0,0,13983.0,0,0.0,1,0.0,1,0.6
634,0,,,38.19685850956856,49.0,0.8973598769733937,37.0,0,3.0,0,0.0,0,0.0,1,0.0,1,0.4
253,1,879.0,541.0,9.433981132056603,13.0,0.9993136072786007,9.0,0,2.0,0,0.0,0,0.0,1,0.0,1,0.4
686,0,,,13.30413469565007,21.0,0.9595723414074808,5.0,0,12.0,0,0.0,0,0.0,1,2.0,0,0.2
299,1,1135.0,680.0,18.920887928424502,32.0,0.9844004047395248,14.0,0,9.0,0,0.0,0,0.0,1,0.0,1,0.4
517,0,,,20.248456731316587,34.0,0.9814541212832011,15.0,0,8.0,0,0.0,0,0.0,1,0.0,1,0.4
751,0,,,11.180339887498949,17.0,0.8816121392273082,4.0,0,10.0,0,0.0,0,0.0,1,0.0,1,0.4
308,1,379.0,702.0,10.04987562112089,15.0,0.9800331736594546,1.0,0,8.0,0,0.0,0,0.0,1,0.0,1,0.4
26,1,423.0,42.0,12.529964086141668,17.0,0.9788605316995279,0.0,1,11.0,0,0.0,0,0.0,1,0.0,1,0.6
448,0,,,56205.00303353786,56232.0,0.17021900489676556,16.0,0,9.0,0,56205.0,0,2.0,0,0.0,1,0.2
608,0,,,7.211102550927978,14.0,0.9941402173995446,4.0,0,3.0,0,0.0,0,1.0,0,1.0,0,0.0
87,1,299.0,169.0,22.22611077089287,26.0,0.9994187101186143,22.0,0,0.0,1,0.0,0,3.0,0,0.0,1,0.4
41,1,347.0,75.0,95109.00075702615,95121.0,0.041249558930163355,0.0,1,12.0,0,95109.0,0,0.0,1,0.0,1,0.6
679,0,,,21.18962010041709,39.0,0.9437253360976823,16.0,0,11.0,0,0.0,0,2.0,0,2.0,0,0.0
49,1,1137.0,89.0,10.816653826391969,17.0,0.9045010937796285,8.0,0,0.0,1,0.0,0,0.0,1,2.0,0,0.4
712,0,,,47596.000850911834,47605.0,0.03943950862035328,0.0,1,9.0,0,47596.0,0,0.0,1,0.0,1,0.6
360,1,1148.0,862.0,43.289721643826724,48.0,0.9649623936019299,43.0,0,0.0,1,0.0,0,0.0,1,0.0,1,0.6
681,0,,,46292.00069126415,46300.0,0.2274444529388625,0.0,1,8.0,0,46292.0,0,0.0,1,0.0,1,0.6
493,0,,,21.42428528562855,37.0,0.9667476081743649,13.0,0,13.0,0,0.0,0,0.0,1,0.0,1,0.4
470,0,,,13.490737563232042,22.0,0.9035489142866754,6.0,0,11.0,0,0.0,0,0.0,1,0.0,1,0.4
65,1,1092.0,119.0,40992.00004879001,40994.0,0.1917753746572024,2.0,0,0.0,1,40992.0,0,0.0,1,0.0,1,0.6
544,0,,,14.7648230602334,24.0,0.8311509768192893,4.0,0,11.0,0,0.0,0,0.0,1,0.0,1,0.4
596,0,,,14090.003726046349,14103.0,0.3165719546136221,2.0,0,10.0,0,14090.0,0,1.0,0,0.0,1,0.2
97,1,33.0,187.0,64184.00131652747,64197.0,0.25089496013108414,0.0,1,13.0,0,64184.0,0,0.0,1,0.0,1,0.6
581,0,,,47731.00164463344,47748.0,0.11817574741728443,6.0,0,11.0,0,47731.0,0,0.0,1,0.0,1,0.4
267,1,337.0,581.0,16280.001105651068,16286.0,0.20220357506373987,0.0,1,6.0,0,16280.0,0,0.0,1,0.0,1,0.6
190,1,811.0,398.0,25.079872407968907,33.0,0.9100615738190552,23.0,0,0.0,1,0.0,0,0.0,1,0.0,1,0.6
80,1,349.0,153.0,18107.00176727224,18115.0,0.33957541163136185,0.0,1,8.0,0,18107.0,0,0.0,1,0.0,1,0.6
133,1,244.0,254.0,55090.001778907215,55104.0,0.3540555620098287,0.0,1,14.0,0,55090.0,0,0.0,1,0.0,1,0.6
174,1,333.0,352.0,15.427248620541512,26.0,0.8452569403804026,9.0,0,11.0,0,0.0,0,0.0,1,0.0,1,0.4
209,1,750.0,436.0,27.367864366808018,33.0,0.8985404203184383,27.0,0,4.0,0,0.0,0,0.0,1,0.0,1,0.4
717,0,,,16.24807680927192,24.0,0.9040091909005226,14.0,0,0.0,1,0.0,0,0.0,1,2.0,0,0.4
402,0,,,17.029386365926403,28.0,0.9786375780073532,15.0,0,6.0,0,0.0,0,0.0,1,2.0,0,0.2
388,0,,,9.486832980505138,16.0,0.9934023328856443,6.0,0,2.0,0,0.0,0,0.0,1,1.0,0,0.2
570,0,,,40998.00485389502,41024.0,0.051717084601203056,19.0,0,6.0,0,40998.0,0,0.0,1,1.0,0,0.2
483,0,,,56.595052787324086,69.0,0.9539544812187253,56.0,0,4.0,0,0.0,0,1.0,0,1.0,0,0.0
579,0,,,10706.00672519871,10718.0,0.18389812481045043,0.0,1,12.0,0,10706.0,0,0.0,1,0.0,1,0.6
48,1,107.0,86.0,31003.000790246097,31010.0,0.08424047024478087,0.0,1,7.0,0,31003.0,0,0.0,1,0.0,1,0.6
673,0,,,33.19638534539566,46.0,0.9929690798006955,32.0,0,8.0,0,0.0,0,2.0,0,1.0,0,0.0
25,1,525.0,41.0,9.1104335791443,15.0,0.934900026500842,7.0,0,3.0,0,0.0,0,0.0,1,0.0,1,0.4
705,0,,,82195.0007360545,82206.0,0.10839605645060724,0.0,1,11.0,0,82195.0,0,0.0,1,0.0,1,0.6
379,1,1229.0,961.0,1127.4927937685457,1184.0,0.34219579648291787,58.0,0,0.0,1,1126.0,0,0.0,1,0.0,1,0.6
264,1,815.0,572.0,38.09199390948182,47.0,0.5907961912673911,37.0,0,0.0,0,0.0,0,0.0,1,0.0,1,0.4
281,1,1207.0,619.0,55094.000580825494,55102.0,0.1540101432930716,0.0,1,8.0,0,55094.0,0,0.0,1,0.0,1,0.6
332,1,1269.0,773.0,14.071247279470288,24.0,0.9880836682053966,9.0,0,9.0,0,0.0,0,0.0,1,0.0,1,0.4
316,1,1024.0,723.0,19.72308292331602,27.0,0.9361042992478076,18.0,0,8.0,0,0.0,0,0.0,1,0.0,1,0.4
759,0,,,17089.02068580877,17124.0,0.10929349024483226,25.0,0,9.0,0,17089.0,0,1.0,0,0.0,1,0.2
171,1,402.0,347.0,74191.00043131916,74199.0,0.2478292563204738,0.0,1,8.0,0,74191.0,0,0.0,1,0.0,1,0.6
652,0,,,85092.00370187554,85128.0,0.13743907527291788,22.0,0,12.0,0,85092.0,0,1.0,0,1.0,0,0.0
531,0,,,96998.00122167467,97021.0,0.31032003444276035,6.0,0,14.0,0,96998.0,0,2.0,0,1.0,0,0.0
758,0,,,85090.00040545304,85101.0,0.2770013998575592,0.0,1,8.0,0,85090.0,0,1.0,0,2.0,0,0.2
557,0,,,65.16901104052447,83.0,0.6654078958059911,64.0,0,0.0,0,0.0,0,1.0,0,2.0,0,0.0
187,1,1250.0,393.0,51089.00047955528,51096.0,0.3519365306329786,0.0,1,7.0,0,51089.0,0,0.0,1,0.0,1,0.6
498,0,,,46412.01911143276,46468.0,0.0,0.0,0,0.0,0,0.0,0,0.0,0,0.0,0,0.0
727,0,,,26.664583251946766,41.0,0.8459456733337029,24.0,0,3.0,0,0.0,0,1.0,0,2.0,0,0.0
518,0,,,19.570385790780925,35.0,0.8348355760981403,14.0,0,8.0,0,0.0,0,1.0,0,1.0,0,0.0
96,1,459.0,185.0,9.643650760992955,15.0,0.990842723387878,2.0,0,8.0,0,0.0,0,0.0,1,0.0,1,0.4
242,1,82.0,511.0,97004.00000515443,97005.0,0.04119548726434208,0.0,1,0.0,1,97004.0,0,0.0,1,1.0,0,0.6
426,0,,,49214.001615393965,49233.0,0.2408881677190301,11.0,0,6.0,0,49214.0,0,1.0,0,1.0,0,0.0
329,1,513.0,767.0,55.235857918565905,61.0,0.9054195143835597,55.0,0,1.0,0,0.0,0,0.0,1,0.0,1,0.4
463,0,,,26.981475126464083,40.0,0.42087152172897935,23.0,0,14.0,0,0.0,0,1.0,0,1.0,0,0.0
131,1,1179.0,251.0,26.1725046566048,37.0,0.5745981582621553,24.0,0,0.0,0,0.0,0,0.0,1,0.0,1,0.4
344,1,885.0,805.0,53.16013544000805,58.0,0.87742313969818,53.0,0,4.0,0,0.0,0,0.0,1,0.0,1,0.4
459,0,,,13.638181696985855,18.0,0.9987639216286931,13.0,0,4.0,0,0.0,0,0.0,1,0.0,1,0.4
178,1,385.0,370.0,12.12435565298214,17.0,0.9832221759160487,1.0,0,11.0,0,0.0,0,0.0,1,0.0,1,0.4
395,0,,,18101.012540739262,18133.0,0.16641829540478148,20.0,0,5.0,0,18101.0,0,5.0,0,2.0,0,0.0
706,0,,,33144.00015085687,33148.0,0.19399305273105993,1.0,0,3.0,0,33144.0,0,0.0,1,0.0,1,0.4
104,1,60.0,204.0,13.45362404707371,19.0,0.9165841589461343,0.0,1,10.0,0,0.0,0,0.0,1,0.0,1,0.6
739,0,,,16.09347693943108,27.0,0.8802012938214199,14.0,0,5.0,0,0.0,0,1.0,0,1.0,0,0.0
45,1,857.0,83.0,16.278820596099706,23.0,0.8484447066652347,12.0,0,0.0,1,0.0,0,0.0,1,0.0,1,0.6
400,0,,,15.264337522473747,25.0,0.9879987943801176,12.0,0,8.0,0,0.0,0,0.0,1,0.0,1,0.4
539,0,,,55097.00073506724,55106.0,0.08728784458848815,0.0,1,9.0,0,55097.0,0,0.0,1,0.0,1,0.6
714,0,,,49215.014172506344,49258.0,0.11228057888252829,37.0,0,5.0,0,49215.0,0,1.0,0,0.0,1,0.2
162,1,115.0,322.0,24.49489742783178,36.0,0.8744742933316693,22.0,0,4.0,0,0.0,0,0.0,1,0.0,1,0.4
182,1,774.0,377.0,14.45683229480096,25.0,0.8821388859383238,8.0,0,9.0,0,0.0,0,0.0,1,0.0,1,0.4
743,0,,,16.822603841260722,25.0,0.9960100249619561,15.0,0,7.0,0,0.0,0,0.0,1,0.0,1,0.4
468,0,,,15.264337522473747,25.0,0.8192871205915672,5.0,0,12.0,0,0.0,0,0.0,1,0.0,1,0.4
611,0,,,35.25620512760839,47.0,0.9586774537073395,34.0,0,9.0,0,0.0,0,1.0,0,2.0,0,0.0
731,0,,,1264.2507662643516,1294.0,0.14204203592276066,25.0,0,1.0,0,1264.0,0,2.0,0,2.0,0,0.0
12,1,1248.0,22.0,14.422205101855956,20.0,0.898881198496457,12.0,0,0.0,1,0.0,0,0.0,1,0.0,1,0.6
136,1,1309.0,263.0,15200.00266447345,15209.0,0.041077829285610656,0.0,1,9.0,0,15200.0,0,0.0,1,0.0,1,0.6
692,0,,,49214.015717069866,49259.0,0.12416734262623541,39.0,0,5.0,0,49214.0,0,1.0,0,0.0,1,0.2
495,0,,,49218.02209556983,49275.0,0.26227233257671434,46.0,0,7.0,0,49218.0,0,3.0,0,1.0,0,0.0
309,1,1182.0,704.0,52.21110992882645,64.0,0.8850451940702911,51.0,0,2.0,0,0.0,0,0.0,1,0.0,1,0.4
724,0,,,19.235384061671343,30.0,0.9742139363066517,17.0,0,8.0,0,0.0,0,0.0,1,1.0,0,0.2
279,1,976.0,615.0,19198.002604437785,19208.0,0.04107728646925746,0.0,1,10.0,0,19198.0,0,0.0,1,0.0,1,0.6
103,1,1070.0,201.0,10.44030650891055,13.0,0.9798810504667093,0.0,1,3.0,0,0.0,0,0.0,1,0.0,1,0.6
740,0,,,11.74734012447073,20.0,0.8684238674418352,5.0,0,7.0,0,0.0,0,0.0,1,0.0,1,0.4
418,0,,,49214.000822936556,49223.0,0.30460627978948174,0.0,1,9.0,0,49214.0,0,0.0,1,0.0,1,0.6
194,1,534.0,403.0,11.445523142259598,15.0,0.9836426037917927,1.0,0,11.0,0,0.0,0,0.0,1,0.0,1,0.4
112,1,522.0,218.0,45393.001101491405,45403.0,0.14468350893555915,10.0,0,0.0,1,45393.0,0,0.0,1,0.0,1,0.6
331,1,1206.0,770.0,4.123105625617661,7.0,0.9975946600488365,0.0,1,2.0,0,0.0,0,0.0,1,2.0,0,0.4
302,1,637.0,690.0,19.1049731745428,33.0,0.9768284447043506,12.0,0,10.0,0,0.0,0,0.0,1,0.0,1,0.4
387,0,,,47111.00004245293,47113.0,0.04810832072337323,0.0,1,2.0,0,47111.0,0,0.0,1,0.0,1,0.6
248,1,40.0,525.0,10.0,14.0,0.9790342721163061,0.0,1,8.0,0,0.0,0,0.0,1,0.0,1,0.6
741,0,,,84224.00070051292,84242.0,0.20021651756704117,7.0,0,8.0,0,84224.0,0,1.0,0,2.0,0,0.0
227,1,1252.0,475.0,49215.0004978157,49222.0,0.10664372911182274,0.0,1,7.0,0,49215.0,0,0.0,1,0.0,1,0.6
8,1,973.0,17.0,49221.000081266124,49225.0,0.01753252177243214,2.0,0,2.0,0,49221.0,0,0.0,1,0.0,1,0.4
35,1,49.0,65.0,23925.000752351087,23931.0,0.16221851683599042,0.0,1,6.0,0,23925.0,0,0.0,1,0.0,1,0.6
601,0,,,36.53765181289022,45.0,0.9051202264862608,36.0,0,1.0,0,0.0,0,1.0,0,1.0,0,0.0
690,0,,,12.409673645990857,20.0,0.9935244548333907,10.0,0,2.0,0,0.0,0,0.0,1,1.0,0,0.2
499,0,,,13.152946437965905,21.0,0.778708198878162,3.0,0,8.0,0,0.0,0,0.0,1,0.0,1,0.4
606,0,,,1109.8900846480249,1166.0,0.1819327493011501,43.0,0,11.0,0,1109.0,0,1.0,0,2.0,0,0.0
440,0,,,40.97560249709576,55.0,0.931181304650907,40.0,0,5.0,0,0.0,0,1.0,0,2.0,0,0.0
181,1,338.0,375.0,22189.00225336867,22199.0,0.04006643449509717,0.0,1,10.0,0,22189.0,0,0.0,1,0.0,1,0.6
462,0,,,13.076696830622021,21.0,0.8696886978384911,3.0,0,9.0,0,0.0,0,0.0,1,0.0,1,0.4
722,0,,,31.160872901765767,43.0,0.8762287592552925,29.0,0,3.0,0,0.0,0,0.0,1,0.0,1,0.4
321,1,1002.0,740.0,9.539392014169456,17.0,0.9060165459954621,5.0,0,4.0,0,0.0,0,1.0,0,0.0,1,0.2
668,0,,,20.199009876724155,36.0,0.831258027595669,15.0,0,9.0,0,0.0,0,1.0,0,1.0,0,0.0
429,0,,,41.48493702538308,49.0,0.9514201051324365,41.0,0,2.0,0,0.0,0,0.0,1,0.0,1,0.4
582,0,,,11.0,17.0,0.9640971310542996,6.0,0,0.0,1,0.0,0,0.0,1,2.0,0,0.4
624,0,,,97006.01590107699,97083.0,0.0,0.0,0,0.0,0,0.0,0,0.0,0,0.0,0,0.0
416,0,,,45.24378410345447,59.0,0.845384774556316,44.0,0,10.0,0,0.0,0,1.0,0,1.0,0,0.0
249,1,648.0,530.0,10.344080432788601,15.0,0.9726745833788477,1.0,0,9.0,0,0.0,0,0.0,1,0.0,1,0.4
489,0,,,45.40925015897091,52.0,0.9563487618529187,45.0,0,1.0,0,0.0,0,0.0,1,0.0,1,0.4
550,0,,,38.118237105091836,53.0,0.855259260349799,36.0,0,12.0,0,0.0,0,0.0,1,2.0,0,0.2
257,1,734.0,560.0,14.560219778561036,22.0,0.9005492829318177,12.0,0,0.0,1,0.0,0,0.0,1,2.0,0,0.4
407,0,,,14.966629547095765,24.0,0.8257860276233128,4.0,0,12.0,0,0.0,0,0.0,1,0.0,1,0.4
350,1,1288.0,825.0,84219.00037996177,84227.0,0.23238781174561152,0.0,1,8.0,0,84219.0,0,0.0,1,0.0,1,0.6
27,1,702.0,48.0,10626.000047054395,10627.0,0.05463696242977312,1.0,0,0.0,1,10626.0,0,0.0,1,0.0,1,0.6
492,0,,,35.805027579936315,48.0,0.8547745221516408,34.0,0,11.0,0,0.0,0,0.0,1,2.0,0,0.2
24,1,644.0,40.0,14.212670403551895,20.0,0.8126844930648766,0.0,1,9.0,0,0.0,0,0.0,1,0.0,1,0.6
40,1,1264.0,74.0,14.866068747318506,21.0,0.8583380371663086,11.0,0,0.0,1,0.0,0,0.0,1,0.0,1,0.6
186,1,445.0,391.0,8.602325267042627,12.0,0.9907410199448208,1.0,0,8.0,0,0.0,0,0.0,1,0.0,1,0.4
224,1,652.0,470.0,22.494443758403985,32.0,0.8696454526134898,21.0,0,7.0,0,0.0,0,0.0,1,0.0,1,0.4
441,0,,,24.758836806279895,37.0,0.8619803799427336,23.0,0,8.0,0,0.0,0,0.0,1,2.0,0,0.2
175,1,139.0,359.0,27.49545416973504,38.0,0.8832686445659427,26.0,0,0.0,0,0.0,0,0.0,1,0.0,1,0.4
415,0,,,28.478061731796284,37.0,0.918016218483882,27.0,0,0.0,1,0.0,0,1.0,0,0.0,1,0.4
430,0,,,16.34013463836819,25.0,0.9000459218818065,15.0,0,1.0,0,0.0,0,1.0,0,2.0,0,0.0
451,0,,,84120.00471944828,84156.0,0.17239484851421705,27.0,0,8.0,0,84120.0,0,0.0,1,1.0,0,0.2
11,1,10.0,21.0,45293.00070651093,45301.0,0.27454819911283945,0.0,1,8.0,0,45293.0,0,0.0,1,0.0,1,0.6
423,0,,,34.597687784012386,43.0,0.9289389324832553,34.0,0,1.0,0,0.0,0,0.0,1,2.0,0,0.2
417,0,,,47727.001508580026,47739.0,0.1862695710950253,0.0,1,12.0,0,47727.0,0,0.0,1,0.0,1,0.6
356,1,891.0,847.0,46.400431032480725,53.0,0.5966742545757667,46.0,0,0.0,0,0.0,0,0.0,1,0.0,1,0.4
82,1,650.0,155.0,41000.0007804878,41008.0,0.05055582940054548,0.0,1,8.0,0,41000.0,0,0.0,1,0.0,1,0.6
363,1,1122.0,886.0,17085.003541117574,17096.0,0.2669706605158225,0.0,1,11.0,0,17085.0,0,0.0,1,0.0,1,0.6
392,0,,,48.11444689487763,61.0,0.9508494312753971,47.0,0,5.0,0,0.0,0,0.0,1,0.0,1,0.4
708,0,,,15.427248620541512,20.0,0.9440764211172734,15.0,0,2.0,0,0.0,0,0.0,1,0.0,1,0.4
494,0,,,20.049937655763422,22.0,0.9803413637469803,20.0,0,0.0,1,0.0,0,1.0,0,0.0,1,0.4
501,0,,,47596.000850911834,47605.0,0.03943950862035328,0.0,1,9.0,0,47596.0,0,0.0,1,0.0,1,0.6
723,0,,,8.246211251235321,16.0,0.9920059672226508,4.0,0,5.0,0,0.0,0,1.0,0,1.0,0,0.0
738,0,,,10.954451150103322,20.0,0.9868377875337735,9.0,0,5.0,0,0.0,0,2.0,0,1.0,0,0.0
348,1,803.0,820.0,45199.00027655479,45204.0,0.08737087410994859,0.0,1,5.0,0,45199.0,0,0.0,1,0.0,1,0.6
701,0,,,18.49324200890693,26.0,0.9498802490890135,18.0,0,2.0,0,0.0,0,1.0,0,2.0,0,0.0
260,1,960.0,567.0,49216.000650195056,49224.0,0.14874802464911674,0.0,1,8.0,0,49216.0,0,0.0,1,0.0,1,0.6
766,0,,,12.806248474865697,18.0,0.897734040980984,4.0,0,12.0,0,0.0,0,0.0,1,0.0,1,0.4
251,1,1111.0,539.0,9.219544457292887,11.0,0.9893463381181026,2.0,0,0.0,1,0.0,0,0.0,1,0.0,1,0.6
229,1,906.0,481.0,32.89376840679705,42.0,0.9235641602268376,31.0,0,0.0,1,0.0,0,0.0,1,0.0,1,0.6
233,1,259.0,492.0,49211.00049785617,49218.0,0.17040083713169374,0.0,1,7.0,0,49211.0,0,0.0,1,0.0,1,0.6
578,0,,,47109.001581438766,47128.0,0.06162298315655812,9.0,0,8.0,0,47109.0,0,0.0,1,2.0,0,0.2
742,0,,,18.439088914585774,30.0,0.9735269297770616,16.0,0,8.0,0,0.0,0,0.0,1,2.0,0,0.2
548,0,,,97002.00154120532,97023.0,0.0715489221258393,17.0,0,3.0,0,97002.0,0,0.0,1,1.0,0,0.2
479,0,,,64187.00745478013,64230.0,0.0629073052095318,28.0,0,13.0,0,64187.0,0,2.0,0,0.0,1,0.2
98,1,884.0,192.0,14.866068747318506,19.0,0.9585587887324964,14.0,0,0.0,1,0.0,0,0.0,1,0.0,1,0.6
464,0,,,80094.00172921814,80117.0,0.18612883157361504,14.0,0,9.0,0,80094.0,0,0.0,1,0.0,1,0.4
16,1,1006.0,30.0,8.717797887081348,14.0,0.8970703996576891,2.0,0,6.0,0,0.0,0,0.0,1,0.0,1,0.4
288,1,1176.0,644.0,30998.000016130074,30999.0,0.07560487289437112,0.0,1,1.0,0,30998.0,0,0.0,1,0.0,1,0.6
28,1,221.0,49.0,4.123105625617661,7.0,0.9976096443233139,0.0,1,3.0,0,0.0,0,0.0,1,2.0,0,0.4
482,0,,,13.527749258468683,25.0,0.988719121000668,10.0,0,3.0,0,0.0,0,3.0,0,1.0,0,0.0
420,0,,,85206.00066896697,85222.0,0.14967523294141993,7.0,0,8.0,0,85206.0,0,0.0,1,1.0,0,0.2
597,0,,,47518.0018308851,47538.0,0.17606117572943247,5.0,0,12.0,0,47518.0,0,2.0,0,1.0,0,0.0
208,1,486.0,434.0,55096.00073508058,55105.0,0.10867150418350247,0.0,1,9.0,0,55096.0,0,0.0,1,0.0,1,0.6
14,1,627.0,28.0,40995.00019514575,40999.0,0.18254095119661096,0.0,1,4.0,0,40995.0,0,0.0,1,0.0,1,0.6
50,1,204.0,90.0,16.822603841260722,29.0,0.985487485068222,11.0,0,9.0,0,0.0,0,0.0,1,0.0,1,0.4
