pair_index,label,orig_id,anon_id,euclidean_distance,manhattan_distance,cosine_similarity,age_diff,age_equal,education_diff,education_equal,industry_diff,industry_equal,marital_status_diff,marital_status_equal,sex_diff,sex_equal,overall_similarity,attack_score
0,1,306.0,1.0,79902.0,79902.0,0.0221612427869383,0.0,1,0.0,1,79902.0,0,0.0,1,0.0,1,0.8,0.8816502292950948
1,1,129.0,3.0,17.46424919657298,27.0,0.8362783211323328,14.0,0,0.0,0,0.0,0,0.0,1,0.0,1,0.4,0.8003941377003988
2,1,524.0,4.0,47111.00001061324,47112.0,0.0355898646058523,0.0,1,0.0,1,47111.0,0,0.0,1,1.0,0,0.6,0.8246787190437317
3,1,96.0,6.0,55095.00044468645,55102.0,0.1952162148840478,0.0,1,7.0,0,55095.0,0,0.0,1,0.0,1,0.6,0.8547884424527487
4,1,726.0,10.0,47109.00010613683,47113.0,0.0685921075019626,1.0,0,3.0,0,47109.0,0,0.0,1,0.0,1,0.4,0.6926218867301941
5,1,1177.0,11.0,49217.00004063637,49219.0,0.1180933068887372,0.0,1,2.0,0,49217.0,0,0.0,1,0.0,1,0.6,0.9150296250979105
6,1,220.0,13.0,33138.001222161845,33147.0,0.0997525332479847,0.0,1,9.0,0,33138.0,0,0.0,1,0.0,1,0.6,0.9000143607457479
7,1,296.0,14.0,8.660254037844387,13.0,0.9052343458575142,1.0,0,7.0,0,0.0,0,0.0,1,0.0,1,0.4,0.9128789305686951
8,1,973.0,17.0,49221.00008126613,49225.0,0.0175325217724321,2.0,0,2.0,0,49221.0,0,0.0,1,0.0,1,0.4,0.836201032002767
9,1,551.0,18.0,6.4031242374328485,9.0,0.994102161439637,1.0,0,0.0,1,0.0,0,0.0,1,2.0,0,0.4,0.9113481640815735
10,1,526.0,19.0,47412.00151860286,47424.0,0.042040311228425,0.0,1,12.0,0,47412.0,0,0.0,1,0.0,1,0.6,0.793925404548645
11,1,10.0,21.0,45293.00070651093,45301.0,0.2745481991128394,0.0,1,8.0,0,45293.0,0,0.0,1,0.0,1,0.6,0.895389179388682
12,1,1248.0,22.0,14.422205101855956,20.0,0.898881198496457,12.0,0,0.0,1,0.0,0,0.0,1,0.0,1,0.6,0.9121087392171224
13,1,668.0,25.0,10.770329614269007,14.0,0.867922737485174,0.0,1,10.0,0,0.0,0,0.0,1,0.0,1,0.6,0.9162440697352091
14,1,627.0,28.0,40995.00019514575,40999.0,0.1825409511966109,0.0,1,4.0,0,40995.0,0,0.0,1,0.0,1,0.6,0.891672670841217
15,1,275.0,29.0,97003.00002061792,97005.0,0.0747431751988144,0.0,1,0.0,1,97003.0,0,0.0,1,2.0,0,0.6,0.912063737710317
16,1,1006.0,30.0,8.717797887081348,14.0,0.8970703996576891,2.0,0,6.0,0,0.0,0,0.0,1,0.0,1,0.4,0.8944728175799052
17,1,370.0,31.0,7.3484692283495345,10.0,0.9621743332839156,7.0,0,2.0,0,0.0,0,0.0,1,0.0,1,0.4,0.7619504531224569
18,1,566.0,32.0,10.04987562112089,15.0,0.9380345549475289,9.0,0,0.0,1,0.0,0,0.0,1,2.0,0,0.4,0.9006627996762594
19,1,575.0,33.0,43297.00018477031,43301.0,0.2347955021132688,0.0,1,4.0,0,43297.0,0,0.0,1,0.0,1,0.6,0.9089175860087076
20,1,140.0,35.0,9.643650760992957,15.0,0.941297475164401,8.0,0,2.0,0,0.0,0,0.0,1,0.0,1,0.4,0.8500168124834696
21,1,770.0,36.0,13.601470508735444,21.0,0.8439829056801176,9.0,0,0.0,1,0.0,0,0.0,1,2.0,0,0.4,0.9077649712562561
22,1,24.0,37.0,47594.00067235365,47602.0,0.077508435020875,0.0,1,8.0,0,47594.0,0,0.0,1,0.0,1,0.6,0.8256486256917318
23,1,355.0,39.0,23932.002089252797,23942.0,0.1296180312314572,0.0,1,10.0,0,23932.0,0,0.0,1,0.0,1,0.6,0.9105335076649984
24,1,644.0,40.0,14.212670403551895,20.0,0.8126844930648766,0.0,1,9.0,0,0.0,0,0.0,1,0.0,1,0.6,0.9146770636240641
25,1,525.0,41.0,9.1104335791443,15.0,0.934900026500842,7.0,0,3.0,0,0.0,0,0.0,1,0.0,1,0.4,0.8840125600496928
26,1,423.0,42.0,12.529964086141668,17.0,0.978860531699528,0.0,1,11.0,0,0.0,0,0.0,1,0.0,1,0.6,0.91561226050059
27,1,702.0,48.0,10626.000047054396,10627.0,0.0546369624297731,1.0,0,0.0,1,10626.0,0,0.0,1,0.0,1,0.6,0.9145243366559347
28,1,221.0,49.0,4.123105625617661,7.0,0.997609644323314,0.0,1,3.0,0,0.0,0,0.0,1,2.0,0,0.4,0.9106371601422628
29,1,158.0,51.0,84128.00071914226,84139.0,0.0491268437551413,0.0,1,11.0,0,84128.0,0,0.0,1,0.0,1,0.6,0.791077176729838
30,1,1114.0,54.0,14.866068747318506,21.0,0.8583380371663086,11.0,0,0.0,1,0.0,0,0.0,1,0.0,1,0.6,0.9149243036905924
31,1,504.0,55.0,10.816653826391969,15.0,0.9785017405118042,0.0,1,9.0,0,0.0,0,0.0,1,0.0,1,0.6,0.9164242744445801
32,1,262.0,58.0,11.31370849898476,16.0,0.8672333670072829,0.0,1,8.0,0,0.0,0,0.0,1,0.0,1,0.6,0.9143308202425638
33,1,502.0,60.0,13.038404810405298,18.0,0.9945568014545304,11.0,0,0.0,1,0.0,0,0.0,1,0.0,1,0.6,0.913612981637319
34,1,169.0,62.0,41001.00175605469,41013.0,0.0496436521804753,0.0,1,12.0,0,41001.0,0,0.0,1,0.0,1,0.6,0.9038065274556478
35,1,49.0,65.0,23925.000752351087,23931.0,0.1622185168359904,0.0,1,6.0,0,23925.0,0,0.0,1,0.0,1,0.6,0.9074222644170126
36,1,1112.0,67.0,11.180339887498947,15.0,0.943299960147786,10.0,0,0.0,1,0.0,0,0.0,1,0.0,1,0.6,0.9124471346537272
37,1,1119.0,68.0,15.264337522473747,21.0,0.9055901158603296,13.0,0,0.0,1,0.0,0,0.0,1,0.0,1,0.6,0.9098960558573405
38,1,467.0,70.0,85209.0007100189,85220.0,0.0557094265216483,0.0,1,11.0,0,85209.0,0,0.0,1,0.0,1,0.6,0.8640349308649699
39,1,934.0,72.0,10493.0047650804,10503.0,0.2347257714907883,0.0,1,10.0,0,10493.0,0,0.0,1,0.0,1,0.6,0.9070279399553934
40,1,1264.0,74.0,14.866068747318506,21.0,0.8583380371663086,11.0,0,0.0,1,0.0,0,0.0,1,0.0,1,0.6,0.9149243036905924
41,1,347.0,75.0,95109.00075702617,95121.0,0.0412495589301633,0.0,1,12.0,0,95109.0,0,0.0,1,0.0,1,0.6,0.8740586837132772
42,1,407.0,77.0,84111.00059445256,84121.0,0.3900814467107392,0.0,1,10.0,0,84111.0,0,0.0,1,0.0,1,0.6,0.8872517347335815
43,1,90.0,79.0,10.14889156509222,17.0,0.900723569542759,7.0,0,1.0,0,0.0,0,0.0,1,2.0,0,0.2,0.619395578900973
44,1,21.0,82.0,14.866068747318506,21.0,0.949102873131748,0.0,1,11.0,0,0.0,0,0.0,1,0.0,1,0.6,0.9146503408749899
45,1,857.0,83.0,16.278820596099706,23.0,0.8484447066652347,12.0,0,0.0,1,0.0,0,0.0,1,0.0,1,0.6,0.9022185007731119
46,1,937.0,84.0,18.708286933869708,28.0,0.8322397195638239,15.0,0,0.0,0,0.0,0,0.0,1,0.0,1,0.4,0.8711544076601664
47,1,542.0,85.0,8.94427190999916,12.0,0.9917826235273202,0.0,1,8.0,0,0.0,0,0.0,1,0.0,1,0.6,0.9165400862693787
48,1,107.0,86.0,31003.000790246097,31010.0,0.0842404702447808,0.0,1,7.0,0,31003.0,0,0.0,1,0.0,1,0.6,0.9060569604237875
49,1,1137.0,89.0,10.816653826391969,17.0,0.9045010937796284,8.0,0,0.0,1,0.0,0,0.0,1,2.0,0,0.4,0.9055700500806173
50,1,204.0,90.0,16.822603841260722,29.0,0.985487485068222,11.0,0,9.0,0,0.0,0,0.0,1,0.0,1,0.4,0.5905953347682953
51,1,150.0,92.0,47727.001508580026,47739.0,0.1862695710950253,0.0,1,12.0,0,47727.0,0,0.0,1,0.0,1,0.6,0.5320214629173279
52,1,1159.0,94.0,14.142135623730953,16.0,0.9762827219243168,14.0,0,0.0,1,0.0,0,0.0,1,0.0,1,0.6,0.8791396220525106
53,1,693.0,95.0,19.261360284258224,23.0,0.6257681363874317,19.0,0,0.0,0,0.0,0,0.0,1,0.0,1,0.4,0.39654841522375744
54,1,373.0,98.0,12.727922061357855,18.0,0.975788285350786,0.0,1,9.0,0,0.0,0,0.0,1,0.0,1,0.6,0.9151274363199869
55,1,127.0,99.0,11008.003679141828,11017.0,0.1199036854515909,0.0,1,9.0,0,11008.0,0,0.0,1,0.0,1,0.6,0.9064299662907919
56,1,88.0,101.0,12.16552506059644,14.0,0.9995203750888836,12.0,0,0.0,1,0.0,0,0.0,1,0.0,1,0.6,0.9072137276331583
57,1,25.0,103.0,4.58257569495584,7.0,0.9972614684112996,1.0,0,0.0,1,0.0,0,4.0,0,0.0,1,0.4,0.911926289399465
58,1,852.0,107.0,33144.00013577118,33147.0,0.1881728103873926,0.0,1,3.0,0,33144.0,0,0.0,1,0.0,1,0.6,0.8579938213030497
59,1,209.0,108.0,11.789826122551595,19.0,0.9869679625966268,3.0,0,9.0,0,0.0,0,0.0,1,0.0,1,0.4,0.6605372329552969
60,1,820.0,109.0,5.385164807134504,9.0,0.9954698376873024,0.0,1,3.0,0,0.0,0,0.0,1,2.0,0,0.4,0.9109982252120972
61,1,397.0,110.0,14.142135623730953,20.0,0.960277741722052,0.0,1,10.0,0,0.0,0,0.0,1,0.0,1,0.6,0.9160651167233785
62,1,747.0,113.0,14.247806848775006,21.0,0.8820693219105531,11.0,0,0.0,1,0.0,0,0.0,1,1.0,0,0.4,0.8365647196769714
63,1,729.0,116.0,22.15851980616034,33.0,0.5506887917539348,19.0,0,0.0,0,0.0,0,0.0,1,0.0,1,0.4,0.8273635705312093
64,1,507.0,118.0,8.06225774829855,9.0,0.979670309742552,0.0,1,0.0,1,0.0,0,0.0,1,1.0,0,0.6,0.9116218487421671
65,1,1092.0,119.0,40992.00004879001,40994.0,0.1917753746572024,2.0,0,0.0,1,40992.0,0,0.0,1,0.0,1,0.6,0.868751585483551
66,1,784.0,123.0,17021.00105751715,17027.0,0.0855234477820097,0.0,1,6.0,0,17021.0,0,0.0,1,0.0,1,0.6,0.9102897246678671
67,1,936.0,125.0,8.12403840463596,12.0,0.9184477803746,4.0,0,7.0,0,0.0,0,0.0,1,0.0,1,0.4,0.5203327685594559
68,1,234.0,127.0,25921.000945179567,25928.0,0.2273438185891141,0.0,1,7.0,0,25921.0,0,0.0,1,0.0,1,0.6,0.8199671904246012
69,1,959.0,129.0,7.681145747868608,11.0,0.9290341646006868,3.0,0,7.0,0,0.0,0,0.0,1,0.0,1,0.4,0.5061939656734467
70,1,451.0,130.0,13.038404810405298,14.0,0.9662815010198446,13.0,0,0.0,1,0.0,0,0.0,1,0.0,1,0.6,0.864333967367808
71,1,649.0,133.0,8.602325267042627,12.0,0.920483322345388,3.0,0,8.0,0,0.0,0,0.0,1,0.0,1,0.4,0.8081056873003641
72,1,249.0,134.0,15.684387141358124,24.0,0.8535946093990905,11.0,0,0.0,1,0.0,0,0.0,1,2.0,0,0.4,0.8464470307032267
73,1,464.0,136.0,22200.00225225214,22210.0,0.0534018409291043,0.0,1,10.0,0,22200.0,0,0.0,1,0.0,1,0.6,0.911943515141805
74,1,1005.0,139.0,18.466185312619388,27.0,0.9905486882904048,16.0,0,2.0,0,0.0,0,0.0,1,0.0,1,0.4,0.7591090003649393
75,1,516.0,140.0,9.38083151964686,16.0,0.9925379908929096,4.0,0,2.0,0,0.0,0,0.0,1,2.0,0,0.2,0.1899133399128914
76,1,12.0,141.0,1408.0127840328723,1414.0,0.0954810144589677,0.0,1,6.0,0,1408.0,0,0.0,1,0.0,1,0.6,0.9083049496014913
77,1,261.0,148.0,11.74734012447073,20.0,0.8577587808841726,7.0,0,8.0,0,0.0,0,0.0,1,0.0,1,0.4,0.7003886004288992
78,1,400.0,149.0,10.0,14.0,0.9741308997498224,0.0,1,8.0,0,0.0,0,0.0,1,0.0,1,0.6,0.9157087008158366
79,1,156.0,152.0,13983.00432668173,13994.0,0.3276426736118025,0.0,1,11.0,0,13983.0,0,0.0,1,0.0,1,0.6,0.9012954433759054
80,1,349.0,153.0,18107.00176727224,18115.0,0.3395754116313618,0.0,1,8.0,0,18107.0,0,0.0,1,0.0,1,0.6,0.8777151505152384
81,1,1281.0,154.0,10.488088481701515,14.0,0.9838829400713764,1.0,0,3.0,0,0.0,0,0.0,1,0.0,1,0.4,0.9143320520718893
82,1,650.0,155.0,41000.0007804878,41008.0,0.0505558294005454,0.0,1,8.0,0,41000.0,0,0.0,1,0.0,1,0.6,0.904104471206665
83,1,95.0,162.0,14099.005106744236,14111.0,0.0703948427022479,0.0,1,12.0,0,14099.0,0,0.0,1,0.0,1,0.6,0.9062910676002502
84,1,894.0,165.0,13.601470508735444,21.0,0.9875618613870454,9.0,0,2.0,0,0.0,0,0.0,1,0.0,1,0.4,0.7477490703264872
85,1,883.0,166.0,8.06225774829855,9.0,0.9914242195994102,0.0,1,0.0,1,0.0,0,0.0,1,1.0,0,0.6,0.9143176078796387
86,1,120.0,168.0,18109.002236456872,18118.0,0.069762874757379,0.0,1,9.0,0,18109.0,0,0.0,1,0.0,1,0.6,0.905687948067983
87,1,299.0,169.0,22.22611077089287,26.0,0.9994187101186144,22.0,0,0.0,1,0.0,0,3.0,0,0.0,1,0.4,0.6376986503601074
88,1,256.0,172.0,6.324555320336759,8.0,0.9920991259622218,0.0,1,0.0,1,0.0,0,0.0,1,2.0,0,0.6,0.9164411028226217
89,1,940.0,173.0,64908.00173322239,64923.0,0.0414914925056654,0.0,1,15.0,0,64908.0,0,0.0,1,0.0,1,0.6,0.884732703367869
90,1,799.0,175.0,11.874342087037917,17.0,0.8534816373129043,4.0,0,11.0,0,0.0,0,0.0,1,0.0,1,0.4,0.4983796974023183
91,1,745.0,176.0,10.392304845413264,14.0,0.9572688422609588,10.0,0,2.0,0,0.0,0,0.0,1,0.0,1,0.4,0.5047914286454519
92,1,101.0,178.0,25928.001928417085,25938.0,0.1003446566267248,0.0,1,10.0,0,25928.0,0,0.0,1,0.0,1,0.6,0.9090298811594645
93,1,4.0,180.0,48.02082881417188,60.0,0.0294372404704731,47.0,0,0.0,0,0.0,0,0.0,1,0.0,1,0.4,0.8736748298009237
94,1,640.0,181.0,47592.00067238191,47600.0,0.1328226616313473,0.0,1,8.0,0,47592.0,0,0.0,1,0.0,1,0.6,0.8942739367485046
95,1,736.0,182.0,15.0,21.0,0.8304617657355675,0.0,1,12.0,0,0.0,0,0.0,1,0.0,1,0.6,0.9136465787887573
96,1,459.0,185.0,9.643650760992957,15.0,0.990842723387878,2.0,0,8.0,0,0.0,0,0.0,1,0.0,1,0.4,0.8978984157244364
97,1,33.0,187.0,64184.00131652747,64197.0,0.2508949601310841,0.0,1,13.0,0,64184.0,0,0.0,1,0.0,1,0.6,0.8440148234367371
98,1,884.0,192.0,14.866068747318506,19.0,0.9585587887324964,14.0,0,0.0,1,0.0,0,0.0,1,0.0,1,0.6,0.8922763069470724
99,1,1013.0,193.0,49219.00082285296,49228.0,0.0416728975080282,0.0,1,9.0,0,49219.0,0,0.0,1,0.0,1,0.6,0.6507218182086945
100,1,841.0,196.0,12.36931687685298,21.0,0.8522535051023272,5.0,0,8.0,0,0.0,0,0.0,1,0.0,1,0.4,0.3597972591718038
101,1,348.0,198.0,43291.00001154975,43292.0,0.2871599638097303,0.0,1,1.0,0,43291.0,0,0.0,1,0.0,1,0.6,0.9086693723996481
102,1,201.0,199.0,10.04987562112089,11.0,0.9456456626964508,0.0,1,0.0,1,0.0,0,0.0,1,1.0,0,0.6,0.9090453783671061
103,1,1070.0,201.0,10.44030650891055,13.0,0.9798810504667091,0.0,1,3.0,0,0.0,0,0.0,1,0.0,1,0.6,0.9171648820241293
104,1,60.0,204.0,13.45362404707371,19.0,0.9165841589461344,0.0,1,10.0,0,0.0,0,0.0,1,0.0,1,0.6,0.9168950319290161
105,1,1.0,206.0,40997.001756226025,41009.0,0.0725481307031516,0.0,1,12.0,0,40997.0,0,0.0,1,0.0,1,0.6,0.9037120540936788
106,1,1057.0,209.0,11.224972160321824,14.0,0.8911624822176736,1.0,0,11.0,0,0.0,0,0.0,1,0.0,1,0.4,0.9111210107803345
107,1,108.0,211.0,43296.00019632299,43301.0,0.1937303708239486,1.0,0,4.0,0,43296.0,0,0.0,1,0.0,1,0.4,0.4624061385790507
108,1,105.0,213.0,46510.0002687594,46515.0,0.2274330727955936,0.0,1,5.0,0,46510.0,0,0.0,1,0.0,1,0.6,0.8280916015307108
109,1,639.0,215.0,13.92838827718412,24.0,0.8444362860071303,7.0,0,8.0,0,0.0,0,0.0,1,0.0,1,0.4,0.707564651966095
110,1,1034.0,216.0,12.806248474865695,18.0,0.9354503262441148,12.0,0,2.0,0,0.0,0,0.0,1,0.0,1,0.4,0.553568830092748
111,1,320.0,217.0,24.1039415863879,33.0,0.81469083618666,23.0,0,0.0,0,0.0,0,0.0,1,0.0,1,0.4,0.9091277917226156
112,1,522.0,218.0,45393.001101491405,45403.0,0.1446835089355591,10.0,0,0.0,1,45393.0,0,0.0,1,0.0,1,0.6,0.9095745086669922
113,1,1083.0,219.0,11.445523142259598,15.0,0.9834898177199746,0.0,1,3.0,0,0.0,0,0.0,1,1.0,0,0.4,0.872455378373464
114,1,1104.0,220.0,9.69535971483266,14.0,0.9883661902046812,2.0,0,3.0,0,0.0,0,0.0,1,0.0,1,0.4,0.9152652422587076
115,1,515.0,222.0,12.36931687685298,15.0,0.98345764208818,0.0,1,12.0,0,0.0,0,0.0,1,0.0,1,0.6,0.9162838061650594
116,1,206.0,224.0,12.041594578792296,17.0,0.981719852310566,0.0,1,9.0,0,0.0,0,0.0,1,0.0,1,0.6,0.9163779815038046
117,1,22.0,225.0,7.211102550927978,10.0,0.9710455391174508,0.0,1,6.0,0,0.0,0,0.0,1,0.0,1,0.6,0.9147247274716696
118,1,396.0,226.0,15.0,23.0,0.8462209098512543,2.0,0,10.0,0,0.0,0,0.0,1,0.0,1,0.4,0.8866114219029745
119,1,281.0,229.0,10700.002990653787,10708.0,0.2308088601416686,0.0,1,8.0,0,10700.0,0,0.0,1,0.0,1,0.6,0.8988306919733683
120,1,840.0,231.0,11.224972160321824,18.0,0.9148648842599654,9.0,0,6.0,0,0.0,0,0.0,1,0.0,1,0.4,0.6551427692174911
121,1,1064.0,232.0,18.027756377319943,25.0,0.8963321791834611,15.0,0,0.0,1,0.0,0,0.0,1,0.0,1,0.6,0.8499170343081156
122,1,1040.0,233.0,14093.001277229772,14099.0,0.1636532288473092,0.0,1,6.0,0,14093.0,0,0.0,1,0.0,1,0.6,0.8994772632916769
123,1,503.0,235.0,15.905973720586866,25.0,0.931223129828298,12.0,0,3.0,0,0.0,0,0.0,1,0.0,1,0.4,0.16852161288261414
124,1,786.0,238.0,1274.0141286500711,1280.0,0.2625933841154166,0.0,1,6.0,0,1274.0,0,0.0,1,0.0,1,0.6,0.9044909477233887
125,1,872.0,241.0,19.261360284258224,23.0,0.9211358327592138,19.0,0,3.0,0,0.0,0,0.0,1,0.0,1,0.4,0.5042088131109873
126,1,1038.0,242.0,22.02271554554524,23.0,0.9493355502068908,22.0,0,0.0,1,0.0,0,0.0,1,0.0,1,0.6,0.8963069319725037
127,1,755.0,243.0,13.45362404707371,19.0,0.9792809368574552,0.0,1,10.0,0,0.0,0,0.0,1,0.0,1,0.6,0.9164554675420126
128,1,255.0,245.0,79109.0012387971,79123.0,0.0325890999298977,0.0,1,14.0,0,79109.0,0,0.0,1,0.0,1,0.6,0.6909584403038025
129,1,309.0,246.0,5.385164807134504,7.0,0.9946833607353538,0.0,1,0.0,1,0.0,0,0.0,1,2.0,0,0.6,0.9163682063420614
130,1,472.0,248.0,45200.00039823008,45206.0,0.0251574856862,0.0,1,6.0,0,45200.0,0,0.0,1,0.0,1,0.6,0.8517758647600809
131,1,1179.0,251.0,26.1725046566048,37.0,0.5745981582621553,24.0,0,0.0,0,0.0,0,0.0,1,0.0,1,0.4,0.8952727317810059
132,1,353.0,252.0,47108.00085972658,47117.0,0.0816101917540196,0.0,1,9.0,0,47108.0,0,0.0,1,0.0,1,0.6,0.7300715545813242
133,1,244.0,254.0,55090.001778907215,55104.0,0.3540555620098287,0.0,1,14.0,0,55090.0,0,0.0,1,0.0,1,0.6,0.8935234149297079
134,1,1272.0,255.0,45194.001593131805,45206.0,0.3046525408683884,0.0,1,12.0,0,45194.0,0,0.0,1,0.0,1,0.6,0.8913081089655558
135,1,1303.0,260.0,40996.00015855205,41001.0,0.1132265389611379,2.0,0,3.0,0,40996.0,0,0.0,1,0.0,1,0.4,0.7830909887949625
136,1,1309.0,263.0,15200.00266447345,15209.0,0.0410778292856106,0.0,1,9.0,0,15200.0,0,0.0,1,0.0,1,0.6,0.8857620557149252
137,1,11.0,264.0,60.08327554319921,64.0,0.0235310402667505,60.0,0,0.0,0,0.0,0,0.0,1,0.0,1,0.4,0.867944578329722
138,1,73.0,268.0,24.61706725018234,34.0,0.8906635587695553,22.0,0,1.0,0,0.0,0,0.0,1,0.0,1,0.4,0.8942373991012573
139,1,721.0,270.0,49212.00082297,49221.0,0.1903785519131006,0.0,1,9.0,0,49212.0,0,0.0,1,0.0,1,0.6,0.8062066237131754
140,1,435.0,271.0,27399.00182488406,27409.0,0.3347121979562787,0.0,1,10.0,0,27399.0,0,0.0,1,0.0,1,0.6,0.89373250802358
141,1,23.0,273.0,66.01514977639603,68.0,0.021417646843906,66.0,0,0.0,0,0.0,0,0.0,1,0.0,1,0.4,0.8333310683568319
142,1,1094.0,274.0,85221.00047523498,85230.0,0.2157019376246656,0.0,1,9.0,0,85221.0,0,0.0,1,0.0,1,0.6,0.8797224760055542
143,1,279.0,278.0,84126.00048142072,84135.0,0.071814241116848,0.0,1,9.0,0,84126.0,0,0.0,1,0.0,1,0.6,0.8074403802553812
144,1,475.0,280.0,11.224972160321824,16.0,0.9046241364463884,5.0,0,10.0,0,0.0,0,0.0,1,0.0,1,0.4,0.5187836587429047
145,1,1305.0,282.0,18.62793601019716,27.0,0.9934974958117138,17.0,0,3.0,0,0.0,0,0.0,1,0.0,1,0.4,0.8152313033739725
146,1,1192.0,285.0,47706.00104808618,47716.0,0.1022594292682619,0.0,1,10.0,0,47706.0,0,0.0,1,0.0,1,0.6,0.8425092299779257
147,1,809.0,288.0,82193.00049274269,82202.0,0.1222031586195093,0.0,1,9.0,0,82193.0,0,0.0,1,0.0,1,0.6,0.8878345489501953
148,1,647.0,291.0,12.409673645990855,20.0,0.8847019164931829,8.0,0,9.0,0,0.0,0,0.0,1,0.0,1,0.4,0.7897462646166483
149,1,65.0,293.0,14.071247279470288,24.0,0.9882985302560384,9.0,0,6.0,0,0.0,0,0.0,1,0.0,1,0.4,0.20035736759503683
150,1,109.0,297.0,18.894443627691185,27.0,0.989245935163948,17.0,0,2.0,0,0.0,0,0.0,1,0.0,1,0.4,0.8492828408877054
151,1,831.0,299.0,40992.0,40992.0,0.2479347417950033,0.0,1,0.0,1,40992.0,0,0.0,1,0.0,1,0.8,0.9042219519615173
152,1,523.0,303.0,84118.00071922776,84129.0,0.0502808650990435,0.0,1,11.0,0,84118.0,0,0.0,1,0.0,1,0.6,0.7751650412877401
153,1,476.0,305.0,13.74772708486752,19.0,0.9362527417016812,13.0,0,0.0,1,0.0,0,0.0,1,2.0,0,0.4,0.8361798723538717
154,1,134.0,306.0,24.06241883103193,31.0,0.9277498988436388,23.0,0,0.0,0,0.0,0,0.0,1,0.0,1,0.4,0.8887169361114502
155,1,807.0,308.0,40993.00004878882,40995.0,0.2290969610607836,2.0,0,0.0,1,40993.0,0,0.0,1,0.0,1,0.6,0.884184201558431
156,1,909.0,309.0,11.874342087037917,17.0,0.941817512127833,11.0,0,0.0,1,0.0,0,0.0,1,2.0,0,0.4,0.7873183687527975
157,1,304.0,312.0,99994.0000200012,99996.0,0.0729390288496842,2.0,0,0.0,1,99994.0,0,0.0,1,0.0,1,0.6,0.9134332736333212
158,1,181.0,314.0,10706.003782924794,10715.0,0.2506980015734146,0.0,1,9.0,0,10706.0,0,0.0,1,0.0,1,0.6,0.897652248541514
159,1,994.0,317.0,25.15949125081825,35.0,0.8900420976100686,23.0,0,2.0,0,0.0,0,0.0,1,0.0,1,0.4,0.8859175443649292
160,1,1143.0,319.0,14.212670403551895,20.0,0.9700919675833294,0.0,1,9.0,0,0.0,0,0.0,1,0.0,1,0.6,0.9155379931131998
161,1,133.0,320.0,82191.00087600831,82203.0,0.1923030329584327,0.0,1,12.0,0,82191.0,0,0.0,1,0.0,1,0.6,0.847276488939921
162,1,115.0,322.0,24.49489742783178,36.0,0.8744742933316693,22.0,0,4.0,0,0.0,0,0.0,1,0.0,1,0.4,0.7895494302113851
163,1,123.0,325.0,1411.0287027555464,1420.0,0.1137536579086092,0.0,1,9.0,0,1411.0,0,0.0,1,0.0,1,0.6,0.908658484617869
164,1,452.0,328.0,64906.00093211721,64917.0,0.0871621662862529,0.0,1,11.0,0,64906.0,0,0.0,1,0.0,1,0.6,0.8310082753499349
165,1,498.0,332.0,13.038404810405298,18.0,0.9011710361853856,1.0,0,12.0,0,0.0,0,0.0,1,0.0,1,0.4,0.8965569138526917
166,1,758.0,337.0,85484.00084226287,85496.0,0.1305098239080486,0.0,1,12.0,0,85484.0,0,0.0,1,0.0,1,0.6,0.8970277110735575
167,1,728.0,339.0,12.328828005937952,20.0,0.8982104610839204,4.0,0,10.0,0,0.0,0,0.0,1,0.0,1,0.4,0.45823222398757935
168,1,1019.0,342.0,47729.00205325898,47743.0,0.1596422062595325,0.0,1,14.0,0,47729.0,0,0.0,1,0.0,1,0.6,0.8851550022761027
169,1,154.0,343.0,25.942243542145693,37.0,0.9935840119012092,24.0,0,9.0,0,0.0,0,0.0,1,0.0,1,0.4,0.44319796562194824
170,1,1061.0,344.0,14.317821063276352,19.0,0.999241555019889,14.0,0,1.0,0,0.0,0,0.0,1,2.0,0,0.2,0.5350998838742574
171,1,402.0,347.0,74191.00043131916,74199.0,0.2478292563204738,0.0,1,8.0,0,74191.0,0,0.0,1,0.0,1,0.6,0.8940729101498922
172,1,92.0,349.0,25.317977802344327,35.0,0.9210937145710671,24.0,0,0.0,0,0.0,0,0.0,1,0.0,1,0.4,0.9001315832138062
173,1,236.0,350.0,13.601470508735444,19.0,0.970745806557,0.0,1,11.0,0,0.0,0,0.0,1,0.0,1,0.6,0.9162027835845947
174,1,333.0,352.0,15.427248620541512,26.0,0.8452569403804026,9.0,0,11.0,0,0.0,0,0.0,1,0.0,1,0.4,0.833723227183024
175,1,139.0,359.0,27.49545416973504,38.0,0.8832686445659427,26.0,0,0.0,0,0.0,0,0.0,1,0.0,1,0.4,0.9018089771270752
176,1,428.0,360.0,47103.0010615035,47113.0,0.1655264811508443,0.0,1,10.0,0,47103.0,0,0.0,1,0.0,1,0.6,0.7716005047162374
177,1,688.0,366.0,11.31370849898476,16.0,0.9794605846782132,0.0,1,8.0,0,0.0,0,0.0,1,0.0,1,0.6,0.9149932265281677
178,1,385.0,370.0,12.12435565298214,17.0,0.9832221759160488,1.0,0,11.0,0,0.0,0,0.0,1,0.0,1,0.4,0.9088402589162191
179,1,1079.0,372.0,13.038404810405298,18.0,0.9639678695706084,0.0,1,7.0,0,0.0,0,0.0,1,0.0,1,0.6,0.9091114203135172
180,1,984.0,374.0,12.24744871391589,18.0,0.9217648016985404,11.0,0,0.0,1,0.0,0,0.0,1,2.0,0,0.4,0.909024178981781
181,1,338.0,375.0,22189.00225336867,22199.0,0.0400664344950971,0.0,1,10.0,0,22189.0,0,0.0,1,0.0,1,0.6,0.8834009567896525
182,1,774.0,377.0,14.45683229480096,25.0,0.8821388859383238,8.0,0,9.0,0,0.0,0,0.0,1,0.0,1,0.4,0.7085165878136953
183,1,1171.0,378.0,18.05547008526779,30.0,0.8542715942107683,13.0,0,6.0,0,0.0,0,0.0,1,0.0,1,0.4,0.6553279360135397
184,1,1142.0,385.0,43200.000289351854,43205.0,0.4223489517131895,0.0,1,5.0,0,43200.0,0,0.0,1,0.0,1,0.6,0.9095311959584554
185,1,875.0,387.0,45092.000898163744,45101.0,0.2172097011358802,0.0,1,9.0,0,45092.0,0,0.0,1,0.0,1,0.6,0.8366666436195374
186,1,445.0,391.0,8.602325267042627,12.0,0.9907410199448208,1.0,0,8.0,0,0.0,0,0.0,1,0.0,1,0.4,0.9105239907900492
187,1,1250.0,393.0,51089.00047955528,51096.0,0.3519365306329786,0.0,1,7.0,0,51089.0,0,0.0,1,0.0,1,0.6,0.8981066942214966
188,1,843.0,395.0,64182.00112180984,64194.0,0.2240148353737041,0.0,1,12.0,0,64182.0,0,0.0,1,0.0,1,0.6,0.7591270208358765
189,1,609.0,397.0,29.478805945967352,39.0,0.8958376362700206,28.0,0,2.0,0,0.0,0,0.0,1,0.0,1,0.4,0.586735874414444
190,1,811.0,398.0,25.079872407968907,33.0,0.9100615738190552,23.0,0,0.0,1,0.0,0,0.0,1,0.0,1,0.6,0.9171966711680094
191,1,584.0,399.0,9.69535971483266,14.0,0.9987079259045284,9.0,0,2.0,0,0.0,0,0.0,1,0.0,1,0.4,0.8918028672536215
192,1,1239.0,400.0,10.63014581273465,15.0,0.9887066502472992,3.0,0,0.0,1,0.0,0,0.0,1,2.0,0,0.4,0.8738953868548075
193,1,832.0,401.0,20219.001582669705,20227.0,0.0747911179145882,0.0,1,8.0,0,20219.0,0,0.0,1,0.0,1,0.6,0.9065953691800436
194,1,534.0,403.0,11.445523142259598,15.0,0.9836426037917928,1.0,0,11.0,0,0.0,0,0.0,1,0.0,1,0.4,0.9117635091145834
195,1,1156.0,407.0,51098.00220165168,51113.0,0.0518854959902549,0.0,1,15.0,0,51098.0,0,0.0,1,0.0,1,0.6,0.8736648956934611
196,1,430.0,410.0,10.488088481701515,14.0,0.9896973879583668,3.0,0,10.0,0,0.0,0,0.0,1,0.0,1,0.4,0.8636647462844849
197,1,878.0,412.0,85487.00114637312,85501.0,0.1816868474259433,0.0,1,14.0,0,85487.0,0,0.0,1,0.0,1,0.6,0.8818901578585306
198,1,1089.0,415.0,47588.00105068504,47598.0,0.1543200842245933,0.0,1,10.0,0,47588.0,0,0.0,1,0.0,1,0.6,0.8968355258305868
199,1,622.0,419.0,96997.0,96997.0,0.1645667647699482,0.0,1,0.0,1,96997.0,0,0.0,1,0.0,1,0.8,0.9139353434244791
200,1,1198.0,420.0,56208.000889553085,56218.0,0.0518131163062816,0.0,1,10.0,0,56208.0,0,0.0,1,0.0,1,0.6,0.8817602197329203
201,1,1067.0,422.0,28.513154858766505,35.0,0.910894785492696,28.0,0,2.0,0,0.0,0,0.0,1,0.0,1,0.4,0.8386044104894003
202,1,1055.0,424.0,30.95157508108432,40.0,0.8183774785616806,30.0,0,0.0,0,0.0,0,0.0,1,0.0,1,0.4,0.8975229064623514
203,1,1304.0,425.0,46493.00001075431,46494.0,0.048798416036961,0.0,1,1.0,0,46493.0,0,0.0,1,0.0,1,0.6,0.8610623280207316
204,1,251.0,427.0,53199.00033835223,53205.0,0.0485847934346928,0.0,1,6.0,0,53199.0,0,0.0,1,0.0,1,0.6,0.8741026719411215
205,1,1072.0,429.0,53189.00076143563,53198.0,0.4144169926161696,0.0,1,9.0,0,53189.0,0,0.0,1,0.0,1,0.6,0.8849072456359863
206,1,810.0,431.0,18.49324200890693,26.0,0.9014943491584048,17.0,0,7.0,0,0.0,0,0.0,1,0.0,1,0.4,0.7798971732457479
207,1,1003.0,433.0,33.19638534539566,38.0,0.607384109830399,33.0,0,0.0,0,0.0,0,0.0,1,0.0,1,0.4,0.8962916930516561
208,1,486.0,434.0,55096.00073508058,55105.0,0.1086715041835024,0.0,1,9.0,0,55096.0,0,0.0,1,0.0,1,0.6,0.8432352741559347
209,1,750.0,436.0,27.367864366808018,33.0,0.8985404203184383,27.0,0,4.0,0,0.0,0,0.0,1,0.0,1,0.4,0.8789183497428894
210,1,460.0,437.0,11.180339887498947,19.0,0.9906430542828408,6.0,0,5.0,0,0.0,0,0.0,1,0.0,1,0.4,0.5746993944048882
211,1,357.0,438.0,11.532562594670797,17.0,0.985701869480957,2.0,0,2.0,0,0.0,0,0.0,1,2.0,0,0.2,0.5910650566220284
212,1,34.0,439.0,11.74734012447073,20.0,0.9937706724515428,9.0,0,2.0,0,0.0,0,0.0,1,2.0,0,0.2,0.5673757269978523
213,1,146.0,441.0,96998.00008763067,97003.0,0.2110941446644747,1.0,0,4.0,0,96998.0,0,0.0,1,0.0,1,0.4,0.8569642106691996
214,1,245.0,444.0,40995.000439077936,41001.0,0.1485157126009877,0.0,1,6.0,0,40995.0,0,0.0,1,0.0,1,0.6,0.9082363247871399
215,1,117.0,450.0,32.0624390837628,34.0,0.9362103460401134,32.0,0,0.0,1,0.0,0,0.0,1,0.0,1,0.6,0.9128629763921102
216,1,144.0,451.0,21.587033144922906,26.0,0.989165317675524,21.0,0,0.0,1,0.0,0,0.0,1,0.0,1,0.6,0.9115047454833984
217,1,681.0,454.0,16.278820596099706,23.0,0.8639514093872734,0.0,1,12.0,0,0.0,0,0.0,1,0.0,1,0.6,0.914003849029541
218,1,713.0,458.0,46411.0010773308,46421.0,0.0257650442812713,0.0,1,10.0,0,46411.0,0,0.0,1,0.0,1,0.6,0.7854435642560323
219,1,1136.0,461.0,20.223748416156685,31.0,0.8777041593355978,18.0,0,7.0,0,0.0,0,0.0,1,0.0,1,0.4,0.8074602882067362
220,1,1169.0,462.0,31.76476034853718,43.0,0.8950053553527221,30.0,0,3.0,0,0.0,0,0.0,1,0.0,1,0.4,0.6658110419909159
221,1,147.0,463.0,85488.0005848774,85498.0,0.1203937654118458,0.0,1,10.0,0,85488.0,0,0.0,1,0.0,1,0.6,0.9004003008206686
222,1,1191.0,466.0,34.19064199455752,45.0,0.5907198314129599,33.0,0,0.0,0,0.0,0,0.0,1,0.0,1,0.4,0.8892253637313843
223,1,842.0,469.0,20.4939015319192,34.0,0.8527842749187581,16.0,0,10.0,0,0.0,0,0.0,1,0.0,1,0.4,0.8855268160502116
224,1,652.0,470.0,22.494443758403985,32.0,0.8696454526134898,21.0,0,7.0,0,0.0,0,0.0,1,0.0,1,0.4,0.8168307741483053
225,1,1091.0,471.0,13.74772708486752,19.0,0.9832636415313504,4.0,0,13.0,0,0.0,0,0.0,1,0.0,1,0.4,0.5820277854800224
226,1,387.0,473.0,62008.00116114048,62020.0,0.0687293618408964,0.0,1,12.0,0,62008.0,0,0.0,1,0.0,1,0.6,0.8774014711380005
227,1,1252.0,475.0,49215.0004978157,49222.0,0.1066437291118227,0.0,1,7.0,0,49215.0,0,0.0,1,0.0,1,0.6,0.8938162326812744
228,1,280.0,478.0,55094.00058082549,55102.0,0.2555738392292754,0.0,1,8.0,0,55094.0,0,0.0,1,0.0,1,0.6,0.8890172044436137
229,1,906.0,481.0,32.89376840679705,42.0,0.9235641602268376,31.0,0,0.0,1,0.0,0,0.0,1,0.0,1,0.6,0.9098411202430725
230,1,771.0,485.0,20.09975124224178,30.0,0.8486704544185113,16.0,0,12.0,0,0.0,0,0.0,1,0.0,1,0.4,0.8916404048601786
231,1,97.0,487.0,52281.00077466,52290.0,0.182927933394047,0.0,1,9.0,0,52281.0,0,0.0,1,0.0,1,0.6,0.7447232206662496
232,1,917.0,489.0,21.908902300206645,32.0,0.8755415525633906,20.0,0,8.0,0,0.0,0,0.0,1,0.0,1,0.4,0.892805834611257
233,1,259.0,492.0,49211.00049785617,49218.0,0.1704008371316937,0.0,1,7.0,0,49211.0,0,0.0,1,0.0,1,0.6,0.8924094438552856
234,1,388.0,499.0,37.53664875824692,45.0,0.9016590787204964,37.0,0,2.0,0,0.0,0,0.0,1,0.0,1,0.4,0.7192610104878744
235,1,797.0,502.0,7.211102550927978,10.0,0.9846442994434484,0.0,1,6.0,0,0.0,0,0.0,1,0.0,1,0.6,0.9156541228294373
236,1,382.0,503.0,3.741657386773941,6.0,0.9980750155903144,1.0,0,3.0,0,0.0,0,0.0,1,0.0,1,0.4,0.915305495262146
237,1,1310.0,505.0,24.43358344574123,37.0,0.8542414256280982,22.0,0,7.0,0,0.0,0,0.0,1,0.0,1,0.4,0.8282647530237833
238,1,469.0,506.0,49213.00013207892,49218.0,0.159334002791353,2.0,0,3.0,0,49213.0,0,0.0,1,0.0,1,0.4,0.9069580237070719
239,1,300.0,507.0,3.4641016151377544,6.0,0.998053227101278,0.0,1,2.0,0,0.0,0,0.0,1,2.0,0,0.4,0.9097791711489359
240,1,790.0,508.0,47112.0,47112.0,0.0199234092108661,0.0,1,0.0,1,47112.0,0,0.0,1,0.0,1,0.8,0.876748283704122
241,1,897.0,509.0,3.741657386773941,6.0,0.9980356840138498,1.0,0,0.0,1,0.0,0,0.0,1,2.0,0,0.4,0.9096623063087463
242,1,82.0,511.0,97004.00000515443,97005.0,0.041195487264342,0.0,1,0.0,1,97004.0,0,0.0,1,1.0,0,0.6,0.9032967289288839
243,1,536.0,512.0,69197.00026012688,69203.0,0.0868790838339667,0.0,1,6.0,0,69197.0,0,0.0,1,0.0,1,0.6,0.8999514977137247
244,1,624.0,515.0,47201.000010592994,47202.0,0.2124077243880571,1.0,0,0.0,1,47201.0,0,0.0,1,0.0,1,0.6,0.9101928273836771
245,1,600.0,516.0,46296.00010800069,46300.0,0.1593865326726566,1.0,0,3.0,0,46296.0,0,0.0,1,0.0,1,0.4,0.813260813554128
246,1,405.0,520.0,18114.001352544943,18121.0,0.2645098290950067,0.0,1,7.0,0,18114.0,0,0.0,1,0.0,1,0.6,0.8773279190063477
247,1,777.0,523.0,9.1104335791443,11.0,0.984704508907562,1.0,0,1.0,0,0.0,0,0.0,1,0.0,1,0.4,0.9136954744656881
248,1,40.0,525.0,10.0,14.0,0.979034272116306,0.0,1,8.0,0,0.0,0,0.0,1,0.0,1,0.6,0.9162659247716268
249,1,648.0,530.0,10.3440804327886,15.0,0.9726745833788476,1.0,0,9.0,0,0.0,0,0.0,1,0.0,1,0.4,0.905633807182312
250,1,792.0,533.0,5.0990195135927845,8.0,0.998209239316309,4.0,0,3.0,0,0.0,0,0.0,1,0.0,1,0.4,0.8062079946200053
251,1,1111.0,539.0,9.219544457292889,11.0,0.9893463381181026,2.0,0,0.0,1,0.0,0,0.0,1,0.0,1,0.6,0.9170013864835104
252,1,1233.0,540.0,36.61966684720111,45.0,0.8923094479329501,36.0,0,3.0,0,0.0,0,0.0,1,0.0,1,0.4,0.6696667124827703
253,1,879.0,541.0,9.433981132056603,13.0,0.9993136072786007,9.0,0,2.0,0,0.0,0,0.0,1,0.0,1,0.4,0.8766912221908569
254,1,75.0,549.0,39.25557285278104,51.0,0.874967542128693,38.0,0,4.0,0,0.0,0,0.0,1,0.0,1,0.4,0.6355947653452555
255,1,660.0,551.0,49224.000497724686,49231.0,0.1528616084334423,0.0,1,7.0,0,49224.0,0,0.0,1,0.0,1,0.6,0.8787182172139486
256,1,481.0,556.0,17011.001440244487,17018.0,0.0478653892635881,0.0,1,7.0,0,17011.0,0,0.0,1,0.0,1,0.6,0.8922528425852457
257,1,734.0,560.0,14.560219778561036,22.0,0.9005492829318177,12.0,0,0.0,1,0.0,0,0.0,1,2.0,0,0.4,0.6959151923656464
258,1,375.0,563.0,40.36087214122113,47.0,0.9016636198253684,40.0,0,2.0,0,0.0,0,0.0,1,0.0,1,0.4,0.848939855893453
259,1,1297.0,566.0,8.06225774829855,9.0,0.9801751950019888,0.0,1,8.0,0,0.0,0,0.0,1,0.0,1,0.6,0.9160592953364054
260,1,960.0,567.0,49216.000650195056,49224.0,0.1487480246491167,0.0,1,8.0,0,49216.0,0,0.0,1,0.0,1,0.6,0.8900812665621439
261,1,190.0,569.0,25.317977802344327,41.0,0.8254516685246067,21.0,0,10.0,0,0.0,0,0.0,1,0.0,1,0.4,0.5734728276729584
262,1,709.0,570.0,41.88078318274385,52.0,0.8850591378890275,41.0,0,3.0,0,0.0,0,0.0,1,0.0,1,0.4,0.8203217585881551
263,1,491.0,571.0,31.95309061734092,41.0,0.9162243202819614,30.0,0,0.0,1,0.0,0,0.0,1,0.0,1,0.6,0.9136250615119934
264,1,815.0,572.0,38.09199390948182,47.0,0.5907961912673911,37.0,0,0.0,0,0.0,0,0.0,1,0.0,1,0.4,0.8859993815422058
265,1,845.0,576.0,47590.00018911536,47596.0,0.0251073894554795,3.0,0,3.0,0,47590.0,0,0.0,1,0.0,1,0.4,0.8438867131868998
266,1,77.0,580.0,2.449489742783178,4.0,0.9992526488418012,0.0,1,1.0,0,0.0,0,0.0,1,2.0,0,0.4,0.9106119871139526
267,1,337.0,581.0,16280.001105651068,16286.0,0.2022035750637398,0.0,1,6.0,0,16280.0,0,0.0,1,0.0,1,0.6,0.8345027367273966
268,1,99.0,583.0,11.445523142259598,17.0,0.8511423763852748,0.0,1,9.0,0,0.0,0,1.0,0,0.0,1,0.4,0.9090492924054464
269,1,293.0,587.0,12.12435565298214,19.0,0.8184348848007547,1.0,0,9.0,0,0.0,0,1.0,0,0.0,1,0.2,0.791182299455007
270,1,694.0,594.0,16208.000493583408,16212.0,0.1150429517989319,0.0,1,4.0,0,16208.0,0,0.0,1,0.0,1,0.6,0.9067355791727701
271,1,36.0,599.0,10.246950765959598,13.0,0.8974900138910858,0.0,1,10.0,0,0.0,0,1.0,0,0.0,1,0.4,0.9135642647743225
272,1,332.0,602.0,6.324555320336759,8.0,0.9943515534262918,2.0,0,0.0,1,0.0,0,0.0,1,0.0,1,0.6,0.9169754783312479
273,1,848.0,603.0,7.0,7.0,0.993511154410837,0.0,1,0.0,1,0.0,0,0.0,1,0.0,1,0.8,0.9173495968182882
274,1,661.0,604.0,46486.00026889816,46491.0,0.1071789041505206,5.0,0,0.0,1,46486.0,0,0.0,1,0.0,1,0.6,0.8988186518351237
275,1,1302.0,605.0,43208.00074060359,43216.0,0.0633757605515772,0.0,1,8.0,0,43208.0,0,0.0,1,0.0,1,0.6,0.9081965088844299
276,1,250.0,610.0,49216.00082290312,49225.0,0.1199519582494836,0.0,1,9.0,0,49216.0,0,0.0,1,0.0,1,0.6,0.8165203134218851
277,1,315.0,612.0,33.13608305156178,36.0,0.940437191179062,33.0,0,0.0,1,0.0,0,0.0,1,0.0,1,0.6,0.9065662225087484
278,1,752.0,613.0,16.55294535724685,28.0,0.9863171065928114,12.0,0,7.0,0,0.0,0,0.0,1,0.0,1,0.4,0.11070787409941356
279,1,976.0,615.0,19198.002604437785,19208.0,0.0410772864692574,0.0,1,10.0,0,19198.0,0,0.0,1,0.0,1,0.6,0.9073353807131449
280,1,342.0,617.0,13.45362404707371,19.0,0.8142035863285658,0.0,1,12.0,0,0.0,0,1.0,0,0.0,1,0.4,0.8849387566248575
281,1,1207.0,619.0,55094.00058082549,55102.0,0.1540101432930716,0.0,1,8.0,0,55094.0,0,0.0,1,0.0,1,0.6,0.8969976305961609
282,1,837.0,622.0,39.319206502675,44.0,0.9168643836766948,39.0,0,0.0,1,0.0,0,0.0,1,0.0,1,0.6,0.9157997965812683
283,1,953.0,625.0,9.9498743710662,15.0,0.8791699501722051,1.0,0,9.0,0,0.0,0,1.0,0,0.0,1,0.2,0.7939039270083109
284,1,298.0,628.0,40996.001219631165,41006.0,0.1500175151175082,0.0,1,10.0,0,40996.0,0,0.0,1,0.0,1,0.6,0.9092833797136942
285,1,1045.0,631.0,40999.00059757555,41006.0,0.0370267445900541,0.0,1,7.0,0,40999.0,0,0.0,1,0.0,1,0.6,0.6125162144502004
286,1,243.0,634.0,49221.00049775502,49228.0,0.3425086874597751,0.0,1,7.0,0,49221.0,0,0.0,1,0.0,1,0.6,0.8812050223350525
287,1,1044.0,637.0,49212.00101601234,49222.0,0.2429035276591719,0.0,1,10.0,0,49212.0,0,0.0,1,0.0,1,0.6,0.8711968660354614
288,1,1176.0,644.0,30998.000016130078,30999.0,0.0756048728943711,0.0,1,1.0,0,30998.0,0,0.0,1,0.0,1,0.6,0.9105151891708374
289,1,926.0,650.0,15.033296378372908,22.0,0.940007311444796,1.0,0,12.0,0,0.0,0,0.0,1,0.0,1,0.4,0.8599280516306559
290,1,824.0,651.0,16.431676725154983,28.0,0.9767304790832334,7.0,0,10.0,0,0.0,0,0.0,1,0.0,1,0.4,0.8338577548662821
291,1,1313.0,654.0,47111.0024304302,47128.0,0.0358224638090485,15.0,0,2.0,0,47111.0,0,0.0,1,0.0,1,0.4,0.5921271840731303
292,1,1154.0,659.0,24.43358344574123,33.0,0.8725762926928252,23.0,0,8.0,0,0.0,0,0.0,1,0.0,1,0.4,0.8761124412218729
293,1,38.0,660.0,49.02040391510457,51.0,0.9111164611312216,49.0,0,1.0,0,0.0,0,0.0,1,0.0,1,0.4,0.8311792612075806
294,1,580.0,661.0,97005.00041750426,97014.0,0.0201095708846613,0.0,1,9.0,0,97005.0,0,0.0,1,0.0,1,0.6,0.4474284549554189
295,1,828.0,666.0,49.37610758251404,56.0,0.9067531499980928,49.0,0,1.0,0,0.0,0,0.0,1,0.0,1,0.4,0.8121790091196696
296,1,839.0,673.0,10.392304845413264,14.0,0.9883720554842116,2.0,0,10.0,0,0.0,0,0.0,1,0.0,1,0.4,0.9113887747128805
297,1,64.0,676.0,84210.00071844198,84221.0,0.2974600840278212,0.0,1,11.0,0,84210.0,0,0.0,1,0.0,1,0.6,0.8876060247421265
298,1,1284.0,678.0,49222.002376985845,49240.0,0.1555835926109674,15.0,0,3.0,0,49222.0,0,0.0,1,0.0,1,0.4,0.6146456648906072
299,1,1135.0,680.0,18.920887928424506,32.0,0.9844004047395248,14.0,0,9.0,0,0.0,0,0.0,1,0.0,1,0.4,0.6392069508632024
300,1,1155.0,686.0,6.4031242374328485,9.0,0.9958904884829112,2.0,0,6.0,0,0.0,0,0.0,1,0.0,1,0.4,0.8876603444417318
301,1,1314.0,689.0,12.24744871391589,18.0,0.9217648016985404,11.0,0,0.0,1,0.0,0,0.0,1,2.0,0,0.4,0.909024178981781
302,1,637.0,690.0,19.1049731745428,33.0,0.9768284447043506,12.0,0,10.0,0,0.0,0,0.0,1,0.0,1,0.4,0.5908527225255966
303,1,79.0,694.0,45195.00054209536,45202.0,0.2054354621683672,0.0,1,7.0,0,45195.0,0,0.0,1,0.0,1,0.6,0.8352258205413818
304,1,1139.0,696.0,13.564659966250536,20.0,0.9233516074820736,12.0,0,0.0,1,0.0,0,0.0,1,2.0,0,0.4,0.8328163822491964
305,1,623.0,698.0,23928.001023905028,23935.0,0.052364405077744,0.0,1,7.0,0,23928.0,0,0.0,1,0.0,1,0.6,0.9060503840446472
306,1,1125.0,700.0,18.62793601019716,27.0,0.9118188875481844,15.0,0,11.0,0,0.0,0,0.0,1,0.0,1,0.4,0.881277064482371
307,1,1270.0,701.0,11.180339887498947,13.0,0.9579752252044184,0.0,1,0.0,1,0.0,0,0.0,1,2.0,0,0.6,0.9146308898925781
308,1,379.0,702.0,10.04987562112089,15.0,0.9800331736594546,1.0,0,8.0,0,0.0,0,0.0,1,0.0,1,0.4,0.9046076536178589
309,1,1182.0,704.0,52.21110992882645,64.0,0.8850451940702911,51.0,0,2.0,0,0.0,0,0.0,1,0.0,1,0.4,0.7589293519655863
310,1,183.0,705.0,37.64306044943742,47.0,0.939738201774748,36.0,0,0.0,1,0.0,0,0.0,1,0.0,1,0.6,0.8799225290616354
311,1,1077.0,706.0,47706.00037731103,47712.0,0.1632079592546091,0.0,1,6.0,0,47706.0,0,0.0,1,0.0,1,0.6,0.8789229591687521
312,1,1150.0,711.0,9.899494936611664,14.0,0.8899304461936266,0.0,1,9.0,0,0.0,0,1.0,0,0.0,1,0.4,0.911794900894165
313,1,861.0,713.0,16.24807680927192,24.0,0.9040091909005226,14.0,0,0.0,1,0.0,0,0.0,1,2.0,0,0.4,0.32305747270584106
314,1,556.0,721.0,4.123105625617661,7.0,0.9967970486799786,0.0,1,2.0,0,0.0,0,0.0,1,2.0,0,0.4,0.9100566109021505
315,1,812.0,722.0,20.248456731316587,34.0,0.922171206308336,15.0,0,8.0,0,0.0,0,0.0,1,0.0,1,0.4,0.7335869471232096
316,1,1024.0,723.0,19.72308292331602,27.0,0.9361042992478076,18.0,0,8.0,0,0.0,0,0.0,1,0.0,1,0.4,0.8468396464983622
317,1,711.0,725.0,47820.00013592639,47825.0,0.0382333052922587,3.0,0,2.0,0,47820.0,0,0.0,1,0.0,1,0.4,0.8219450314839681
318,1,761.0,729.0,52.38320341483518,60.0,0.8938900734328876,52.0,0,2.0,0,0.0,0,0.0,1,0.0,1,0.4,0.7292447487513224
319,1,808.0,735.0,52203.00061299159,52211.0,0.3040934303746236,0.0,1,8.0,0,52203.0,0,0.0,1,0.0,1,0.6,0.8844104607899984
320,1,165.0,736.0,11.445523142259598,15.0,0.8919728001026929,0.0,1,3.0,0,0.0,0,0.0,1,1.0,0,0.4,0.8679684996604919
321,1,1002.0,740.0,9.539392014169456,17.0,0.906016545995462,5.0,0,4.0,0,0.0,0,1.0,0,0.0,1,0.2,0.6110663463672003
322,1,1031.0,741.0,16.30950643030009,28.0,0.9775477564839288,8.0,0,9.0,0,0.0,0,0.0,1,0.0,1,0.4,0.8131599823633829
323,1,1088.0,746.0,62012.00158033927,62026.0,0.2741979320857263,0.0,1,14.0,0,62012.0,0,0.0,1,0.0,1,0.6,0.8762783408164978
324,1,718.0,754.0,85207.00071003556,85218.0,0.0869918687171646,0.0,1,11.0,0,85207.0,0,0.0,1,0.0,1,0.6,0.8631309270858765
325,1,1016.0,756.0,53.04714883949938,56.0,0.908577583660132,53.0,0,1.0,0,0.0,0,0.0,1,0.0,1,0.4,0.8071334560712179
326,1,968.0,760.0,47815.0003764509,47821.0,0.1005697572133275,0.0,1,6.0,0,47815.0,0,0.0,1,0.0,1,0.6,0.8942822217941284
327,1,265.0,762.0,47628.00047241119,47637.0,0.1317876374973111,6.0,0,3.0,0,47628.0,0,0.0,1,0.0,1,0.4,0.8604967594146729
328,1,1033.0,764.0,41.24318125460256,47.0,0.6011063583510148,41.0,0,0.0,0,0.0,0,0.0,1,0.0,1,0.4,0.9023945530255636
329,1,513.0,767.0,55.23585791856591,61.0,0.9054195143835596,55.0,0,1.0,0,0.0,0,0.0,1,0.0,1,0.4,0.8289390405019125
330,1,674.0,769.0,92000.00013586956,92005.0,0.0190623368315713,0.0,1,5.0,0,92000.0,0,0.0,1,0.0,1,0.6,0.8447557290395101
331,1,1206.0,770.0,4.123105625617661,7.0,0.9975946600488363,0.0,1,2.0,0,0.0,0,0.0,1,2.0,0,0.4,0.9097791711489359
332,1,1269.0,773.0,14.071247279470288,24.0,0.9880836682053966,9.0,0,9.0,0,0.0,0,0.0,1,0.0,1,0.4,0.5772622476021448
333,1,701.0,780.0,57.0087712549569,58.0,0.92025009793939,57.0,0,0.0,1,0.0,0,0.0,1,0.0,1,0.6,0.9127044876416525
334,1,1197.0,783.0,11.04536101718726,12.0,0.9097372589124068,0.0,1,11.0,0,0.0,0,0.0,1,0.0,1,0.6,0.9169254700342814
335,1,915.0,786.0,8.94427190999916,12.0,0.9895499028185102,0.0,1,8.0,0,0.0,0,0.0,1,0.0,1,0.6,0.9165721933046976
336,1,856.0,792.0,81291.00030138638,81298.0,0.2595156933636716,0.0,1,7.0,0,81291.0,0,0.0,1,0.0,1,0.6,0.9010308583577474
337,1,152.0,793.0,36.6742416417845,43.0,0.9498311040728272,36.0,0,0.0,1,0.0,0,0.0,1,0.0,1,0.6,0.8810743689537048
338,1,964.0,794.0,42.20189569201838,47.0,0.8309856102237733,42.0,0,0.0,0,0.0,0,0.0,1,0.0,1,0.4,0.907828132311503
339,1,653.0,796.0,39.56008088970496,49.0,0.9330449231726896,38.0,0,0.0,1,0.0,0,0.0,1,0.0,1,0.6,0.9095514416694641
340,1,904.0,799.0,12.24744871391589,18.0,0.9472946822567112,1.0,0,10.0,0,0.0,0,0.0,1,0.0,1,0.4,0.8912182847658793
341,1,867.0,800.0,22.15851980616034,29.0,0.99679727179524,21.0,0,7.0,0,0.0,0,0.0,1,0.0,1,0.4,0.6189227998256683
342,1,191.0,802.0,9.486832980505138,12.0,0.9587572982879636,0.0,1,9.0,0,0.0,0,0.0,1,0.0,1,0.6,0.9144878586133321
343,1,862.0,803.0,47810.00018824514,47816.0,0.0198491434799629,3.0,0,3.0,0,47810.0,0,0.0,1,0.0,1,0.4,0.8652357061704
344,1,885.0,805.0,53.16013544000805,58.0,0.87742313969818,53.0,0,4.0,0,0.0,0,0.0,1,0.0,1,0.4,0.6871431966622671
345,1,720.0,812.0,21.840329667841555,35.0,0.9776200660713302,16.0,0,14.0,0,0.0,0,0.0,1,0.0,1,0.4,0.3538609097401301
346,1,1200.0,815.0,13.490737563232042,20.0,0.7957158646654571,0.0,1,10.0,0,0.0,0,1.0,0,0.0,1,0.4,0.862209141254425
347,1,1107.0,819.0,23.89560629069704,37.0,0.9112135624029568,21.0,0,9.0,0,0.0,0,0.0,1,0.0,1,0.4,0.8576043844223022
348,1,803.0,820.0,45199.00027655479,45204.0,0.0873708741099485,0.0,1,5.0,0,45199.0,0,0.0,1,0.0,1,0.6,0.9094153046607971
349,1,310.0,822.0,58.137767414994535,62.0,0.9183297479425596,58.0,0,0.0,1,0.0,0,0.0,1,0.0,1,0.6,0.9125327865282694
350,1,1288.0,825.0,84219.00037996177,84227.0,0.2323878117456115,0.0,1,8.0,0,84219.0,0,0.0,1,0.0,1,0.6,0.9023942550023397
351,1,345.0,830.0,19.33907960581372,28.0,0.946027607000556,17.0,0,9.0,0,0.0,0,0.0,1,0.0,1,0.4,0.8407274881998698
352,1,1196.0,831.0,16.431676725154983,26.0,0.9702673587582836,7.0,0,14.0,0,0.0,0,0.0,1,0.0,1,0.4,0.5853101511796316
353,1,605.0,832.0,15.652475842498529,23.0,0.7739270355041928,0.0,1,12.0,0,0.0,0,1.0,0,0.0,1,0.4,0.7700798710187277
354,1,765.0,833.0,18108.002236580374,18117.0,0.182879320648051,0.0,1,9.0,0,18108.0,0,0.0,1,0.0,1,0.6,0.8683917919794718
355,1,689.0,835.0,41.43669871020132,47.0,0.9405214564388132,41.0,0,0.0,1,0.0,0,0.0,1,0.0,1,0.6,0.9071110685666403
356,1,891.0,847.0,46.400431032480725,53.0,0.5966742545757667,46.0,0,0.0,0,0.0,0,0.0,1,0.0,1,0.4,0.8830872774124146
357,1,1097.0,853.0,47.07440918375928,56.0,0.9415442292482866,46.0,0,0.0,1,0.0,0,0.0,1,0.0,1,0.6,0.9033297697703043
358,1,316.0,854.0,96089.00025497196,96096.0,0.0504898862702504,0.0,1,7.0,0,96089.0,0,0.0,1,0.0,1,0.6,0.898715873559316
359,1,367.0,861.0,15.264337522473747,19.0,0.9458379949149748,15.0,0,0.0,1,0.0,0,0.0,1,2.0,0,0.4,0.5552495668331782
360,1,1148.0,862.0,43.28972164382672,48.0,0.96496239360193,43.0,0,0.0,1,0.0,0,0.0,1,0.0,1,0.6,0.8963574369748434
361,1,112.0,865.0,49211.00025400825,49216.0,0.1826377602990497,0.0,1,5.0,0,49211.0,0,0.0,1,0.0,1,0.6,0.9051408370335897
362,1,446.0,866.0,49219.00082285296,49228.0,0.0608396220645691,0.0,1,9.0,0,49219.0,0,0.0,1,0.0,1,0.6,0.7365818818410238
363,1,1122.0,886.0,17085.003541117574,17096.0,0.2669706605158225,0.0,1,11.0,0,17085.0,0,0.0,1,0.0,1,0.6,0.8795128663380941
364,1,555.0,892.0,12.767145334803704,19.0,0.8261831873106013,0.0,1,9.0,0,0.0,0,1.0,0,0.0,1,0.4,0.8900783856709799
365,1,1226.0,895.0,13.564659966250536,20.0,0.9114528151987236,12.0,0,0.0,1,0.0,0,0.0,1,2.0,0,0.4,0.8690604964892069
366,1,429.0,912.0,43.04648650006177,45.0,0.9459420278651064,43.0,0,0.0,1,0.0,0,0.0,1,0.0,1,0.6,0.9078640739123026
367,1,985.0,914.0,12.083045973594572,14.0,0.9644411852285864,1.0,0,12.0,0,0.0,0,0.0,1,0.0,1,0.4,0.905357837677002
368,1,1280.0,916.0,57.14017850864661,61.0,0.9325066645645268,57.0,0,0.0,1,0.0,0,0.0,1,0.0,1,0.6,0.9105337460835775
369,1,764.0,926.0,5.744562646538029,9.0,0.9962275234856816,2.0,0,0.0,1,0.0,0,0.0,1,2.0,0,0.4,0.9060722986857096
370,1,662.0,936.0,27.51363298439521,43.0,0.8966024835181957,24.0,0,9.0,0,0.0,0,0.0,1,0.0,1,0.4,0.7413290043671926
371,1,1022.0,937.0,8.831760866327848,16.0,0.9205895564018196,6.0,0,4.0,0,0.0,0,1.0,0,0.0,1,0.2,0.6523723304271698
372,1,1244.0,943.0,46.04345773288535,48.0,0.9574419841536568,46.0,0,0.0,1,0.0,0,0.0,1,0.0,1,0.6,0.8978181878725687
373,1,544.0,949.0,60.40695324215582,67.0,0.9405125731722684,60.0,0,0.0,1,0.0,0,0.0,1,0.0,1,0.6,0.8974432547887167
374,1,782.0,950.0,11.575836902790224,18.0,0.9938791110712136,9.0,0,0.0,1,0.0,0,0.0,1,2.0,0,0.4,0.8862503369649252
375,1,1060.0,953.0,10.099504938362076,18.0,0.8972304112027796,6.0,0,4.0,0,0.0,0,1.0,0,0.0,1,0.2,0.6530329684416453
376,1,1146.0,954.0,12.767145334803704,19.0,0.9018002950475684,9.0,0,0.0,1,0.0,0,1.0,0,0.0,1,0.4,0.897825300693512
377,1,1220.0,957.0,10706.003782924794,10715.0,0.1762771767947678,0.0,1,9.0,0,10706.0,0,0.0,1,0.0,1,0.6,0.8843523859977722
378,1,942.0,959.0,10705.0046707136,10715.0,0.2175571685212669,0.0,1,10.0,0,10705.0,0,0.0,1,0.0,1,0.6,0.8860060969988505
379,1,1229.0,961.0,1127.4927937685457,1184.0,0.3421957964829178,58.0,0,0.0,1,1126.0,0,0.0,1,0.0,1,0.6,0.9049848914146423
380,1,1240.0,962.0,10.246950765959598,17.0,0.9975330980575564,9.0,0,2.0,0,0.0,0,0.0,1,2.0,0,0.2,0.4734885369737943
381,1,929.0,966.0,48.218253804964775,61.0,0.5865733229046541,47.0,0,0.0,0,0.0,0,0.0,1,0.0,1,0.4,0.880354622999827
382,1,301.0,984.0,47703.00041926084,47711.0,0.2218792889810337,6.0,0,2.0,0,47703.0,0,0.0,1,0.0,1,0.4,0.7272907694180807
383,1,1078.0,991.0,1269.0015760431506,1271.0,0.0834233375007265,0.0,1,0.0,1,1269.0,0,0.0,1,2.0,0,0.6,0.9136809309323629
384,1,44.0,997.0,14.89966442575134,22.0,0.8291913243519499,1.0,0,10.0,0,0.0,0,0.0,1,0.0,1,0.4,0.8755537072817484
385,0,,,12.12435565298214,17.0,0.9401168164899588,11.0,0,0.0,1,0.0,0,0.0,1,1.0,0,0.4,0.40450845162073773
386,0,,,13.638181696985855,22.0,0.9939149117589312,11.0,0,7.0,0,0.0,0,0.0,1,0.0,1,0.4,0.11383926123380661
387,0,,,47111.00004245293,47113.0,0.0481083207233732,0.0,1,2.0,0,47111.0,0,0.0,1,0.0,1,0.6,0.7197000980377197
388,0,,,9.486832980505138,16.0,0.9934023328856444,6.0,0,2.0,0,0.0,0,0.0,1,1.0,0,0.2,0.08746470759312312
389,0,,,21.18962010041709,31.0,0.5488437921637825,18.0,0,0.0,0,0.0,0,0.0,1,0.0,1,0.4,0.5513345003128052
390,0,,,29.120439557122072,34.0,0.9120319355630212,29.0,0,2.0,0,0.0,0,1.0,0,1.0,0,0.0,0.07039804880817731
391,0,,,18.601075237738275,32.0,0.9744956852069616,12.0,0,9.0,0,0.0,0,0.0,1,0.0,1,0.4,0.4156748503446579
392,0,,,48.11444689487763,61.0,0.9508494312753972,47.0,0,5.0,0,0.0,0,0.0,1,0.0,1,0.4,0.07874857385953267
393,0,,,17.74823934929885,29.0,0.97974845515256,13.0,0,5.0,0,0.0,0,0.0,1,0.0,1,0.4,0.09341133385896683
394,0,,,17.291616465790582,21.0,0.9748921895764344,17.0,0,1.0,0,0.0,0,0.0,1,0.0,1,0.4,0.08617112909754117
395,0,,,18101.012540739262,18133.0,0.1664182954047814,20.0,0,5.0,0,18101.0,0,5.0,0,2.0,0,0.0,0.06986512367924054
396,0,,,14095.017949616098,14125.0,0.1232856506330194,21.0,0,8.0,0,14095.0,0,0.0,1,1.0,0,0.2,0.07001416260997455
397,0,,,52208.00123544283,52225.0,0.1105211924233259,8.0,0,8.0,0,52208.0,0,1.0,0,0.0,1,0.2,0.07275964071353276
398,0,,,47711.0058267482,47741.0,0.2970309439038034,23.0,0,5.0,0,47711.0,0,1.0,0,1.0,0,0.0,0.07033337031801541
399,0,,,14096.027277215378,14131.0,0.0814591463746592,27.0,0,6.0,0,14096.0,0,2.0,0,0.0,1,0.2,0.07086512818932533
400,0,,,15.264337522473747,25.0,0.9879987943801176,12.0,0,8.0,0,0.0,0,0.0,1,0.0,1,0.4,0.08013187100489934
401,0,,,96995.00089695344,97015.0,0.4539490407686835,12.0,0,5.0,0,96995.0,0,1.0,0,2.0,0,0.0,0.07095092410842578
402,0,,,17.029386365926403,28.0,0.9786375780073532,15.0,0,6.0,0,0.0,0,0.0,1,2.0,0,0.2,0.07092453415195148
403,0,,,59.56509044734173,70.0,0.9307438118859422,59.0,0,1.0,0,0.0,0,1.0,0,1.0,0,0.0,0.0699341706931591
404,0,,,18.138357147217054,27.0,0.8733141435302472,15.0,0,2.0,0,0.0,0,0.0,1,0.0,1,0.4,0.42161744832992554
405,0,,,47.18050444834179,62.0,0.8416141220721864,46.0,0,5.0,0,0.0,0,0.0,1,2.0,0,0.2,0.0733927848438422
406,0,,,14.45683229480096,21.0,0.9940551533514956,12.0,0,8.0,0,0.0,0,0.0,1,0.0,1,0.4,0.10046401619911194
407,0,,,14.966629547095764,24.0,0.8257860276233128,4.0,0,12.0,0,0.0,0,0.0,1,0.0,1,0.4,0.0863788699110349
408,0,,,12.68857754044952,17.0,0.9963286221659172,12.0,0,0.0,1,0.0,0,0.0,1,1.0,0,0.4,0.1725073034564654
409,0,,,28.89636655359978,41.0,0.9208906765121644,27.0,0,2.0,0,0.0,0,1.0,0,1.0,0,0.0,0.0699805977443854
410,0,,,14099.092949548209,14156.0,0.093824244095362,51.0,0,4.0,0,14099.0,0,2.0,0,0.0,1,0.2,0.07437702268362045
411,0,,,10.44030650891055,15.0,0.9226051674359548,2.0,0,10.0,0,0.0,0,0.0,1,1.0,0,0.2,0.1829107478260994
412,0,,,12.24744871391589,16.0,0.9557526744231571,12.0,0,1.0,0,0.0,0,1.0,0,0.0,1,0.2,0.08409540355205536
413,0,,,12.36931687685298,21.0,0.9675139463383188,2.0,0,9.0,0,0.0,0,0.0,1,2.0,0,0.2,0.07733250161012013
414,0,,,27.349588662354687,46.0,0.9720682774033736,24.0,0,8.0,0,0.0,0,2.0,0,2.0,0,0.0,0.06978362922867139
415,0,,,28.478061731796284,37.0,0.918016218483882,27.0,0,0.0,1,0.0,0,1.0,0,0.0,1,0.4,0.4088614036639531
416,0,,,45.24378410345447,59.0,0.845384774556316,44.0,0,10.0,0,0.0,0,1.0,0,1.0,0,0.0,0.07192277535796165
417,0,,,47727.001508580026,47739.0,0.1862695710950253,0.0,1,12.0,0,47727.0,0,0.0,1,0.0,1,0.6,0.5320214629173279
418,0,,,49214.00082293656,49223.0,0.3046062797894817,0.0,1,9.0,0,49214.0,0,0.0,1,0.0,1,0.6,0.632013221581777
419,0,,,19.0,33.0,0.965630932766242,16.0,0,8.0,0,0.0,0,1.0,0,2.0,0,0.0,0.07101035366455714
420,0,,,85206.00066896697,85222.0,0.1496752329414199,7.0,0,8.0,0,85206.0,0,0.0,1,1.0,0,0.2,0.07177182659506798
421,0,,,12.922847983320086,23.0,0.8895485513573865,11.0,0,4.0,0,0.0,0,1.0,0,2.0,0,0.0,0.07201206684112549
422,0,,,29.647934160747187,39.0,0.9945698879471518,29.0,0,0.0,1,0.0,0,3.0,0,2.0,0,0.2,0.0727924903233846
423,0,,,34.597687784012386,43.0,0.9289389324832552,34.0,0,1.0,0,0.0,0,0.0,1,2.0,0,0.2,0.07582880184054375
424,0,,,40999.00059757555,41006.0,0.0370267445900541,0.0,1,7.0,0,40999.0,0,0.0,1,0.0,1,0.6,0.6125162144502004
425,0,,,13.45362404707371,23.0,0.986995780948726,8.0,0,6.0,0,0.0,0,0.0,1,0.0,1,0.4,0.09444522609313329
426,0,,,49214.001615393965,49233.0,0.2408881677190301,11.0,0,6.0,0,49214.0,0,1.0,0,1.0,0,0.0,0.06986670444409053
427,0,,,14.594519519326424,25.0,0.9058549977284956,7.0,0,8.0,0,0.0,0,0.0,1,0.0,1,0.4,0.4891824722290039
428,0,,,49224.02431740014,49284.0,0.4058127630676201,48.0,0,9.0,0,49224.0,0,3.0,0,0.0,1,0.2,0.07209951678911845
429,0,,,41.48493702538308,49.0,0.9514201051324364,41.0,0,2.0,0,0.0,0,0.0,1,0.0,1,0.4,0.09174110740423203
430,0,,,16.34013463836819,25.0,0.9000459218818065,15.0,0,1.0,0,0.0,0,1.0,0,2.0,0,0.0,0.07055193185806274
431,0,,,17.26267650163207,32.0,0.9212212295852708,12.0,0,7.0,0,0.0,0,2.0,0,1.0,0,0.0,0.0701719659070174
432,0,,,15.394804318340652,23.0,0.905029596299732,14.0,0,6.0,0,0.0,0,0.0,1,2.0,0,0.2,0.07209138323863347
433,0,,,38.19685850956856,45.0,0.8797786037169795,38.0,0,0.0,0,0.0,0,1.0,0,2.0,0,0.0,0.08048469076553981
434,0,,,55106.01311109342,55157.0,0.0,0.0,0,0.0,0,0.0,0,0.0,0,0.0,0,0.0,0.07148563489317894
435,0,,,47103.00133749441,47117.0,0.254875991452907,0.0,1,11.0,0,47103.0,0,2.0,0,1.0,0,0.2,0.07115437090396881
436,0,,,19.33907960581372,34.0,0.9760556098920884,16.0,0,7.0,0,0.0,0,2.0,0,1.0,0,0.0,0.06984260926644008
437,0,,,58108.011031182265,58156.0,0.120066770851839,34.0,0,11.0,0,58108.0,0,2.0,0,1.0,0,0.0,0.06987432887156804
438,0,,,19.949937343260004,30.0,0.5536365323582665,17.0,0,0.0,0,0.0,0,0.0,1,0.0,1,0.4,0.7372578382492065
439,0,,,20.76053949202669,37.0,0.8592208951554667,15.0,0,9.0,0,0.0,0,0.0,1,2.0,0,0.2,0.0764567789932092
440,0,,,40.97560249709576,55.0,0.931181304650907,40.0,0,5.0,0,0.0,0,1.0,0,2.0,0,0.0,0.069981353978316
441,0,,,24.75883680627989,37.0,0.8619803799427336,23.0,0,8.0,0,0.0,0,0.0,1,2.0,0,0.2,0.07742603744069736
442,0,,,11.6619037896906,20.0,0.9882134531865472,8.0,0,6.0,0,0.0,0,0.0,1,0.0,1,0.4,0.1538368339339892
443,0,,,14094.025329904867,14134.0,0.2756127768768937,24.0,0,11.0,0,14094.0,0,4.0,0,1.0,0,0.0,0.06967826063434283
444,0,,,10494.014627395942,10519.0,0.1872065708270469,16.0,0,7.0,0,10494.0,0,1.0,0,1.0,0,0.0,0.06964344407121341
445,0,,,14103.035878845378,14143.0,0.0335337292914912,31.0,0,7.0,0,14103.0,0,1.0,0,1.0,0,0.0,0.06995215018590291
446,0,,,64180.00094266126,64191.0,0.3518314315278217,0.0,1,11.0,0,64180.0,0,0.0,1,0.0,1,0.6,0.7011585632960001
447,0,,,14.142135623730953,24.0,0.9821609596385952,10.0,0,8.0,0,0.0,0,0.0,1,0.0,1,0.4,0.09303676585356395
448,0,,,56205.00303353786,56232.0,0.1702190048967655,16.0,0,9.0,0,56205.0,0,2.0,0,0.0,1,0.2,0.07030898580948512
449,0,,,17.4928556845359,24.0,0.996355473122828,16.0,0,7.0,0,0.0,0,0.0,1,0.0,1,0.4,0.08205386251211166
450,0,,,1404.0933017431569,1426.0,0.2265076901973635,15.0,0,6.0,0,1404.0,0,1.0,0,0.0,1,0.2,0.06984418133894603
451,0,,,84120.00471944828,84156.0,0.172394848514217,27.0,0,8.0,0,84120.0,0,0.0,1,1.0,0,0.2,0.0701763890683651
452,0,,,16.401219466856727,27.0,0.9851491680385696,12.0,0,10.0,0,0.0,0,0.0,1,0.0,1,0.4,0.19744495550791422
453,0,,,95104.0003943052,95117.0,0.1538068658405034,3.0,0,8.0,0,95104.0,0,1.0,0,1.0,0,0.0,0.07061607887347539
454,0,,,12.884098726725126,20.0,0.8406473587442896,2.0,0,9.0,0,0.0,0,0.0,1,0.0,1,0.4,0.48997630675633747
455,0,,,35.12833614050059,58.0,0.9005749086244776,31.0,0,12.0,0,0.0,0,2.0,0,2.0,0,0.0,0.07033719370762508
456,0,,,64190.00165913691,64213.0,0.0292232375590054,8.0,0,12.0,0,64190.0,0,2.0,0,1.0,0,0.0,0.07049406071503957
457,0,,,12.328828005937952,20.0,0.8044126483705439,4.0,0,6.0,0,0.0,0,0.0,1,0.0,1,0.4,0.08636351674795151
458,0,,,7.681145747868608,11.0,0.9290341646006868,3.0,0,7.0,0,0.0,0,0.0,1,0.0,1,0.4,0.5061939656734467
459,0,,,13.638181696985855,18.0,0.9987639216286932,13.0,0,4.0,0,0.0,0,0.0,1,0.0,1,0.4,0.12427731851736705
460,0,,,49214.01347177448,49258.0,0.255696375336609,36.0,0,5.0,0,49214.0,0,2.0,0,1.0,0,0.0,0.07006538410981496
461,0,,,84110.00990369696,84162.0,0.4751960809519505,39.0,0,12.0,0,84110.0,0,0.0,1,1.0,0,0.2,0.0712685560186704
462,0,,,13.07669683062202,21.0,0.8696886978384911,3.0,0,9.0,0,0.0,0,0.0,1,0.0,1,0.4,0.1513353238503138
463,0,,,26.981475126464083,40.0,0.4208715217289793,23.0,0,14.0,0,0.0,0,1.0,0,1.0,0,0.0,0.07013622795542081
464,0,,,80094.00172921814,80117.0,0.186128831573615,14.0,0,9.0,0,80094.0,0,0.0,1,0.0,1,0.4,0.08750161280234654
465,0,,,17.944358444926362,28.0,0.7161227566128882,4.0,0,15.0,0,0.0,0,0.0,1,0.0,1,0.4,0.16458607713381448
466,0,,,13.341664064126334,20.0,0.9968998720245636,12.0,0,5.0,0,0.0,0,0.0,1,0.0,1,0.4,0.07911369825402896
467,0,,,13.490737563232042,24.0,0.9450440833958292,4.0,0,9.0,0,0.0,0,0.0,1,2.0,0,0.2,0.0705603448053201
468,0,,,15.264337522473747,25.0,0.8192871205915672,5.0,0,12.0,0,0.0,0,0.0,1,0.0,1,0.4,0.08287394295136134
469,0,,,20.71231517720798,35.0,0.9404886989136132,18.0,0,8.0,0,0.0,0,2.0,0,1.0,0,0.0,0.07002165789405505
470,0,,,13.490737563232042,22.0,0.9035489142866754,6.0,0,11.0,0,0.0,0,0.0,1,0.0,1,0.4,0.24624714255332947
471,0,,,14094.009968777516,14119.0,0.1061447707494092,14.0,0,9.0,0,14094.0,0,0.0,1,2.0,0,0.2,0.07000579064091046
472,0,,,99989.00014501596,99996.0,0.1436748764148979,5.0,0,2.0,0,99989.0,0,0.0,1,0.0,1,0.4,0.6721371412277222
473,0,,,49.02040391510457,51.0,0.9111164611312216,49.0,0,1.0,0,0.0,0,0.0,1,0.0,1,0.4,0.8311792612075806
474,0,,,15.556349186104043,26.0,0.8310925936203117,7.0,0,12.0,0,0.0,0,0.0,1,0.0,1,0.4,0.3805098384618759
475,0,,,14.422205101855956,26.0,0.9736709278075424,10.0,0,5.0,0,0.0,0,1.0,0,1.0,0,0.0,0.06992074971397717
476,0,,,17.11724276862369,33.0,0.9624835670336106,11.0,0,8.0,0,0.0,0,2.0,0,2.0,0,0.0,0.0705207884311676
477,0,,,47112.00052003736,47119.0,0.0199345785821422,0.0,1,7.0,0,47112.0,0,0.0,1,0.0,1,0.6,0.36949574450651806
478,0,,,45097.00694059418,45129.0,0.2261951174024004,24.0,0,7.0,0,45097.0,0,1.0,0,0.0,1,0.2,0.07009903838237126
479,0,,,64187.00745478013,64230.0,0.0629073052095318,28.0,0,13.0,0,64187.0,0,2.0,0,0.0,1,0.2,0.07138159995277722
480,0,,,82192.00044408215,82203.0,0.1465145251561911,3.0,0,8.0,0,82192.0,0,0.0,1,0.0,1,0.4,0.16712300727764764
481,0,,,22.538855339169288,32.0,0.9926799669682976,21.0,0,8.0,0,0.0,0,1.0,0,1.0,0,0.0,0.07178625961144765
482,0,,,13.527749258468685,25.0,0.988719121000668,10.0,0,3.0,0,0.0,0,3.0,0,1.0,0,0.0,0.07053311293323834
483,0,,,56.595052787324086,69.0,0.9539544812187252,56.0,0,4.0,0,0.0,0,1.0,0,1.0,0,0.0,0.0696856901049614
484,0,,,25.179356624028344,34.0,0.9923946228056992,24.0,0,3.0,0,0.0,0,0.0,1,0.0,1,0.4,0.689222534497579
485,0,,,15.264337522473747,25.0,0.8192871205915672,5.0,0,12.0,0,0.0,0,0.0,1,0.0,1,0.4,0.08287394295136134
486,0,,,13.30413469565007,17.0,0.9958236799770523,13.0,0,0.0,1,0.0,0,0.0,1,2.0,0,0.4,0.36049751937389374
487,0,,,12.206555615733702,21.0,0.9637680874285997,2.0,0,4.0,0,0.0,0,2.0,0,2.0,0,0.0,0.07259110858043034
488,0,,,38.39270764090493,46.0,0.8138692631928629,38.0,0,0.0,0,0.0,0,0.0,1,1.0,0,0.2,0.09373937547206879
489,0,,,45.40925015897091,52.0,0.9563487618529188,45.0,0,1.0,0,0.0,0,0.0,1,0.0,1,0.4,0.09751889606316884
490,0,,,15.1657508881031,24.0,0.9856938858198768,11.0,0,10.0,0,0.0,0,0.0,1,0.0,1,0.4,0.24587034185727438
491,0,,,14.560219778561036,22.0,0.8894889998034511,12.0,0,2.0,0,0.0,0,0.0,1,0.0,1,0.4,0.3047664736708005
492,0,,,35.805027579936315,48.0,0.8547745221516408,34.0,0,11.0,0,0.0,0,0.0,1,2.0,0,0.2,0.07489294434587161
493,0,,,21.42428528562855,37.0,0.9667476081743648,13.0,0,13.0,0,0.0,0,0.0,1,0.0,1,0.4,0.11300741136074066
494,0,,,20.049937655763426,22.0,0.9803413637469804,20.0,0,0.0,1,0.0,0,1.0,0,0.0,1,0.4,0.10508257150650024
495,0,,,49218.02209556983,49275.0,0.2622723325767143,46.0,0,7.0,0,49218.0,0,3.0,0,1.0,0,0.0,0.07012922937671344
496,0,,,14.560219778561036,22.0,0.8894889998034511,12.0,0,2.0,0,0.0,0,0.0,1,0.0,1,0.4,0.3047664736708005
497,0,,,23.473389188611005,33.0,0.8916791500740604,22.0,0,8.0,0,0.0,0,1.0,0,1.0,0,0.0,0.077173446615537
498,0,,,46412.01911143276,46468.0,0.0,0.0,0,0.0,0,0.0,0,0.0,0,0.0,0,0.0,0.07163538287083308
499,0,,,13.152946437965904,21.0,0.778708198878162,3.0,0,8.0,0,0.0,0,0.0,1,0.0,1,0.4,0.08987432718276978
500,0,,,56103.00211218648,56126.0,0.0550537207778497,14.0,0,6.0,0,56103.0,0,1.0,0,2.0,0,0.0,0.07010992740591367
501,0,,,47596.00085091184,47605.0,0.0394395086203532,0.0,1,9.0,0,47596.0,0,0.0,1,0.0,1,0.6,0.3876938323179881
502,0,,,15.937377450509228,26.0,0.9921963632748644,13.0,0,6.0,0,0.0,0,0.0,1,0.0,1,0.4,0.0921323373913765
503,0,,,79107.00551784273,79148.0,0.0529374433032341,26.0,0,14.0,0,79107.0,0,0.0,1,1.0,0,0.2,0.07045794154206912
504,0,,,81298.00163595659,81322.0,0.3329209091473043,11.0,0,12.0,0,81298.0,0,0.0,1,1.0,0,0.2,0.07092351218064626
505,0,,,14.071247279470288,22.0,0.9935682194972316,12.0,0,2.0,0,0.0,0,0.0,1,1.0,0,0.2,0.07220839833219846
506,0,,,86196.00270314164,86228.0,0.1029456441570004,19.0,0,10.0,0,86196.0,0,2.0,0,1.0,0,0.0,0.06980128834644954
507,0,,,47108.00110384647,47120.0,0.0961403585728862,10.0,0,2.0,0,47108.0,0,0.0,1,0.0,1,0.4,0.3278768981496493
508,0,,,18.411952639521967,31.0,0.982717182876776,13.0,0,11.0,0,0.0,0,0.0,1,0.0,1,0.4,0.1816917359828949
509,0,,,64905.00713350242,64945.0,0.2675849013321418,29.0,0,9.0,0,64905.0,0,2.0,0,0.0,1,0.2,0.07103644932309787
510,0,,,19.261360284258224,31.0,0.9940959472691864,18.0,0,5.0,0,0.0,0,3.0,0,2.0,0,0.0,0.07334474101662636
511,0,,,23.302360395462088,29.0,0.9069036312481886,23.0,0,3.0,0,0.0,0,0.0,1,1.0,0,0.2,0.08696473638216655
512,0,,,19.44222209522358,24.0,0.6205189400591701,19.0,0,0.0,0,0.0,0,0.0,1,0.0,1,0.4,0.3947036440173785
513,0,,,84122.00324528654,84156.0,0.4049987282500062,20.0,0,12.0,0,84122.0,0,1.0,0,1.0,0,0.0,0.07004966959357262
514,0,,,49227.000365653,49233.0,0.1631880661979445,0.0,1,6.0,0,49227.0,0,0.0,1,0.0,1,0.6,0.6997560660044352
515,0,,,17.663521732655695,32.0,0.9739846245216128,13.0,0,3.0,0,0.0,0,3.0,0,2.0,0,0.0,0.0699046291410923
516,0,,,62016.01310951874,62062.0,0.0590137981602576,40.0,0,5.0,0,62016.0,0,0.0,1,1.0,0,0.2,0.07209174955884616
517,0,,,20.248456731316587,34.0,0.9814541212832012,15.0,0,8.0,0,0.0,0,0.0,1,0.0,1,0.4,0.18635768194993338
518,0,,,19.570385790780925,35.0,0.8348355760981403,14.0,0,8.0,0,0.0,0,1.0,0,1.0,0,0.0,0.07073540861407916
519,0,,,20.71231517720798,27.0,0.8275201774053277,20.0,0,0.0,0,0.0,0,0.0,1,0.0,1,0.4,0.886115829149882
520,0,,,84119.00059439603,84129.0,0.0253699403649347,0.0,1,10.0,0,84119.0,0,0.0,1,0.0,1,0.6,0.4527163505554199
521,0,,,16.09347693943108,25.0,0.989164419063717,13.0,0,3.0,0,0.0,0,0.0,1,0.0,1,0.4,0.08665307859579723
522,0,,,13.638181696985855,22.0,0.8065760719769387,4.0,0,7.0,0,0.0,0,0.0,1,0.0,1,0.4,0.0798606996734937
523,0,,,74191.00390209045,74222.0,0.1593980703522786,23.0,0,7.0,0,74191.0,0,1.0,0,0.0,1,0.2,0.0719795177380244
524,0,,,22.3159136044214,34.0,0.8664247124534599,19.0,0,4.0,0,0.0,0,0.0,1,0.0,1,0.4,0.5072936216990153
525,0,,,11.40175425099138,18.0,0.9882734272674456,8.0,0,8.0,0,0.0,0,0.0,1,1.0,0,0.2,0.07707579558094342
526,0,,,31.272991542223775,48.0,0.9498866756928798,28.0,0,12.0,0,0.0,0,0.0,1,1.0,0,0.2,0.06974031900366147
527,0,,,57.087651904768336,63.0,0.9408979615517102,57.0,0,2.0,0,0.0,0,1.0,0,1.0,0,0.0,0.0697830505669117
528,0,,,84105.00473217988,84145.0,0.0748741474812653,25.0,0,13.0,0,84105.0,0,1.0,0,1.0,0,0.0,0.07000088940064113
529,0,,,7.280109889280518,11.0,0.9408179638004762,4.0,0,6.0,0,0.0,0,0.0,1,0.0,1,0.4,0.14514799664417902
530,0,,,58.42944463196617,66.0,0.9537273413985768,58.0,0,1.0,0,0.0,0,0.0,1,0.0,1,0.4,0.09620954096317291
531,0,,,96998.00122167468,97021.0,0.3103200344427603,6.0,0,14.0,0,96998.0,0,2.0,0,1.0,0,0.0,0.07059694578250249
532,0,,,14092.014405329,14120.0,0.1364835953156947,18.0,0,9.0,0,14092.0,0,0.0,1,1.0,0,0.2,0.06990832711259524
533,0,,,11.445523142259598,17.0,0.9550025497303952,0.0,1,9.0,0,0.0,0,0.0,1,1.0,0,0.4,0.40267375111579895
534,0,,,10.44030650891055,17.0,0.9131277177470024,6.0,0,8.0,0,0.0,0,0.0,1,0.0,1,0.4,0.693920373916626
535,0,,,64899.00033898828,64909.0,0.2190204220119177,2.0,0,6.0,0,64899.0,0,2.0,0,0.0,1,0.2,0.07527439668774605
536,0,,,15.0,25.0,0.8977451357837459,13.0,0,4.0,0,0.0,0,0.0,1,2.0,0,0.2,0.07170963039000829
537,0,,,30.166206257996716,36.0,0.9387147211944298,30.0,0,2.0,0,0.0,0,1.0,0,1.0,0,0.0,0.06993095576763153
538,0,,,13.74772708486752,21.0,0.9964726105115206,12.0,0,6.0,0,0.0,0,0.0,1,0.0,1,0.4,0.08519583443800609
539,0,,,55097.00073506724,55106.0,0.0872878445884881,0.0,1,9.0,0,55097.0,0,0.0,1,0.0,1,0.6,0.5073120991388956
540,0,,,97003.0043761532,97040.0,0.1291525275585199,28.0,0,8.0,0,97003.0,0,1.0,0,0.0,1,0.2,0.0717772903541724
541,0,,,36.09709129556009,41.0,0.9279270925770928,36.0,0,1.0,0,0.0,0,1.0,0,1.0,0,0.0,0.07017713412642479
542,0,,,27.622454633866266,45.0,0.9736795920896916,25.0,0,7.0,0,0.0,0,2.0,0,2.0,0,0.0,0.06974616274237633
543,0,,,6.48074069840786,10.0,0.9448899371407796,4.0,0,5.0,0,0.0,0,0.0,1,0.0,1,0.4,0.14596848686536154
544,0,,,14.7648230602334,24.0,0.8311509768192893,4.0,0,11.0,0,0.0,0,0.0,1,0.0,1,0.4,0.09305670609076817
545,0,,,13910.001294033009,13916.0,0.2297851523410994,0.0,1,6.0,0,13910.0,0,0.0,1,0.0,1,0.6,0.9013269344965616
546,0,,,46.604720790924176,64.0,0.8677664698857009,45.0,0,8.0,0,0.0,0,1.0,0,1.0,0,0.0,0.07046153023838997
547,0,,,12.288205727444508,17.0,0.9470464069394364,12.0,0,1.0,0,0.0,0,1.0,0,1.0,0,0.0,0.07167726506789525
548,0,,,97002.00154120532,97023.0,0.0715489221258393,17.0,0,3.0,0,97002.0,0,0.0,1,1.0,0,0.2,0.0741661253074805
549,0,,,12.083045973594572,14.0,0.9602500384808048,12.0,0,0.0,1,0.0,0,0.0,1,1.0,0,0.4,0.10484928637742996
550,0,,,38.11823710509184,53.0,0.855259260349799,36.0,0,12.0,0,0.0,0,0.0,1,2.0,0,0.2,0.07244132583340009
551,0,,,16.34013463836819,27.0,0.975059549034404,13.0,0,9.0,0,0.0,0,0.0,1,1.0,0,0.2,0.07027878363927205
552,0,,,15.394804318340652,23.0,0.98578999692934,13.0,0,0.0,1,0.0,0,0.0,1,2.0,0,0.4,0.13080179194609323
553,0,,,96998.00357223854,97031.0,0.2549489654529334,26.0,0,3.0,0,96998.0,0,2.0,0,2.0,0,0.0,0.07187532757719357
554,0,,,20.049937655763426,22.0,0.9803413637469804,20.0,0,0.0,1,0.0,0,1.0,0,0.0,1,0.4,0.10508257150650024
555,0,,,16.06237840420901,28.0,0.8417669891126057,13.0,0,7.0,0,0.0,0,0.0,1,2.0,0,0.2,0.07199964548150699
556,0,,,16.431676725154983,24.0,0.9922969522054332,13.0,0,10.0,0,0.0,0,0.0,1,0.0,1,0.4,0.09786819666624069
557,0,,,65.16901104052447,83.0,0.6654078958059911,64.0,0,0.0,0,0.0,0,1.0,0,2.0,0,0.0,0.07450868561863899
558,0,,,9.433981132056603,15.0,0.9563371156877338,4.0,0,8.0,0,0.0,0,0.0,1,0.0,1,0.4,0.13142469028631845
559,0,,,10.816653826391969,17.0,0.9045010937796284,8.0,0,0.0,1,0.0,0,0.0,1,2.0,0,0.4,0.9055700500806173
560,0,,,12.569805089976535,20.0,0.8974946757470403,10.0,0,7.0,0,0.0,0,0.0,1,0.0,1,0.4,0.21126742412646612
561,0,,,14098.006738542865,14120.0,0.1209173320375035,11.0,0,8.0,0,14098.0,0,2.0,0,1.0,0,0.0,0.06991172085205714
562,0,,,32.29551052391029,39.0,0.890620440284718,32.0,0,4.0,0,0.0,0,1.0,0,1.0,0,0.0,0.07146090517441432
563,0,,,29.58039891549808,47.0,0.9822042253584242,25.0,0,13.0,0,0.0,0,0.0,1,0.0,1,0.4,0.0889291266600291
564,0,,,42.74342054632502,55.0,0.9492334886750412,42.0,0,5.0,0,0.0,0,1.0,0,1.0,0,0.0,0.06967827181021373
565,0,,,15117.002976780814,15129.0,0.0893126246096676,3.0,0,9.0,0,15117.0,0,0.0,1,0.0,1,0.4,0.08944607029358546
566,0,,,13990.033631124694,14029.0,0.0381804901412112,29.0,0,10.0,0,13990.0,0,0.0,1,0.0,1,0.4,0.12627219905455908
567,0,,,17.175564037317667,31.0,0.8721304116953945,12.0,0,10.0,0,0.0,0,1.0,0,1.0,0,0.0,0.07040297240018845
568,0,,,18.05547008526779,26.0,0.8891278206791914,15.0,0,0.0,1,0.0,0,0.0,1,1.0,0,0.4,0.34063627074162167
569,0,,,15.427248620541512,24.0,0.9953258755314074,14.0,0,6.0,0,0.0,0,2.0,0,1.0,0,0.0,0.06983588263392448
570,0,,,40998.00485389502,41024.0,0.051717084601203,19.0,0,6.0,0,40998.0,0,0.0,1,1.0,0,0.2,0.0700765351454417
571,0,,,9.16515138991168,12.0,0.9894589581467836,1.0,0,1.0,0,0.0,0,0.0,1,1.0,0,0.2,0.19488691538572311
572,0,,,15.459624833740309,29.0,0.9729999949458238,11.0,0,8.0,0,0.0,0,2.0,0,1.0,0,0.0,0.07007208094000816
573,0,,,1274.0141286500711,1280.0,0.2625933841154166,0.0,1,6.0,0,1274.0,0,0.0,1,0.0,1,0.6,0.9044909477233887
574,0,,,1268.3698198869288,1306.0,0.1260681089298602,30.0,0,6.0,0,1268.0,0,1.0,0,1.0,0,0.0,0.06995424379905064
575,0,,,10500.00080952378,10505.0,0.1213754842728739,1.0,0,4.0,0,10500.0,0,0.0,1,0.0,1,0.4,0.7890010277430216
576,0,,,33.25657829663178,46.0,0.8048720239380989,32.0,0,0.0,0,0.0,0,1.0,0,1.0,0,0.0,0.07201897725462914
577,0,,,49.16299421312742,63.0,0.8560189781511207,48.0,0,10.0,0,0.0,0,0.0,1,2.0,0,0.2,0.07602197180191676
578,0,,,47109.001581438766,47128.0,0.0616229831565581,9.0,0,8.0,0,47109.0,0,0.0,1,2.0,0,0.2,0.07228131219744682
579,0,,,10706.00672519871,10718.0,0.1838981248104504,0.0,1,12.0,0,10706.0,0,0.0,1,0.0,1,0.6,0.5654975573221842
580,0,,,31001.008806166294,31035.0,0.2248125148411272,21.0,0,10.0,0,31001.0,0,2.0,0,1.0,0,0.0,0.06968170031905174
581,0,,,47731.00164463344,47748.0,0.1181757474172844,6.0,0,11.0,0,47731.0,0,0.0,1,0.0,1,0.4,0.14828736831744513
582,0,,,11.0,17.0,0.9640971310542996,6.0,0,0.0,1,0.0,0,0.0,1,2.0,0,0.4,0.38907801111539203
583,0,,,84116.00191402347,84144.0,0.0629751251115422,11.0,0,14.0,0,84116.0,0,2.0,0,1.0,0,0.0,0.07024770230054855
584,0,,,1123.0645573607958,1136.0,0.2027539992708367,12.0,0,1.0,0,1123.0,0,0.0,1,0.0,1,0.4,0.11541994909445445
585,0,,,11.532562594670797,19.0,0.9919346237454092,9.0,0,6.0,0,0.0,0,0.0,1,0.0,1,0.4,0.3776228179534276
586,0,,,10782.006956035597,10802.0,0.2972009385717505,9.0,0,8.0,0,10782.0,0,1.0,0,2.0,0,0.0,0.06991374616821606
587,0,,,26.66458325194677,37.0,0.9865667698482256,25.0,0,9.0,0,0.0,0,0.0,1,2.0,0,0.2,0.07130986327926318
588,0,,,23921.001881192184,23935.0,0.1876002330350633,1.0,0,9.0,0,23921.0,0,2.0,0,2.0,0,0.0,0.07012251392006874
589,0,,,57.25382083319855,66.0,0.803342340330123,57.0,0,0.0,0,0.0,0,0.0,1,2.0,0,0.2,0.10551792879899342
590,0,,,40997.00098787715,41006.0,0.1389185173915597,0.0,1,9.0,0,40997.0,0,0.0,1,0.0,1,0.6,0.9017667174339294
591,0,,,17.97220075561143,25.0,0.6085806194501846,17.0,0,0.0,0,0.0,0,0.0,1,0.0,1,0.4,0.31449784338474274
592,0,,,15.427248620541512,24.0,0.0,0.0,0,0.0,0,0.0,0,0.0,0,0.0,0,0.0,0.07278016582131386
593,0,,,15193.02010793114,15226.0,0.165399647310559,23.0,0,9.0,0,15193.0,0,0.0,1,1.0,0,0.2,0.06981657817959785
594,0,,,55097.00421075542,55125.0,0.1588224849197071,20.0,0,8.0,0,55097.0,0,0.0,1,0.0,1,0.4,0.1244658703605334
595,0,,,25.88435821108957,44.0,0.96235765327748,22.0,0,10.0,0,0.0,0,1.0,0,2.0,0,0.0,0.0700981579720974
596,0,,,14090.003726046349,14103.0,0.3165719546136221,2.0,0,10.0,0,14090.0,0,1.0,0,0.0,1,0.2,0.07242547969023387
597,0,,,47518.0018308851,47538.0,0.1760611757294324,5.0,0,12.0,0,47518.0,0,2.0,0,1.0,0,0.0,0.06994654734929402
598,0,,,40999.00093904728,41014.0,0.0492428019420929,5.0,0,6.0,0,40999.0,0,4.0,0,0.0,1,0.2,0.07127074028054874
599,0,,,26.038433132583076,38.0,0.9559913373757708,25.0,0,3.0,0,0.0,0,2.0,0,2.0,0,0.0,0.06995103756586711
600,0,,,30.95157508108432,52.0,0.9120324064713708,27.0,0,10.0,0,0.0,0,2.0,0,2.0,0,0.0,0.07013054937124252
601,0,,,36.53765181289022,45.0,0.9051202264862608,36.0,0,1.0,0,0.0,0,1.0,0,1.0,0,0.0,0.0716414029399554
602,0,,,97005.00038657802,97018.0,0.0253735733421931,7.0,0,5.0,0,97005.0,0,0.0,1,1.0,0,0.2,0.07411853224039078
603,0,,,65.0,79.0,0.8643829560656794,64.0,0,0.0,0,0.0,0,0.0,1,2.0,0,0.2,0.09884571532408397
604,0,,,10704.000934230153,10710.0,0.1171787139491999,4.0,0,2.0,0,10704.0,0,0.0,1,0.0,1,0.4,0.1800040751695633
605,0,,,25928.009217832365,25956.0,0.0483886932661854,21.0,0,6.0,0,25928.0,0,0.0,1,1.0,0,0.2,0.07011317213376363
606,0,,,1109.8900846480249,1166.0,0.1819327493011501,43.0,0,11.0,0,1109.0,0,1.0,0,2.0,0,0.0,0.0698858213921388
607,0,,,48.41487374764082,56.0,0.8956949270088573,48.0,0,2.0,0,0.0,0,0.0,1,0.0,1,0.4,0.5374276538689932
608,0,,,7.211102550927978,14.0,0.9941402173995446,4.0,0,3.0,0,0.0,0,1.0,0,1.0,0,0.0,0.08378953735033672
609,0,,,4.242640687119285,8.0,0.9981069418963656,3.0,0,2.0,0,0.0,0,0.0,1,2.0,0,0.2,0.2201064924399058
610,0,,,10.099504938362076,16.0,0.0,0.0,0,0.0,0,0.0,0,0.0,0,0.0,0,0.0,0.2788616841038068
611,0,,,35.25620512760839,47.0,0.9586774537073396,34.0,0,9.0,0,0.0,0,1.0,0,2.0,0,0.0,0.0697920632859071
612,0,,,47721.04793484737,47800.0,0.0,0.0,0,0.0,0,0.0,0,0.0,0,0.0,0,0.0,0.07366262127955754
613,0,,,35.31288716601915,55.0,0.8102022930778913,32.0,0,11.0,0,0.0,0,1.0,0,1.0,0,0.0,0.06999743605653445
614,0,,,43.46262762420146,51.0,0.9118910950829272,43.0,0,2.0,0,0.0,0,0.0,1,0.0,1,0.4,0.4404558291037877
615,0,,,85481.00120494612,85503.0,0.4457316692443609,11.0,0,9.0,0,85481.0,0,2.0,0,0.0,1,0.2,0.07387757425506909
616,0,,,7.211102550927978,12.0,0.9868881046542164,1.0,0,5.0,0,0.0,0,0.0,1,1.0,0,0.2,0.09461852411429088
617,0,,,47407.00921804708,47447.0,0.1173052254431287,27.0,0,12.0,0,47407.0,0,1.0,0,0.0,1,0.2,0.07076835383971532
618,0,,,49219.00330157042,49242.0,0.0894615759440518,17.0,0,6.0,0,49219.0,0,0.0,1,0.0,1,0.4,0.09506357709566753
619,0,,,49221.000650129004,49229.0,0.0169125203261687,0.0,1,8.0,0,49221.0,0,0.0,1,0.0,1,0.6,0.3260822842518489
620,0,,,26.72077843177477,34.0,0.6855369048028207,26.0,0,0.0,0,0.0,0,0.0,1,1.0,0,0.2,0.08996473501125972
621,0,,,30.4138126514911,51.0,0.8497813941674051,26.0,0,12.0,0,0.0,0,1.0,0,2.0,0,0.0,0.07111063972115517
622,0,,,53.925875050851054,68.0,0.8078412156050738,53.0,0,0.0,0,0.0,0,1.0,0,1.0,0,0.0,0.07305489604671796
623,0,,,41001.00353649896,41019.0,0.0196805087061308,17.0,0,1.0,0,41001.0,0,0.0,1,0.0,1,0.4,0.34557197491327923
624,0,,,97006.015901077,97083.0,0.0,0.0,0,0.0,0,0.0,0,0.0,0,0.0,0,0.0,0.07100266714890797
625,0,,,9.486832980505138,14.0,0.999328599375464,9.0,0,2.0,0,0.0,0,0.0,1,2.0,0,0.2,0.31688248614470166
626,0,,,45199.00204650541,45220.0,0.0455009621822388,12.0,0,6.0,0,45199.0,0,2.0,0,1.0,0,0.0,0.0698655794064204
627,0,,,17.05872210923198,25.0,0.8553419901621283,13.0,0,1.0,0,0.0,0,0.0,1,0.0,1,0.4,0.13781328002611795
628,0,,,10624.008753761454,10646.0,0.1071049763984046,9.0,0,10.0,0,10624.0,0,2.0,0,1.0,0,0.0,0.07008517906069756
629,0,,,40994.01035517262,41031.0,0.1145525946720645,28.0,0,8.0,0,40994.0,0,1.0,0,0.0,1,0.2,0.07057510068019231
630,0,,,36.68787265568828,46.0,0.9394501508629484,36.0,0,0.0,0,0.0,0,0.0,1,0.0,1,0.4,0.39756924162308377
631,0,,,11.40175425099138,22.0,0.9843597560112372,6.0,0,7.0,0,0.0,0,3.0,0,0.0,1,0.2,0.0803756167491277
632,0,,,47585.00202794994,47604.0,0.2873491941722981,12.0,0,7.0,0,47585.0,0,0.0,1,0.0,1,0.4,0.09727040926615398
633,0,,,15.1657508881031,24.0,0.9856938858198768,11.0,0,10.0,0,0.0,0,0.0,1,0.0,1,0.4,0.24587034185727438
634,0,,,38.19685850956856,49.0,0.8973598769733937,37.0,0,3.0,0,0.0,0,0.0,1,0.0,1,0.4,0.4559684892495473
635,0,,,36.864617182333525,53.0,0.9506767930380275,35.0,0,9.0,0,0.0,0,0.0,1,2.0,0,0.2,0.06989770382642746
636,0,,,11.532562594670797,23.0,0.98966616390233,8.0,0,5.0,0,0.0,0,2.0,0,2.0,0,0.0,0.07295023525754611
637,0,,,27406.031854319957,27460.0,0.0491283155137085,40.0,0,12.0,0,27406.0,0,1.0,0,1.0,0,0.0,0.07009491448601086
638,0,,,25104.016232467664,25143.0,0.1271606828379569,27.0,0,9.0,0,25104.0,0,2.0,0,1.0,0,0.0,0.06982770934700966
639,0,,,13.114877048604,20.0,0.9191363337564668,11.0,0,1.0,0,0.0,0,1.0,0,0.0,1,0.2,0.09509691099325816
640,0,,,15.524174696260024,29.0,0.8472847574923043,10.0,0,10.0,0,0.0,0,1.0,0,2.0,0,0.0,0.07978267595171928
641,0,,,51.96152422706632,66.0,0.8668767097237052,51.0,0,0.0,0,0.0,0,1.0,0,1.0,0,0.0,0.07255414128303528
642,0,,,3.3166247903554,5.0,0.9984852938876958,0.0,1,1.0,0,0.0,0,3.0,0,0.0,1,0.4,0.9128267566363016
643,0,,,11.575836902790224,18.0,0.8701703830971981,5.0,0,10.0,0,0.0,0,0.0,1,0.0,1,0.4,0.18018124997615814
644,0,,,8.12403840463596,12.0,0.9257154717600722,4.0,0,7.0,0,0.0,0,0.0,1,0.0,1,0.4,0.4276662866274516
645,0,,,32.341923257592455,42.0,0.9510503360369524,31.0,0,2.0,0,0.0,0,0.0,1,0.0,1,0.4,0.11220711593826611
646,0,,,97002.00019071772,97013.0,0.0741098243622109,1.0,0,4.0,0,97002.0,0,4.0,0,2.0,0,0.0,0.07776601364215215
647,0,,,40993.0000121972,40994.0,0.224332240433543,0.0,1,0.0,1,40993.0,0,1.0,0,0.0,1,0.6,0.5408329765001932
648,0,,,40.45985664828782,51.0,0.9963925604014708,40.0,0,5.0,0,0.0,0,2.0,0,2.0,0,0.0,0.07035723701119423
649,0,,,52.51666402200353,64.0,0.970385927995698,52.0,0,1.0,0,0.0,0,4.0,0,1.0,0,0.0,0.06976673752069473
650,0,,,16281.002487561998,16290.0,0.1851801631494988,0.0,1,9.0,0,16281.0,0,0.0,1,0.0,1,0.6,0.599075565735499
651,0,,,32.155870381627054,38.0,0.8926521282324409,32.0,0,0.0,0,0.0,0,1.0,0,1.0,0,0.0,0.07350797081987064
652,0,,,85092.00370187554,85128.0,0.1374390752729178,22.0,0,12.0,0,85092.0,0,1.0,0,1.0,0,0.0,0.07007763534784317
653,0,,,53.018864567246254,55.0,0.9257845289301688,53.0,0,1.0,0,0.0,0,0.0,1,0.0,1,0.4,0.35936933755874634
654,0,,,10703.025646984128,10738.0,0.2752083619626905,20.0,0,12.0,0,10703.0,0,1.0,0,2.0,0,0.0,0.06970599790414174
655,0,,,13.038404810405298,24.0,0.9858401424927647,6.0,0,7.0,0,0.0,0,0.0,1,2.0,0,0.2,0.07049169391393661
656,0,,,12.68857754044952,17.0,0.9641568026016122,12.0,0,1.0,0,0.0,0,0.0,1,0.0,1,0.4,0.09339740127325058
657,0,,,84225.00401899664,84260.0,0.0833533066027125,24.0,0,10.0,0,84225.0,0,0.0,1,1.0,0,0.2,0.070644977192084
658,0,,,47211.01827963468,47265.0,0.0628566429857233,40.0,0,11.0,0,47211.0,0,2.0,0,1.0,0,0.0,0.0703504445652167
659,0,,,28.478061731796284,43.0,0.8662274967371452,26.0,0,3.0,0,0.0,0,1.0,0,2.0,0,0.0,0.07113356764117877
660,0,,,35.552777669262355,50.0,0.7989193956665471,34.0,0,0.0,0,0.0,0,1.0,0,1.0,0,0.0,0.07161038493116696
661,0,,,46293.00130689304,46304.0,0.1449163352529372,0.0,1,11.0,0,46293.0,0,0.0,1,0.0,1,0.6,0.8730177283287048
662,0,,,14094.007237120322,14116.0,0.220315529791637,11.0,0,9.0,0,14094.0,0,1.0,0,1.0,0,0.0,0.06969652324914932
663,0,,,85101.00252053438,85132.0,0.0,0.0,0,0.0,0,0.0,0,0.0,0,0.0,0,0.0,0.07095004493991534
664,0,,,13.490737563232042,20.0,0.9744940042650424,9.0,0,10.0,0,0.0,0,0.0,1,0.0,1,0.4,0.21177023649215698
665,0,,,13.228756555322953,21.0,0.9129004872318784,2.0,0,12.0,0,0.0,0,1.0,0,1.0,0,0.0,0.0714735562602679
666,0,,,40.85339643163099,51.0,0.9779665426356464,40.0,0,0.0,1,0.0,0,2.0,0,1.0,0,0.2,0.07007949178417523
667,0,,,25.219040425836983,36.0,0.9934252629008976,24.0,0,3.0,0,0.0,0,1.0,0,1.0,0,0.0,0.07108395298322041
668,0,,,20.199009876724155,36.0,0.831258027595669,15.0,0,9.0,0,0.0,0,1.0,0,1.0,0,0.0,0.07096139341592789
669,0,,,96994.0010825412,97016.0,0.5165385820526799,13.0,0,6.0,0,96994.0,0,2.0,0,1.0,0,0.0,0.07012746731440227
670,0,,,9.0,15.0,0.8754447709232323,4.0,0,7.0,0,0.0,0,0.0,1,0.0,1,0.4,0.15518970787525177
671,0,,,44.82186966202994,57.0,0.8423025150617869,44.0,0,8.0,0,0.0,0,1.0,0,2.0,0,0.0,0.07135241727034251
672,0,,,19.949937343260004,26.0,0.9432688363138982,19.0,0,0.0,1,0.0,0,1.0,0,0.0,1,0.4,0.36428244411945343
673,0,,,33.19638534539566,46.0,0.9929690798006956,32.0,0,8.0,0,0.0,0,2.0,0,1.0,0,0.0,0.06976574535171191
674,0,,,61999.00240326452,62025.0,0.2717515481729926,10.0,0,14.0,0,61999.0,0,1.0,0,1.0,0,0.0,0.0701901304225127
675,0,,,49214.00567927793,49245.0,0.1208724912270973,23.0,0,5.0,0,49214.0,0,2.0,0,1.0,0,0.0,0.07033127422134082
676,0,,,15.264337522473747,29.0,0.9684362933863544,10.0,0,10.0,0,0.0,0,2.0,0,2.0,0,0.0,0.07161032781004906
677,0,,,9.486832980505138,16.0,0.9194514832089884,7.0,0,4.0,0,0.0,0,0.0,1,0.0,1,0.4,0.5710026522477468
678,0,,,85208.00186602195,85236.0,0.0459846994707895,13.0,0,12.0,0,85208.0,0,1.0,0,2.0,0,0.0,0.07030082742373149
679,0,,,21.18962010041709,39.0,0.9437253360976824,16.0,0,11.0,0,0.0,0,2.0,0,2.0,0,0.0,0.07030702506502469
680,0,,,18111.00157362922,18122.0,0.3333841753707407,2.0,0,7.0,0,18111.0,0,2.0,0,0.0,1,0.2,0.07149873425563176
681,0,,,46292.00069126415,46300.0,0.2274444529388625,0.0,1,8.0,0,46292.0,0,0.0,1,0.0,1,0.6,0.605148563782374
682,0,,,40.98780306383839,56.0,0.9748095785245724,40.0,0,6.0,0,0.0,0,2.0,0,2.0,0,0.0,0.06971991310516994
683,0,,,19.313207915827967,37.0,0.9255847571498884,10.0,0,12.0,0,0.0,0,2.0,0,2.0,0,0.0,0.07155175507068634
684,0,,,45300.00785871896,45332.0,0.0497689466992304,26.0,0,6.0,0,45300.0,0,0.0,1,0.0,1,0.4,0.1312315141161283
685,0,,,58100.00115318415,58118.0,0.2148109362197936,9.0,0,7.0,0,58100.0,0,2.0,0,0.0,1,0.2,0.07249524568518002
686,0,,,13.30413469565007,21.0,0.9595723414074808,5.0,0,12.0,0,0.0,0,0.0,1,2.0,0,0.2,0.07065310329198837
687,0,,,39.25557285278104,47.0,0.9966065465342024,39.0,0,1.0,0,0.0,0,3.0,0,1.0,0,0.0,0.07069231445590655
688,0,,,26.248809496813376,39.0,0.9897107986758772,23.0,0,12.0,0,0.0,0,0.0,1,0.0,1,0.4,0.30106252431869507
689,0,,,26.28687885618983,39.0,0.9911392394202464,25.0,0,5.0,0,0.0,0,2.0,0,1.0,0,0.0,0.0699392557144165
690,0,,,12.409673645990855,20.0,0.9935244548333908,10.0,0,2.0,0,0.0,0,0.0,1,1.0,0,0.2,0.08606622119744618
691,0,,,52.51666402200353,62.0,0.9934482678040084,52.0,0,7.0,0,0.0,0,0.0,1,1.0,0,0.2,0.07011621817946434
692,0,,,49214.015717069866,49259.0,0.1241673426262354,39.0,0,5.0,0,49214.0,0,1.0,0,0.0,1,0.2,0.07567566881577174
693,0,,,50.38849074937649,61.0,0.8659849523372901,50.0,0,5.0,0,0.0,0,1.0,0,2.0,0,0.0,0.07173119982083638
694,0,,,14.352700094407323,24.0,0.9910186898033772,11.0,0,7.0,0,0.0,0,0.0,1,0.0,1,0.4,0.11905528356631596
695,0,,,14.177446878757824,23.0,0.7685189631370578,4.0,0,8.0,0,0.0,0,0.0,1,0.0,1,0.4,0.08634589115778606
696,0,,,44.69899327725402,58.0,0.8836908218857259,43.0,0,12.0,0,0.0,0,0.0,1,2.0,0,0.2,0.0736543412009875
697,0,,,13.638181696985855,20.0,0.973339614429169,8.0,0,0.0,1,0.0,0,0.0,1,1.0,0,0.4,0.23375974098841348
698,0,,,47.30750469005948,56.0,0.8744906360918514,47.0,0,4.0,0,0.0,0,0.0,1,2.0,0,0.2,0.07618191341559093
699,0,,,13.341664064126334,22.0,0.9807604320014638,4.0,0,9.0,0,0.0,0,0.0,1,0.0,1,0.4,0.0917754794160525
700,0,,,12.206555615733702,21.0,0.8583883348314104,6.0,0,7.0,0,0.0,0,0.0,1,0.0,1,0.4,0.3937499324480693
701,0,,,18.49324200890693,26.0,0.9498802490890136,18.0,0,2.0,0,0.0,0,1.0,0,2.0,0,0.0,0.07023083046078682
702,0,,,47607.00295124658,47632.0,0.1496769234298948,14.0,0,9.0,0,47607.0,0,2.0,0,0.0,1,0.2,0.07148071750998497
703,0,,,15113.021901658183,15145.0,0.1193533759498687,25.0,0,6.0,0,15113.0,0,0.0,1,1.0,0,0.2,0.06997438271840413
704,0,,,48.86716689148246,60.0,0.9144136913788236,48.0,0,1.0,0,0.0,0,1.0,0,1.0,0,0.0,0.07023307060201962
705,0,,,82195.0007360545,82206.0,0.1083960564506072,0.0,1,11.0,0,82195.0,0,0.0,1,0.0,1,0.6,0.6400576233863831
706,0,,,33144.00015085687,33148.0,0.1939930527310599,1.0,0,3.0,0,33144.0,0,0.0,1,0.0,1,0.4,0.3917253613471985
707,0,,,36.823905279043935,52.0,0.9734395401229544,35.0,0,7.0,0,0.0,0,0.0,1,1.0,0,0.2,0.06966724122563998
708,0,,,15.427248620541512,20.0,0.9440764211172734,15.0,0,2.0,0,0.0,0,0.0,1,0.0,1,0.4,0.14379270126422247
709,0,,,14098.03862244674,14139.0,0.0518841827795966,32.0,0,8.0,0,14098.0,0,0.0,1,1.0,0,0.2,0.07014408210913341
710,0,,,25.25866188063018,38.0,0.960771153504808,23.0,0,10.0,0,0.0,0,2.0,0,1.0,0,0.0,0.06994824980696042
711,0,,,39.179076048319466,57.0,0.8530994826369424,37.0,0,8.0,0,0.0,0,1.0,0,1.0,0,0.0,0.07104924196998279
712,0,,,47596.00085091184,47605.0,0.0394395086203532,0.0,1,9.0,0,47596.0,0,0.0,1,0.0,1,0.6,0.3876938323179881
713,0,,,1400.0207141324731,1412.0,0.2413718092576507,2.0,0,7.0,0,1400.0,0,2.0,0,1.0,0,0.0,0.0698088916639487
714,0,,,49215.01417250634,49258.0,0.1122805788825282,37.0,0,5.0,0,49215.0,0,1.0,0,0.0,1,0.2,0.07326981301108997
715,0,,,20.92844953645635,32.0,0.0,0.0,0,0.0,0,0.0,0,0.0,0,0.0,0,0.0,0.07524841278791428
716,0,,,17.69180601295413,29.0,0.9855478138883575,14.0,0,9.0,0,0.0,0,0.0,1,0.0,1,0.4,0.28246617317199707
717,0,,,16.24807680927192,24.0,0.9040091909005226,14.0,0,0.0,1,0.0,0,0.0,1,2.0,0,0.4,0.32305747270584106
718,0,,,47107.00197422884,47129.0,0.0790121737809758,9.0,0,10.0,0,47107.0,0,2.0,0,1.0,0,0.0,0.070937130600214
719,0,,,34.785054261852174,54.0,0.8548626217227346,32.0,0,9.0,0,0.0,0,1.0,0,2.0,0,0.0,0.07128678510586421
720,0,,,35.31288716601915,47.0,0.9591222166740508,34.0,0,9.0,0,0.0,0,0.0,1,1.0,0,0.2,0.06987593943874042
721,0,,,46898.00310247762,46923.0,0.0800707664662476,13.0,0,11.0,0,46898.0,0,0.0,1,1.0,0,0.2,0.0700718363126119
722,0,,,31.160872901765767,43.0,0.8762287592552925,29.0,0,3.0,0,0.0,0,0.0,1,0.0,1,0.4,0.5298087497552236
723,0,,,8.246211251235321,16.0,0.9920059672226508,4.0,0,5.0,0,0.0,0,1.0,0,1.0,0,0.0,0.07508700340986252
724,0,,,19.235384061671343,30.0,0.9742139363066517,17.0,0,8.0,0,0.0,0,0.0,1,1.0,0,0.2,0.0715445267657439
725,0,,,49224.00923329996,49263.0,0.1348795572114662,29.0,0,8.0,0,49224.0,0,2.0,0,0.0,1,0.2,0.0709599827726682
726,0,,,17.378147196982766,30.0,0.8485680523613265,12.0,0,12.0,0,0.0,0,1.0,0,2.0,0,0.0,0.07348538935184479
727,0,,,26.66458325194677,41.0,0.8459456733337029,24.0,0,3.0,0,0.0,0,1.0,0,2.0,0,0.0,0.07697563121716182
728,0,,,47201.00272239987,47218.0,0.1571806201755127,16.0,0,1.0,0,47201.0,0,0.0,1,0.0,1,0.4,0.6299691001574198
729,0,,,84120.0099203513,84173.0,0.1437109724847739,39.0,0,12.0,0,84120.0,0,0.0,1,2.0,0,0.2,0.07116682827472687
730,0,,,45196.00139392864,45212.0,0.1952341349415863,5.0,0,10.0,0,45196.0,0,1.0,0,0.0,1,0.2,0.07050482804576556
731,0,,,1264.2507662643516,1294.0,0.1420420359227606,25.0,0,1.0,0,1264.0,0,2.0,0,2.0,0,0.0,0.07032562916477521
732,0,,,12.806248474865695,18.0,0.897734040980984,4.0,0,12.0,0,0.0,0,0.0,1,0.0,1,0.4,0.17840194702148438
733,0,,,67.21606950722423,74.0,0.0210351580955835,67.0,0,0.0,0,0.0,0,0.0,1,0.0,1,0.4,0.8321757912635803
734,0,,,48.54894437575342,65.0,0.0368229847159329,47.0,0,0.0,0,0.0,0,1.0,0,1.0,0,0.0,0.07463548332452774
735,0,,,14.7648230602334,24.0,0.9819829949365376,11.0,0,4.0,0,0.0,0,0.0,1,0.0,1,0.4,0.09412532548109691
736,0,,,85202.00730616621,85249.0,0.1436979684101562,34.0,0,9.0,0,85202.0,0,2.0,0,2.0,0,0.0,0.07035089035828908
737,0,,,12.649110640673518,24.0,0.9843968872335396,5.0,0,7.0,0,0.0,0,1.0,0,2.0,0,0.0,0.07009777054190636
738,0,,,10.954451150103322,20.0,0.9868377875337736,9.0,0,5.0,0,0.0,0,2.0,0,1.0,0,0.0,0.07129292065898578
739,0,,,16.09347693943108,27.0,0.8802012938214199,14.0,0,5.0,0,0.0,0,1.0,0,1.0,0,0.0,0.07028789197405179
740,0,,,11.74734012447073,20.0,0.8684238674418352,5.0,0,7.0,0,0.0,0,0.0,1,0.0,1,0.4,0.13001041114330292
741,0,,,84224.00070051292,84242.0,0.2002165175670411,7.0,0,8.0,0,84224.0,0,1.0,0,2.0,0,0.0,0.07092161973317464
742,0,,,18.43908891458577,30.0,0.9735269297770616,16.0,0,8.0,0,0.0,0,0.0,1,2.0,0,0.2,0.07098537683486938
743,0,,,16.822603841260722,25.0,0.996010024961956,15.0,0,7.0,0,0.0,0,0.0,1,0.0,1,0.4,0.08236413449048996
744,0,,,85485.01020646836,85538.0,0.2196796578583039,40.0,0,12.0,0,85485.0,0,0.0,1,1.0,0,0.2,0.07140712440013885
745,0,,,84124.00219319097,84153.0,0.2517514335555457,14.0,0,13.0,0,84124.0,0,2.0,0,0.0,1,0.2,0.07137225444118182
746,0,,,49212.00119889456,49228.0,0.2176919973557386,6.0,0,9.0,0,49212.0,0,0.0,1,1.0,0,0.2,0.07034482806921005
747,0,,,43.60045871318328,59.0,0.944113991748743,42.0,0,10.0,0,0.0,0,0.0,1,1.0,0,0.2,0.07006587833166122
748,0,,,34.07345007480164,49.0,0.8673216430339808,32.0,0,6.0,0,0.0,0,0.0,1,1.0,0,0.2,0.07046045983831088
749,0,,,84113.00043394006,84126.0,0.171583668510711,1.0,0,8.0,0,84113.0,0,2.0,0,2.0,0,0.0,0.07167308777570724
750,0,,,43.840620433565945,60.0,0.9038819536704306,42.0,0,6.0,0,0.0,0,0.0,1,1.0,0,0.2,0.0718018760283788
751,0,,,11.180339887498947,17.0,0.8816121392273082,4.0,0,10.0,0,0.0,0,0.0,1,0.0,1,0.4,0.34024439255396527
752,0,,,56.4889369699944,75.0,0.834291607356262,55.0,0,8.0,0,0.0,0,1.0,0,1.0,0,0.0,0.07069965948661168
753,0,,,17.233687939614086,25.0,0.8827020256685649,14.0,0,0.0,1,0.0,0,1.0,0,0.0,1,0.4,0.15002546707789102
754,0,,,2.449489742783178,4.0,0.0,0.0,0,0.0,0,0.0,0,0.0,0,0.0,0,0.0,0.21677045027414957
755,0,,,28.03569153775237,44.0,0.9732695958406896,26.0,0,6.0,0,0.0,0,3.0,0,1.0,0,0.0,0.06967189411322276
756,0,,,97005.00041750426,97014.0,0.0201095708846613,0.0,1,9.0,0,97005.0,0,0.0,1,0.0,1,0.6,0.4474284549554189
757,0,,,18.027756377319943,31.0,0.9780317266972643,12.0,0,10.0,0,0.0,0,0.0,1,0.0,1,0.4,0.22023075570662817
758,0,,,85090.00040545304,85101.0,0.2770013998575592,0.0,1,8.0,0,85090.0,0,1.0,0,2.0,0,0.2,0.07519625003139178
759,0,,,17089.02068580877,17124.0,0.1092934902448322,25.0,0,9.0,0,17089.0,0,1.0,0,0.0,1,0.2,0.0705352673927943
760,0,,,21.61018278497431,27.0,0.9642041322442966,21.0,0,0.0,1,0.0,0,1.0,0,0.0,1,0.4,0.3492531180381775
761,0,,,9.38083151964686,18.0,0.9469392720856872,5.0,0,5.0,0,0.0,0,1.0,0,1.0,0,0.0,0.07221384594837825
762,0,,,62017.011053419854,62066.0,0.047967861043364,35.0,0,12.0,0,62017.0,0,1.0,0,1.0,0,0.0,0.07001970832546552
763,0,,,27494.00194587903,27509.0,0.2594898616087446,5.0,0,9.0,0,27494.0,0,1.0,0,0.0,1,0.2,0.0702620397011439
764,0,,,15.066519173319364,25.0,0.9225300659855442,11.0,0,10.0,0,0.0,0,1.0,0,2.0,0,0.0,0.07242189347743988
765,0,,,85095.00047593865,85108.0,0.1875588720833376,4.0,0,8.0,0,85095.0,0,0.0,1,1.0,0,0.2,0.07056899989644687
766,0,,,12.806248474865695,18.0,0.897734040980984,4.0,0,12.0,0,0.0,0,0.0,1,0.0,1,0.4,0.17840194702148438
767,0,,,85100.00131022326,85123.0,0.0164180535529745,13.0,0,7.0,0,85100.0,0,1.0,0,2.0,0,0.0,0.0702481319506963
768,0,,,18.81488772222678,32.0,0.8405390384017292,14.0,0,6.0,0,0.0,0,0.0,1,1.0,0,0.2,0.0725256937245528
769,0,,,12.68857754044952,21.0,0.8011917182235659,6.0,0,5.0,0,0.0,0,0.0,1,0.0,1,0.4,0.09991578012704849
