pair_index,label,orig_id,anon_id,age_match,education_match,industry_match,marital_status_match,sex_match,overall_similarity,euclidean_distance,manhattan_distance,cosine_similarity,industry_diff,industry_equal,education_diff,education_equal
478,1,478.0,478.0,0,0.0,0.0,0,0,0.0,0.0,0.0,0.0,0.0,0.0,0.0,0.0
488,1,488.0,488.0,0,0.0,0.0,0,0,0.0,86202.0,86202.0,0.0,0.0,0.0,0.0,0.0
1499,0,,,0,0.0,0.0,0,0,0.0,0.0,0.0,0.0,0.0,0.0,0.0,0.0
1605,0,,,0,0.0,0.0,0,0,0.0,0.0,0.0,0.0,0.0,0.0,0.0,0.0
511,1,511.0,511.0,0,0.0,0.0,0,0,0.0,0.0,0.0,0.0,0.0,0.0,0.0,0.0
1424,0,,,0,0.0,0.0,0,0,0.0,1.0,1.0,0.0,0.0,0.0,0.0,0.0
495,1,495.0,495.0,0,0.0,0.0,0,0,0.0,1.0,1.0,0.0,0.0,0.0,0.0,0.0
1961,0,,,0,0.0,0.0,0,0,0.0,0.0,0.0,0.0,0.0,0.0,0.0,0.0
1135,0,,,0,0.0,0.0,0,0,0.0,0.0,0.0,0.0,0.0,0.0,0.0,0.0
19,1,19.0,19.0,0,0.0,0.0,0,0,0.0,0.0,0.0,0.0,0.0,0.0,0.0,0.0
293,1,293.0,293.0,0,0.0,0.0,0,0,0.0,1.0,1.0,0.0,0.0,0.0,0.0,0.0
1304,0,,,0,0.0,0.0,0,0,0.0,1.0,1.0,0.0,0.0,0.0,0.0,0.0
1053,0,,,0,0.0,0.0,0,0,0.0,1414.0509184608593,1426.0,0.0,0.0,0.0,0.0,0.0
588,1,588.0,588.0,0,0.0,0.0,0,0,0.0,0.0,0.0,0.0,0.0,0.0,0.0,0.0
1258,0,,,0,0.0,0.0,0,0,0.0,49232.0,49232.0,0.0,0.0,0.0,0.0,0.0
137,1,137.0,137.0,0,0.0,0.0,0,0,0.0,1.0,1.0,0.0,0.0,0.0,0.0,0.0
978,1,978.0,978.0,0,0.0,0.0,0,0,0.0,97004.0,97004.0,0.0,0.0,0.0,0.0,0.0
772,1,772.0,772.0,0,0.0,0.0,0,0,0.0,10711.005648397353,10722.0,0.0,0.0,0.0,0.0,0.0
1178,0,,,0,0.0,0.0,0,0,0.0,1.0,1.0,0.0,0.0,0.0,0.0,0.0
1468,0,,,0,0.0,0.0,0,0,0.0,0.0,0.0,0.0,0.0,0.0,0.0,0.0
1194,0,,,0,0.0,0.0,0,0,0.0,0.0,0.0,0.0,0.0,0.0,0.0,0.0
789,1,789.0,789.0,0,0.0,0.0,0,0,0.0,0.0,0.0,0.0,0.0,0.0,0.0,0.0
82,1,82.0,82.0,0,0.0,0.0,0,0,0.0,47113.0,47113.0,0.0,0.0,0.0,0.0,0.0
238,1,238.0,238.0,0,0.0,0.0,0,0,0.0,0.0,0.0,0.0,0.0,0.0,0.0,0.0
1245,0,,,0,0.0,0.0,0,0,0.0,84230.0010032055,84243.0,0.0,0.0,0.0,0.0,0.0
1842,0,,,0,0.0,0.0,0,0,0.0,1.0,1.0,0.0,0.0,0.0,0.0,0.0
89,1,89.0,89.0,0,0.0,0.0,0,0,0.0,1.0,1.0,0.0,0.0,0.0,0.0,0.0
223,1,223.0,223.0,0,0.0,0.0,0,0,0.0,97006.0,97006.0,0.0,0.0,0.0,0.0,0.0
1591,0,,,0,0.0,0.0,0,0,0.0,0.0,0.0,0.0,0.0,0.0,0.0,0.0
1920,0,,,0,0.0,0.0,0,0,0.0,14101.0,14101.0,0.0,0.0,0.0,0.0,0.0
1218,0,,,0,0.0,0.0,0,0,0.0,1411.0428767404626,1422.0,0.0,0.0,0.0,0.0,0.0
1148,0,,,0,0.0,0.0,0,0,0.0,1.0,1.0,0.0,0.0,0.0,0.0,0.0
1859,0,,,0,0.0,0.0,0,0,0.0,85101.0,85101.0,0.0,0.0,0.0,0.0,0.0
397,1,397.0,397.0,0,0.0,0.0,0,0,0.0,1.0,1.0,0.0,0.0,0.0,0.0,0.0
1752,0,,,0,0.0,0.0,0,0,0.0,0.0,0.0,0.0,0.0,0.0,0.0,0.0
1107,0,,,0,0.0,0.0,0,0,0.0,1.0,1.0,0.0,0.0,0.0,0.0,0.0
92,1,92.0,92.0,0,0.0,0.0,0,0,0.0,0.0,0.0,0.0,0.0,0.0,0.0,0.0
231,1,231.0,231.0,0,0.0,0.0,0,0,0.0,41003.0,41003.0,0.0,0.0,0.0,0.0,0.0
639,1,639.0,639.0,0,0.0,0.0,0,0,0.0,1.0,1.0,0.0,0.0,0.0,0.0,0.0
1210,0,,,0,0.0,0.0,0,0,0.0,47711.0,47711.0,0.0,0.0,0.0,0.0,0.0
484,1,484.0,484.0,0,0.0,0.0,0,0,0.0,1494.0,1494.0,0.0,0.0,0.0,0.0,0.0
1000,0,,,0,0.0,0.0,0,0,0.0,41001.0,41001.0,0.0,0.0,0.0,0.0,0.0
1740,0,,,0,0.0,0.0,0,0,0.0,46496.0,46496.0,0.0,0.0,0.0,0.0,0.0
1845,0,,,0,0.0,0.0,0,0,0.0,0.0,0.0,0.0,0.0,0.0,0.0,0.0
1506,0,,,0,0.0,0.0,0,0,0.0,0.0,0.0,0.0,0.0,0.0,0.0,0.0
1796,0,,,0,0.0,0.0,0,0,0.0,0.0,0.0,0.0,0.0,0.0,0.0,0.0
1115,0,,,0,0.0,0.0,0,0,0.0,0.0,0.0,0.0,0.0,0.0,0.0,0.0
1872,0,,,0,0.0,0.0,0,0,0.0,1.0,1.0,0.0,0.0,0.0,0.0,0.0
1905,0,,,0,0.0,0.0,0,0,0.0,0.0,0.0,0.0,0.0,0.0,0.0,0.0
933,1,933.0,933.0,0,0.0,0.0,0,0,0.0,0.0,0.0,0.0,0.0,0.0,0.0,0.0
520,1,520.0,520.0,0,0.0,0.0,0,0,0.0,0.0,0.0,0.0,0.0,0.0,0.0,0.0
942,1,942.0,942.0,0,0.0,0.0,0,0,0.0,85101.0,85101.0,0.0,0.0,0.0,0.0,0.0
617,1,617.0,617.0,0,0.0,0.0,0,0,0.0,49232.0,49232.0,0.0,0.0,0.0,0.0,0.0
1332,0,,,0,0.0,0.0,0,0,0.0,84130.0,84130.0,0.0,0.0,0.0,0.0,0.0
1335,0,,,0,0.0,0.0,0,0,0.0,85101.0,85101.0,0.0,0.0,0.0,0.0,0.0
1321,0,,,0,0.0,0.0,0,0,0.0,0.0,0.0,0.0,0.0,0.0,0.0,0.0
676,1,676.0,676.0,0,0.0,0.0,0,0,0.0,0.0,0.0,0.0,0.0,0.0,0.0,0.0
1116,0,,,0,0.0,0.0,0,0,0.0,0.0,0.0,0.0,0.0,0.0,0.0,0.0
1151,0,,,0,0.0,0.0,0,0,0.0,47113.0,47113.0,0.0,0.0,0.0,0.0,0.0
1691,0,,,0,0.0,0.0,0,0,0.0,1.0,1.0,0.0,0.0,0.0,0.0,0.0
336,1,336.0,336.0,0,0.0,0.0,0,0,0.0,55101.0,55101.0,0.0,0.0,0.0,0.0,0.0
681,1,681.0,681.0,0,0.0,0.0,0,0,0.0,49212.0,49212.0,0.0,0.0,0.0,0.0,0.0
316,1,316.0,316.0,0,0.0,0.0,0,0,0.0,1.0,1.0,0.0,0.0,0.0,0.0,0.0
599,1,599.0,599.0,0,0.0,0.0,0,0,0.0,86202.0,86202.0,0.0,0.0,0.0,0.0,0.0
212,1,212.0,212.0,0,0.0,0.0,0,0,0.0,64191.0,64191.0,0.0,0.0,0.0,0.0,0.0
1648,0,,,0,0.0,0.0,0,0,0.0,0.0,0.0,0.0,0.0,0.0,0.0,0.0
1326,0,,,0,0.0,0.0,0,0,0.0,1.0,1.0,0.0,0.0,0.0,0.0,0.0
1279,0,,,0,0.0,0.0,0,0,0.0,1.0,1.0,0.0,0.0,0.0,0.0,0.0
264,1,264.0,264.0,0,0.0,0.0,0,0,0.0,84130.00100439796,84143.0,0.0,0.0,0.0,0.0,0.0
500,1,500.0,500.0,0,0.0,0.0,0,0,0.0,49232.0,49232.0,0.0,0.0,0.0,0.0,0.0
480,1,480.0,480.0,0,0.0,0.0,0,0,0.0,1.0,1.0,0.0,0.0,0.0,0.0,0.0
1494,0,,,0,0.0,0.0,0,0,0.0,1.0,1.0,0.0,0.0,0.0,0.0,0.0
17,1,17.0,17.0,0,0.0,0.0,0,0,0.0,0.0,0.0,0.0,0.0,0.0,0.0,0.0
1141,0,,,0,0.0,0.0,0,0,0.0,84230.0,84230.0,0.0,0.0,0.0,0.0,0.0
567,1,567.0,567.0,0,0.0,0.0,0,0,0.0,0.0,0.0,0.0,0.0,0.0,0.0,0.0
1220,0,,,0,0.0,0.0,0,0,0.0,0.0,0.0,0.0,0.0,0.0,0.0,0.0
1448,0,,,0,0.0,0.0,0,0,0.0,49232.00171636331,49245.0,0.0,0.0,0.0,0.0,0.0
1307,0,,,0,0.0,0.0,0,0,0.0,0.0,0.0,0.0,0.0,0.0,0.0,0.0
179,1,179.0,179.0,0,0.0,0.0,0,0,0.0,1.0,1.0,0.0,0.0,0.0,0.0,0.0
1703,0,,,0,0.0,0.0,0,0,0.0,0.0,0.0,0.0,0.0,0.0,0.0,0.0
1473,0,,,0,0.0,0.0,0,0,0.0,0.0,0.0,0.0,0.0,0.0,0.0,0.0
508,1,508.0,508.0,0,0.0,0.0,0,0,0.0,0.0,0.0,0.0,0.0,0.0,0.0,0.0
457,1,457.0,457.0,0,0.0,0.0,0,0,0.0,97006.00000515432,97007.0,0.0,0.0,0.0,0.0,0.0
1374,0,,,0,0.0,0.0,0,0,0.0,0.0,0.0,0.0,0.0,0.0,0.0,0.0
689,1,689.0,689.0,0,0.0,0.0,0,0,0.0,46496.0,46496.0,0.0,0.0,0.0,0.0,0.0
1677,0,,,0,0.0,0.0,0,0,0.0,7.0710678118654755,8.0,0.0,0.0,0.0,0.0,0.0
577,1,577.0,577.0,0,0.0,0.0,0,0,0.0,0.0,0.0,0.0,0.0,0.0,0.0,0.0
1225,0,,,0,0.0,0.0,0,0,0.0,1.0,1.0,0.0,0.0,0.0,0.0,0.0
562,1,562.0,562.0,0,0.0,0.0,0,0,0.0,23933.0,23933.0,0.0,0.0,0.0,0.0,0.0
138,1,138.0,138.0,0,0.0,0.0,0,0,0.0,1.0,1.0,0.0,0.0,0.0,0.0,0.0
200,1,200.0,200.0,0,0.0,0.0,0,0,0.0,46900.00086353944,46909.0,0.0,0.0,0.0,0.0,0.0
1177,0,,,0,0.0,0.0,0,0,0.0,1.0,1.0,0.0,0.0,0.0,0.0,0.0
1265,0,,,0,0.0,0.0,0,0,0.0,0.0,0.0,0.0,0.0,0.0,0.0,0.0
1529,0,,,0,0.0,0.0,0,0,0.0,16291.0,16291.0,0.0,0.0,0.0,0.0,0.0
1101,0,,,0,0.0,0.0,0,0,0.0,15121.0,15121.0,0.0,0.0,0.0,0.0,0.0
1113,0,,,0,0.0,0.0,0,0,0.0,0.0,0.0,0.0,0.0,0.0,0.0,0.0
1803,0,,,0,0.0,0.0,0,0,0.0,1.0,1.0,0.0,0.0,0.0,0.0,0.0
1108,0,,,0,0.0,0.0,0,0,0.0,1.0,1.0,0.0,0.0,0.0,0.0,0.0
1207,0,,,0,0.0,0.0,0,0,0.0,49221.0,49221.0,0.0,0.0,0.0,0.0,0.0
1621,0,,,0,0.0,0.0,0,0,0.0,0.0,0.0,0.0,0.0,0.0,0.0,0.0
392,1,392.0,392.0,0,0.0,0.0,0,0,0.0,1.0,1.0,0.0,0.0,0.0,0.0,0.0
1501,0,,,0,0.0,0.0,0,0,0.0,1.0,1.0,0.0,0.0,0.0,0.0,0.0
563,1,563.0,563.0,0,0.0,0.0,0,0,0.0,1.0,1.0,0.0,0.0,0.0,0.0,0.0
109,1,109.0,109.0,0,0.0,0.0,0,0,0.0,84130.0,84130.0,0.0,0.0,0.0,0.0,0.0
1436,0,,,0,0.0,0.0,0,0,0.0,0.0,0.0,0.0,0.0,0.0,0.0,0.0
1879,0,,,0,0.0,0.0,0,0,0.0,11.045361017187261,12.0,0.0,0.0,0.0,0.0,0.0
1990,0,,,0,0.0,0.0,0,0,0.0,0.0,0.0,0.0,0.0,0.0,0.0,0.0
726,1,726.0,726.0,0,0.0,0.0,0,0,0.0,0.0,0.0,0.0,0.0,0.0,0.0,0.0
1072,0,,,0,0.0,0.0,0,0,0.0,1411.0,1411.0,0.0,0.0,0.0,0.0,0.0
518,1,518.0,518.0,0,0.0,0.0,0,0,0.0,1.0,1.0,0.0,0.0,0.0,0.0,0.0
1438,0,,,0,0.0,0.0,0,0,0.0,13945.0,13945.0,0.0,0.0,0.0,0.0,0.0
611,1,611.0,611.0,0,0.0,0.0,0,0,0.0,0.0,0.0,0.0,0.0,0.0,0.0,0.0
1706,0,,,0,0.0,0.0,0,0,0.0,86102.00098139416,86115.0,0.0,0.0,0.0,0.0,0.0
1155,0,,,0,0.0,0.0,0,0,0.0,0.0,0.0,0.0,0.0,0.0,0.0,0.0
443,1,443.0,443.0,0,0.0,0.0,0,0,0.0,1.0,1.0,0.0,0.0,0.0,0.0,0.0
1991,0,,,0,0.0,0.0,0,0,0.0,1.0,1.0,0.0,0.0,0.0,0.0,0.0
699,1,699.0,699.0,0,0.0,0.0,0,0,0.0,0.0,0.0,0.0,0.0,0.0,0.0,0.0
202,1,202.0,202.0,0,0.0,0.0,0,0,0.0,1.0,1.0,0.0,0.0,0.0,0.0,0.0
285,1,285.0,285.0,0,0.0,0.0,0,0,0.0,0.0,0.0,0.0,0.0,0.0,0.0,0.0
972,1,972.0,972.0,0,0.0,0.0,0,0,0.0,0.0,0.0,0.0,0.0,0.0,0.0,0.0
11,1,11.0,11.0,0,0.0,0.0,0,0,0.0,0.0,0.0,0.0,0.0,0.0,0.0,0.0
739,1,739.0,739.0,0,0.0,0.0,0,0,0.0,0.0,0.0,0.0,0.0,0.0,0.0,0.0
696,1,696.0,696.0,0,0.0,0.0,0,0,0.0,1.0,1.0,0.0,0.0,0.0,0.0,0.0
160,1,160.0,160.0,0,0.0,0.0,0,0,0.0,1.0,1.0,0.0,0.0,0.0,0.0,0.0
306,1,306.0,306.0,0,0.0,0.0,0,0,0.0,55101.00130669133,55113.0,0.0,0.0,0.0,0.0,0.0
1084,0,,,0,0.0,0.0,0,0,0.0,1.0,1.0,0.0,0.0,0.0,0.0,0.0
1007,0,,,0,0.0,0.0,0,0,0.0,1.0,1.0,0.0,0.0,0.0,0.0,0.0
1578,0,,,0,0.0,0.0,0,0,0.0,1.0,1.0,0.0,0.0,0.0,0.0,0.0
1811,0,,,0,0.0,0.0,0,0,0.0,0.0,0.0,0.0,0.0,0.0,0.0,0.0
1915,0,,,0,0.0,0.0,0,0,0.0,0.0,0.0,0.0,0.0,0.0,0.0,0.0
1950,0,,,0,0.0,0.0,0,0,0.0,0.0,0.0,0.0,0.0,0.0,0.0,0.0
1382,0,,,0,0.0,0.0,0,0,0.0,0.0,0.0,0.0,0.0,0.0,0.0,0.0
640,1,640.0,640.0,0,0.0,0.0,0,0,0.0,1291.0,1291.0,0.0,0.0,0.0,0.0,0.0
237,1,237.0,237.0,0,0.0,0.0,0,0,0.0,23933.0,23933.0,0.0,0.0,0.0,0.0,0.0
63,1,63.0,63.0,0,0.0,0.0,0,0,0.0,0.0,0.0,0.0,0.0,0.0,0.0,0.0
1411,0,,,0,0.0,0.0,0,0,0.0,0.0,0.0,0.0,0.0,0.0,0.0,0.0
1688,0,,,0,0.0,0.0,0,0,0.0,1.0,1.0,0.0,0.0,0.0,0.0,0.0
1302,0,,,0,0.0,0.0,0,0,0.0,47817.0,47817.0,0.0,0.0,0.0,0.0,0.0
446,1,446.0,446.0,0,0.0,0.0,0,0,0.0,0.0,0.0,0.0,0.0,0.0,0.0,0.0
113,1,113.0,113.0,0,0.0,0.0,0,0,0.0,1.0,1.0,0.0,0.0,0.0,0.0,0.0
1219,0,,,0,0.0,0.0,0,0,0.0,0.0,0.0,0.0,0.0,0.0,0.0,0.0
1844,0,,,0,0.0,0.0,0,0,0.0,0.0,0.0,0.0,0.0,0.0,0.0,0.0
1250,0,,,0,0.0,0.0,0,0,0.0,1.0,1.0,0.0,0.0,0.0,0.0,0.0
849,1,849.0,849.0,0,0.0,0.0,0,0,0.0,0.0,0.0,0.0,0.0,0.0,0.0,0.0
1203,0,,,0,0.0,0.0,0,0,0.0,0.0,0.0,0.0,0.0,0.0,0.0,0.0
273,1,273.0,273.0,0,0.0,0.0,0,0,0.0,10.04987562112089,11.0,0.0,0.0,0.0,0.0,0.0
956,1,956.0,956.0,0,0.0,0.0,0,0,0.0,0.0,0.0,0.0,0.0,0.0,0.0,0.0
1147,0,,,0,0.0,0.0,0,0,0.0,0.0,0.0,0.0,0.0,0.0,0.0,0.0
366,1,366.0,366.0,0,0.0,0.0,0,0,0.0,1.0,1.0,0.0,0.0,0.0,0.0,0.0
1527,0,,,0,0.0,0.0,0,0,0.0,85492.0,85492.0,0.0,0.0,0.0,0.0,0.0
379,1,379.0,379.0,0,0.0,0.0,0,0,0.0,0.0,0.0,0.0,0.0,0.0,0.0,0.0
451,1,451.0,451.0,0,0.0,0.0,0,0,0.0,1.0,1.0,0.0,0.0,0.0,0.0,0.0
1336,0,,,0,0.0,0.0,0,0,0.0,0.0,0.0,0.0,0.0,0.0,0.0,0.0
1488,0,,,0,0.0,0.0,0,0,0.0,0.0,0.0,0.0,0.0,0.0,0.0,0.0
490,1,490.0,490.0,0,0.0,0.0,0,0,0.0,1.0,1.0,0.0,0.0,0.0,0.0,0.0
914,1,914.0,914.0,0,0.0,0.0,0,0,0.0,15121.0,15121.0,0.0,0.0,0.0,0.0,0.0
1615,0,,,0,0.0,0.0,0,0,0.0,33150.0,33150.0,0.0,0.0,0.0,0.0,0.0
1685,0,,,0,0.0,0.0,0,0,0.0,1.0,1.0,0.0,0.0,0.0,0.0,0.0
358,1,358.0,358.0,0,0.0,0.0,0,0,0.0,1.0,1.0,0.0,0.0,0.0,0.0,0.0
1625,0,,,0,0.0,0.0,0,0,0.0,1.0,1.0,0.0,0.0,0.0,0.0,0.0
539,1,539.0,539.0,0,0.0,0.0,0,0,0.0,1.0,1.0,0.0,0.0,0.0,0.0,0.0
1709,0,,,0,0.0,0.0,0,0,0.0,10.04987562112089,11.0,0.0,0.0,0.0,0.0,0.0
1672,0,,,0,0.0,0.0,0,0,0.0,10711.0,10711.0,0.0,0.0,0.0,0.0,0.0
258,1,258.0,258.0,0,0.0,0.0,0,0,0.0,10711.0,10711.0,0.0,0.0,0.0,0.0,0.0
994,1,994.0,994.0,0,0.0,0.0,0,0,0.0,85229.0,85229.0,0.0,0.0,0.0,0.0,0.0
719,1,719.0,719.0,0,0.0,0.0,0,0,0.0,41003.00059751725,41010.0,0.0,0.0,0.0,0.0,0.0
1713,0,,,0,0.0,0.0,0,0,0.0,1.0,1.0,0.0,0.0,0.0,0.0,0.0
1261,0,,,0,0.0,0.0,0,0,0.0,0.0,0.0,0.0,0.0,0.0,0.0,0.0
102,1,102.0,102.0,0,0.0,0.0,0,0,0.0,1.0,1.0,0.0,0.0,0.0,0.0,0.0
1132,0,,,0,0.0,0.0,0,0,0.0,49222.0,49222.0,0.0,0.0,0.0,0.0,0.0
967,1,967.0,967.0,0,0.0,0.0,0,0,0.0,0.0,0.0,0.0,0.0,0.0,0.0,0.0
737,1,737.0,737.0,0,0.0,0.0,0,0,0.0,85211.0,85211.0,0.0,0.0,0.0,0.0,0.0
263,1,263.0,263.0,0,0.0,0.0,0,0,0.0,0.0,0.0,0.0,0.0,0.0,0.0,0.0
723,1,723.0,723.0,0,0.0,0.0,0,0,0.0,1.0,1.0,0.0,0.0,0.0,0.0,0.0
652,1,652.0,652.0,0,0.0,0.0,0,0,0.0,1.0,1.0,0.0,0.0,0.0,0.0,0.0
886,1,886.0,886.0,0,0.0,0.0,0,0,0.0,0.0,0.0,0.0,0.0,0.0,0.0,0.0
18,1,18.0,18.0,0,0.0,0.0,0,0,0.0,1.0,1.0,0.0,0.0,0.0,0.0,0.0
1732,0,,,0,0.0,0.0,0,0,0.0,0.0,0.0,0.0,0.0,0.0,0.0,0.0
1893,0,,,0,0.0,0.0,0,0,0.0,0.0,0.0,0.0,0.0,0.0,0.0,0.0
75,1,75.0,75.0,0,0.0,0.0,0,0,0.0,0.0,0.0,0.0,0.0,0.0,0.0,0.0
6,1,6.0,6.0,0,0.0,0.0,0,0,0.0,0.0,0.0,0.0,0.0,0.0,0.0,0.0
561,1,561.0,561.0,0,0.0,0.0,0,0,0.0,1.0,1.0,0.0,0.0,0.0,0.0,0.0
1652,0,,,0,0.0,0.0,0,0,0.0,1.0,1.0,0.0,0.0,0.0,0.0,0.0
471,1,471.0,471.0,0,0.0,0.0,0,0,0.0,82200.0,82200.0,0.0,0.0,0.0,0.0,0.0
415,1,415.0,415.0,0,0.0,0.0,0,0,0.0,0.0,0.0,0.0,0.0,0.0,0.0,0.0
1883,0,,,0,0.0,0.0,0,0,0.0,0.0,0.0,0.0,0.0,0.0,0.0,0.0
678,1,678.0,678.0,0,0.0,0.0,0,0,0.0,0.0,0.0,0.0,0.0,0.0,0.0,0.0
1056,0,,,0,0.0,0.0,0,0,0.0,41003.0,41003.0,0.0,0.0,0.0,0.0,0.0
65,1,65.0,65.0,0,0.0,0.0,0,0,0.0,0.0,0.0,0.0,0.0,0.0,0.0,0.0
974,1,974.0,974.0,0,0.0,0.0,0,0,0.0,1.0,1.0,0.0,0.0,0.0,0.0,0.0
829,1,829.0,829.0,0,0.0,0.0,0,0,0.0,0.0,0.0,0.0,0.0,0.0,0.0,0.0
1037,0,,,0,0.0,0.0,0,0,0.0,1.0,1.0,0.0,0.0,0.0,0.0,0.0
1164,0,,,0,0.0,0.0,0,0,0.0,1.0,1.0,0.0,0.0,0.0,0.0,0.0
1197,0,,,0,0.0,0.0,0,0,0.0,43306.0,43306.0,0.0,0.0,0.0,0.0,0.0
1126,0,,,0,0.0,0.0,0,0,0.0,1.0,1.0,0.0,0.0,0.0,0.0,0.0
1310,0,,,0,0.0,0.0,0,0,0.0,1.0,1.0,0.0,0.0,0.0,0.0,0.0
1490,0,,,0,0.0,0.0,0,0,0.0,0.0,0.0,0.0,0.0,0.0,0.0,0.0
1949,0,,,0,0.0,0.0,0,0,0.0,0.0,0.0,0.0,0.0,0.0,0.0,0.0
1415,0,,,0,0.0,0.0,0,0,0.0,47112.001528273024,47124.0,0.0,0.0,0.0,0.0,0.0
1420,0,,,0,0.0,0.0,0,0,0.0,41003.0,41003.0,0.0,0.0,0.0,0.0,0.0
1678,0,,,0,0.0,0.0,0,0,0.0,1.0,1.0,0.0,0.0,0.0,0.0,0.0
1176,0,,,0,0.0,0.0,0,0,0.0,0.0,0.0,0.0,0.0,0.0,0.0,0.0
995,1,995.0,995.0,0,0.0,0.0,0,0,0.0,0.0,0.0,0.0,0.0,0.0,0.0,0.0
1539,0,,,0,0.0,0.0,0,0,0.0,0.0,0.0,0.0,0.0,0.0,0.0,0.0
1386,0,,,0,0.0,0.0,0,0,0.0,1.0,1.0,0.0,0.0,0.0,0.0,0.0
139,1,139.0,139.0,0,0.0,0.0,0,0,0.0,1.0,1.0,0.0,0.0,0.0,0.0,0.0
305,1,305.0,305.0,0,0.0,0.0,0,0,0.0,1.0,1.0,0.0,0.0,0.0,0.0,0.0
1945,0,,,0,0.0,0.0,0,0,0.0,0.0,0.0,0.0,0.0,0.0,0.0,0.0
1660,0,,,0,0.0,0.0,0,0,0.0,1.0,1.0,0.0,0.0,0.0,0.0,0.0
576,1,576.0,576.0,0,0.0,0.0,0,0,0.0,0.0,0.0,0.0,0.0,0.0,0.0,0.0
55,1,55.0,55.0,0,0.0,0.0,0,0,0.0,1.0,1.0,0.0,0.0,0.0,0.0,0.0
1531,0,,,0,0.0,0.0,0,0,0.0,1.0,1.0,0.0,0.0,0.0,0.0,0.0
1355,0,,,0,0.0,0.0,0,0,0.0,1.0,1.0,0.0,0.0,0.0,0.0,0.0
374,1,374.0,374.0,0,0.0,0.0,0,0,0.0,47734.0,47734.0,0.0,0.0,0.0,0.0,0.0
468,1,468.0,468.0,0,0.0,0.0,0,0,0.0,18112.0,18112.0,0.0,0.0,0.0,0.0,0.0
1819,0,,,0,0.0,0.0,0,0,0.0,1.0,1.0,0.0,0.0,0.0,0.0,0.0
1536,0,,,0,0.0,0.0,0,0,0.0,0.0,0.0,0.0,0.0,0.0,0.0,0.0
1877,0,,,0,0.0,0.0,0,0,0.0,0.0,0.0,0.0,0.0,0.0,0.0,0.0
1133,0,,,0,0.0,0.0,0,0,0.0,1.0,1.0,0.0,0.0,0.0,0.0,0.0
203,1,203.0,203.0,0,0.0,0.0,0,0,0.0,0.0,0.0,0.0,0.0,0.0,0.0,0.0
1516,0,,,0,0.0,0.0,0,0,0.0,55101.0,55101.0,0.0,0.0,0.0,0.0,0.0
1346,0,,,0,0.0,0.0,0,0,0.0,0.0,0.0,0.0,0.0,0.0,0.0,0.0
20,1,20.0,20.0,0,0.0,0.0,0,0,0.0,1.0,1.0,0.0,0.0,0.0,0.0,0.0
1557,0,,,0,0.0,0.0,0,0,0.0,0.0,0.0,0.0,0.0,0.0,0.0,0.0
1526,0,,,0,0.0,0.0,0,0,0.0,97006.0,97006.0,0.0,0.0,0.0,0.0,0.0
64,1,64.0,64.0,0,0.0,0.0,0,0,0.0,0.0,0.0,0.0,0.0,0.0,0.0,0.0
1693,0,,,0,0.0,0.0,0,0,0.0,1.0,1.0,0.0,0.0,0.0,0.0,0.0
437,1,437.0,437.0,0,0.0,0.0,0,0,0.0,1.0,1.0,0.0,0.0,0.0,0.0,0.0
57,1,57.0,57.0,0,0.0,0.0,0,0,0.0,0.0,0.0,0.0,0.0,0.0,0.0,0.0
1070,0,,,0,0.0,0.0,0,0,0.0,1.0,1.0,0.0,0.0,0.0,0.0,0.0
746,1,746.0,746.0,0,0.0,0.0,0,0,0.0,0.0,0.0,0.0,0.0,0.0,0.0,0.0
1817,0,,,0,0.0,0.0,0,0,0.0,47721.0,47721.0,0.0,0.0,0.0,0.0,0.0
755,1,755.0,755.0,0,0.0,0.0,0,0,0.0,0.0,0.0,0.0,0.0,0.0,0.0,0.0
1783,0,,,0,0.0,0.0,0,0,0.0,1.0,1.0,0.0,0.0,0.0,0.0,0.0
1025,0,,,0,0.0,0.0,0,0,0.0,0.0,0.0,0.0,0.0,0.0,0.0,0.0
326,1,326.0,326.0,0,0.0,0.0,0,0,0.0,0.0,0.0,0.0,0.0,0.0,0.0,0.0
1743,0,,,0,0.0,0.0,0,0,0.0,0.0,0.0,0.0,0.0,0.0,0.0,0.0
832,1,832.0,832.0,0,0.0,0.0,0,0,0.0,64191.0,64191.0,0.0,0.0,0.0,0.0,0.0
1507,0,,,0,0.0,0.0,0,0,0.0,1.0,1.0,0.0,0.0,0.0,0.0,0.0
1361,0,,,0,0.0,0.0,0,0,0.0,0.0,0.0,0.0,0.0,0.0,0.0,0.0
226,1,226.0,226.0,0,0.0,0.0,0,0,0.0,84230.0,84230.0,0.0,0.0,0.0,0.0,0.0
1964,0,,,0,0.0,0.0,0,0,0.0,1.0,1.0,0.0,0.0,0.0,0.0,0.0
31,1,31.0,31.0,0,0.0,0.0,0,0,0.0,1.0,1.0,0.0,0.0,0.0,0.0,0.0
206,1,206.0,206.0,0,0.0,0.0,0,0,0.0,0.0,0.0,0.0,0.0,0.0,0.0,0.0
1395,0,,,0,0.0,0.0,0,0,0.0,85102.0,85102.0,0.0,0.0,0.0,0.0,0.0
33,1,33.0,33.0,0,0.0,0.0,0,0,0.0,0.0,0.0,0.0,0.0,0.0,0.0,0.0
1638,0,,,0,0.0,0.0,0,0,0.0,0.0,0.0,0.0,0.0,0.0,0.0,0.0
1224,0,,,0,0.0,0.0,0,0,0.0,1.0,1.0,0.0,0.0,0.0,0.0,0.0
279,1,279.0,279.0,0,0.0,0.0,0,0,0.0,1.0,1.0,0.0,0.0,0.0,0.0,0.0
1656,0,,,0,0.0,0.0,0,0,0.0,1.0,1.0,0.0,0.0,0.0,0.0,0.0
1927,0,,,0,0.0,0.0,0,0,0.0,0.0,0.0,0.0,0.0,0.0,0.0,0.0
1030,0,,,0,0.0,0.0,0,0,0.0,1.0,1.0,0.0,0.0,0.0,0.0,0.0
727,1,727.0,727.0,0,0.0,0.0,0,0,0.0,1.0,1.0,0.0,0.0,0.0,0.0,0.0
651,1,651.0,651.0,0,0.0,0.0,0,0,0.0,49221.0,49221.0,0.0,0.0,0.0,0.0,0.0
1626,0,,,0,0.0,0.0,0,0,0.0,0.0,0.0,0.0,0.0,0.0,0.0,0.0
1186,0,,,0,0.0,0.0,0,0,0.0,23933.0,23933.0,0.0,0.0,0.0,0.0,0.0
785,1,785.0,785.0,0,0.0,0.0,0,0,0.0,16.0312195418814,17.0,0.0,0.0,0.0,0.0,0.0
1298,0,,,0,0.0,0.0,0,0,0.0,1.0,1.0,0.0,0.0,0.0,0.0,0.0
1826,0,,,0,0.0,0.0,0,0,0.0,84230.0,84230.0,0.0,0.0,0.0,0.0,0.0
649,1,649.0,649.0,0,0.0,0.0,0,0,0.0,0.0,0.0,0.0,0.0,0.0,0.0,0.0
416,1,416.0,416.0,0,0.0,0.0,0,0,0.0,0.0,0.0,0.0,0.0,0.0,0.0,0.0
1601,0,,,0,0.0,0.0,0,0,0.0,0.0,0.0,0.0,0.0,0.0,0.0,0.0
1863,0,,,0,0.0,0.0,0,0,0.0,10.04987562112089,11.0,0.0,0.0,0.0,0.0,0.0
403,1,403.0,403.0,0,0.0,0.0,0,0,0.0,23933.0,23933.0,0.0,0.0,0.0,0.0,0.0
452,1,452.0,452.0,0,0.0,0.0,0,0,0.0,0.0,0.0,0.0,0.0,0.0,0.0,0.0
1274,0,,,0,0.0,0.0,0,0,0.0,31007.0,31007.0,0.0,0.0,0.0,0.0,0.0
34,1,34.0,34.0,0,0.0,0.0,0,0,0.0,0.0,0.0,0.0,0.0,0.0,0.0,0.0
1349,0,,,0,0.0,0.0,0,0,0.0,8.06225774829855,9.0,0.0,0.0,0.0,0.0,0.0
1213,0,,,0,0.0,0.0,0,0,0.0,0.0,0.0,0.0,0.0,0.0,0.0,0.0
444,1,444.0,444.0,0,0.0,0.0,0,0,0.0,0.0,0.0,0.0,0.0,0.0,0.0,0.0
704,1,704.0,704.0,0,0.0,0.0,0,0,0.0,1.0,1.0,0.0,0.0,0.0,0.0,0.0
751,1,751.0,751.0,0,0.0,0.0,0,0,0.0,0.0,0.0,0.0,0.0,0.0,0.0,0.0
329,1,329.0,329.0,0,0.0,0.0,0,0,0.0,0.0,0.0,0.0,0.0,0.0,0.0,0.0
1063,0,,,0,0.0,0.0,0,0,0.0,0.0,0.0,0.0,0.0,0.0,0.0,0.0
1453,0,,,0,0.0,0.0,0,0,0.0,0.0,0.0,0.0,0.0,0.0,0.0,0.0
1554,0,,,0,0.0,0.0,0,0,0.0,0.0,0.0,0.0,0.0,0.0,0.0,0.0
1051,0,,,0,0.0,0.0,0,0,0.0,1.0,1.0,0.0,0.0,0.0,0.0,0.0
1975,0,,,0,0.0,0.0,0,0,0.0,1.0,1.0,0.0,0.0,0.0,0.0,0.0
32,1,32.0,32.0,0,0.0,0.0,0,0,0.0,49222.0,49222.0,0.0,0.0,0.0,0.0,0.0
947,1,947.0,947.0,0,0.0,0.0,0,0,0.0,0.0,0.0,0.0,0.0,0.0,0.0,0.0
916,1,916.0,916.0,0,0.0,0.0,0,0,0.0,1.0,1.0,0.0,0.0,0.0,0.0,0.0
982,1,982.0,982.0,0,0.0,0.0,0,0,0.0,1.0,1.0,0.0,0.0,0.0,0.0,0.0
666,1,666.0,666.0,0,0.0,0.0,0,0,0.0,84130.0,84130.0,0.0,0.0,0.0,0.0,0.0
523,1,523.0,523.0,0,0.0,0.0,0,0,0.0,45402.0,45402.0,0.0,0.0,0.0,0.0,0.0
1679,0,,,0,0.0,0.0,0,0,0.0,0.0,0.0,0.0,0.0,0.0,0.0,0.0
1653,0,,,0,0.0,0.0,0,0,0.0,1.0,1.0,0.0,0.0,0.0,0.0,0.0
1668,0,,,0,0.0,0.0,0,0,0.0,46496.0,46496.0,0.0,0.0,0.0,0.0,0.0
943,1,943.0,943.0,0,0.0,0.0,0,0,0.0,84230.0,84230.0,0.0,0.0,0.0,0.0,0.0
854,1,854.0,854.0,0,0.0,0.0,0,0,0.0,0.0,0.0,0.0,0.0,0.0,0.0,0.0
213,1,213.0,213.0,0,0.0,0.0,0,0,0.0,0.0,0.0,0.0,0.0,0.0,0.0,0.0
168,1,168.0,168.0,0,0.0,0.0,0,0,0.0,0.0,0.0,0.0,0.0,0.0,0.0,0.0
1075,0,,,0,0.0,0.0,0,0,0.0,0.0,0.0,0.0,0.0,0.0,0.0,0.0
568,1,568.0,568.0,0,0.0,0.0,0,0,0.0,0.0,0.0,0.0,0.0,0.0,0.0,0.0
1509,0,,,0,0.0,0.0,0,0,0.0,1.0,1.0,0.0,0.0,0.0,0.0,0.0
1008,0,,,0,0.0,0.0,0,0,0.0,41003.0,41003.0,0.0,0.0,0.0,0.0,0.0
1881,0,,,0,0.0,0.0,0,0,0.0,47529.0,47529.0,0.0,0.0,0.0,0.0,0.0
277,1,277.0,277.0,0,0.0,0.0,0,0,0.0,0.0,0.0,0.0,0.0,0.0,0.0,0.0
869,1,869.0,869.0,0,0.0,0.0,0,0,0.0,0.0,0.0,0.0,0.0,0.0,0.0,0.0
1041,0,,,0,0.0,0.0,0,0,0.0,0.0,0.0,0.0,0.0,0.0,0.0,0.0
838,1,838.0,838.0,0,0.0,0.0,0,0,0.0,0.0,0.0,0.0,0.0,0.0,0.0,0.0
698,1,698.0,698.0,0,0.0,0.0,0,0,0.0,0.0,0.0,0.0,0.0,0.0,0.0,0.0
582,1,582.0,582.0,0,0.0,0.0,0,0,0.0,58111.0,58111.0,0.0,0.0,0.0,0.0,0.0
1211,0,,,0,0.0,0.0,0,0,0.0,0.0,0.0,0.0,0.0,0.0,0.0,0.0
1916,0,,,0,0.0,0.0,0,0,0.0,0.0,0.0,0.0,0.0,0.0,0.0,0.0
868,1,868.0,868.0,0,0.0,0.0,0,0,0.0,97004.0,97004.0,0.0,0.0,0.0,0.0,0.0
533,1,533.0,533.0,0,0.0,0.0,0,0,0.0,47711.0,47711.0,0.0,0.0,0.0,0.0,0.0
677,1,677.0,677.0,0,0.0,0.0,0,0,0.0,13.038404810405298,14.0,0.0,0.0,0.0,0.0,0.0
1896,0,,,0,0.0,0.0,0,0,0.0,13945.0,13945.0,0.0,0.0,0.0,0.0,0.0
90,1,90.0,90.0,0,0.0,0.0,0,0,0.0,1.0,1.0,0.0,0.0,0.0,0.0,0.0
1067,0,,,0,0.0,0.0,0,0,0.0,1.0,1.0,0.0,0.0,0.0,0.0,0.0
1192,0,,,0,0.0,0.0,0,0,0.0,1.0,1.0,0.0,0.0,0.0,0.0,0.0
834,1,834.0,834.0,0,0.0,0.0,0,0,0.0,47529.0,47529.0,0.0,0.0,0.0,0.0,0.0
1348,0,,,0,0.0,0.0,0,0,0.0,13.038404810405298,14.0,0.0,0.0,0.0,0.0,0.0
1369,0,,,0,0.0,0.0,0,0,0.0,14.035668847618199,15.0,0.0,0.0,0.0,0.0,0.0
127,1,127.0,127.0,0,0.0,0.0,0,0,0.0,0.0,0.0,0.0,0.0,0.0,0.0,0.0
812,1,812.0,812.0,0,0.0,0.0,0,0,0.0,85492.0,85492.0,0.0,0.0,0.0,0.0,0.0
1486,0,,,0,0.0,0.0,0,0,0.0,0.0,0.0,0.0,0.0,0.0,0.0,0.0
21,1,21.0,21.0,0,0.0,0.0,0,0,0.0,0.0,0.0,0.0,0.0,0.0,0.0,0.0
1655,0,,,0,0.0,0.0,0,0,0.0,1.0,1.0,0.0,0.0,0.0,0.0,0.0
779,1,779.0,779.0,0,0.0,0.0,0,0,0.0,46521.0,46521.0,0.0,0.0,0.0,0.0,0.0
1718,0,,,0,0.0,0.0,0,0,0.0,1.0,1.0,0.0,0.0,0.0,0.0,0.0
1368,0,,,0,0.0,0.0,0,0,0.0,1.0,1.0,0.0,0.0,0.0,0.0,0.0
1354,0,,,0,0.0,0.0,0,0,0.0,1.0,1.0,0.0,0.0,0.0,0.0,0.0
36,1,36.0,36.0,0,0.0,0.0,0,0,0.0,1.0,1.0,0.0,0.0,0.0,0.0,0.0
1936,0,,,0,0.0,0.0,0,0,0.0,0.0,0.0,0.0,0.0,0.0,0.0,0.0
1966,0,,,0,0.0,0.0,0,0,0.0,0.0,0.0,0.0,0.0,0.0,0.0,0.0
1750,0,,,0,0.0,0.0,0,0,0.0,0.0,0.0,0.0,0.0,0.0,0.0,0.0
1333,0,,,0,0.0,0.0,0,0,0.0,0.0,0.0,0.0,0.0,0.0,0.0,0.0
773,1,773.0,773.0,0,0.0,0.0,0,0,0.0,1.0,1.0,0.0,0.0,0.0,0.0,0.0
826,1,826.0,826.0,0,0.0,0.0,0,0,0.0,1.0,1.0,0.0,0.0,0.0,0.0,0.0
281,1,281.0,281.0,0,0.0,0.0,0,0,0.0,47591.0,47591.0,0.0,0.0,0.0,0.0,0.0
382,1,382.0,382.0,0,0.0,0.0,0,0,0.0,0.0,0.0,0.0,0.0,0.0,0.0,0.0
893,1,893.0,893.0,0,0.0,0.0,0,0,0.0,84230.0,84230.0,0.0,0.0,0.0,0.0,0.0
1689,0,,,0,0.0,0.0,0,0,0.0,0.0,0.0,0.0,0.0,0.0,0.0,0.0
189,1,189.0,189.0,0,0.0,0.0,0,0,0.0,0.0,0.0,0.0,0.0,0.0,0.0,0.0
1299,0,,,0,0.0,0.0,0,0,0.0,0.0,0.0,0.0,0.0,0.0,0.0,0.0
1277,0,,,0,0.0,0.0,0,0,0.0,0.0,0.0,0.0,0.0,0.0,0.0,0.0
830,1,830.0,830.0,0,0.0,0.0,0,0,0.0,47113.0,47113.0,0.0,0.0,0.0,0.0,0.0
1722,0,,,0,0.0,0.0,0,0,0.0,0.0,0.0,0.0,0.0,0.0,0.0,0.0
1253,0,,,0,0.0,0.0,0,0,0.0,0.0,0.0,0.0,0.0,0.0,0.0,0.0
896,1,896.0,896.0,0,0.0,0.0,0,0,0.0,49221.0,49221.0,0.0,0.0,0.0,0.0,0.0
903,1,903.0,903.0,0,0.0,0.0,0,0,0.0,0.0,0.0,0.0,0.0,0.0,0.0,0.0
324,1,324.0,324.0,0,0.0,0.0,0,0,0.0,41002.0,41002.0,0.0,0.0,0.0,0.0,0.0
556,1,556.0,556.0,0,0.0,0.0,0,0,0.0,0.0,0.0,0.0,0.0,0.0,0.0,0.0
1669,0,,,0,0.0,0.0,0,0,0.0,0.0,0.0,0.0,0.0,0.0,0.0,0.0
1221,0,,,0,0.0,0.0,0,0,0.0,0.0,0.0,0.0,0.0,0.0,0.0,0.0
1710,0,,,0,0.0,0.0,0,0,0.0,1.0,1.0,0.0,0.0,0.0,0.0,0.0
1263,0,,,0,0.0,0.0,0,0,0.0,23933.0,23933.0,0.0,0.0,0.0,0.0,0.0
274,1,274.0,274.0,0,0.0,0.0,0,0,0.0,0.0,0.0,0.0,0.0,0.0,0.0,0.0
973,1,973.0,973.0,0,0.0,0.0,0,0,0.0,0.0,0.0,0.0,0.0,0.0,0.0,0.0
1409,0,,,0,0.0,0.0,0,0,0.0,0.0,0.0,0.0,0.0,0.0,0.0,0.0
1720,0,,,0,0.0,0.0,0,0,0.0,1.0,1.0,0.0,0.0,0.0,0.0,0.0
1687,0,,,0,0.0,0.0,0,0,0.0,0.0,0.0,0.0,0.0,0.0,0.0,0.0
1103,0,,,0,0.0,0.0,0,0,0.0,45201.00133846595,45212.0,0.0,0.0,0.0,0.0,0.0
1396,0,,,0,0.0,0.0,0,0,0.0,0.0,0.0,0.0,0.0,0.0,0.0,0.0
104,1,104.0,104.0,0,0.0,0.0,0,0,0.0,97006.0,97006.0,0.0,0.0,0.0,0.0,0.0
1567,0,,,0,0.0,0.0,0,0,0.0,1.0,1.0,0.0,0.0,0.0,0.0,0.0
405,1,405.0,405.0,0,0.0,0.0,0,0,0.0,1.0,1.0,0.0,0.0,0.0,0.0,0.0
1352,0,,,0,0.0,0.0,0,0,0.0,1.0,1.0,0.0,0.0,0.0,0.0,0.0
894,1,894.0,894.0,0,0.0,0.0,0,0,0.0,47113.0,47113.0,0.0,0.0,0.0,0.0,0.0
1306,0,,,0,0.0,0.0,0,0,0.0,1.0,1.0,0.0,0.0,0.0,0.0,0.0
3,1,3.0,3.0,0,0.0,0.0,0,0,0.0,6.082762530298219,7.0,0.0,0.0,0.0,0.0,0.0
208,1,208.0,208.0,0,0.0,0.0,0,0,0.0,0.0,0.0,0.0,0.0,0.0,0.0,0.0
150,1,150.0,150.0,0,0.0,0.0,0,0,0.0,14101.0,14101.0,0.0,0.0,0.0,0.0,0.0
950,1,950.0,950.0,0,0.0,0.0,0,0,0.0,1.0,1.0,0.0,0.0,0.0,0.0,0.0
688,1,688.0,688.0,0,0.0,0.0,0,0,0.0,0.0,0.0,0.0,0.0,0.0,0.0,0.0
407,1,407.0,407.0,0,0.0,0.0,0,0,0.0,0.0,0.0,0.0,0.0,0.0,0.0,0.0
67,1,67.0,67.0,0,0.0,0.0,0,0,0.0,49222.0,49222.0,0.0,0.0,0.0,0.0,0.0
356,1,356.0,356.0,0,0.0,0.0,0,0,0.0,0.0,0.0,0.0,0.0,0.0,0.0,0.0
1968,0,,,0,0.0,0.0,0,0,0.0,84130.0,84130.0,0.0,0.0,0.0,0.0,0.0
252,1,252.0,252.0,0,0.0,0.0,0,0,0.0,0.0,0.0,0.0,0.0,0.0,0.0,0.0
1942,0,,,0,0.0,0.0,0,0,0.0,0.0,0.0,0.0,0.0,0.0,0.0,0.0
714,1,714.0,714.0,0,0.0,0.0,0,0,0.0,0.0,0.0,0.0,0.0,0.0,0.0,0.0
85,1,85.0,85.0,0,0.0,0.0,0,0,0.0,1.0,1.0,0.0,0.0,0.0,0.0,0.0
781,1,781.0,781.0,0,0.0,0.0,0,0,0.0,1.0,1.0,0.0,0.0,0.0,0.0,0.0
1532,0,,,0,0.0,0.0,0,0,0.0,0.0,0.0,0.0,0.0,0.0,0.0,0.0
593,1,593.0,593.0,0,0.0,0.0,0,0,0.0,0.0,0.0,0.0,0.0,0.0,0.0,0.0
97,1,97.0,97.0,0,0.0,0.0,0,0,0.0,0.0,0.0,0.0,0.0,0.0,0.0,0.0
1933,0,,,0,0.0,0.0,0,0,0.0,0.0,0.0,0.0,0.0,0.0,0.0,0.0
1291,0,,,0,0.0,0.0,0,0,0.0,84130.0,84130.0,0.0,0.0,0.0,0.0,0.0
1003,0,,,0,0.0,0.0,0,0,0.0,1.0,1.0,0.0,0.0,0.0,0.0,0.0
1887,0,,,0,0.0,0.0,0,0,0.0,0.0,0.0,0.0,0.0,0.0,0.0,0.0
691,1,691.0,691.0,0,0.0,0.0,0,0,0.0,1.0,1.0,0.0,0.0,0.0,0.0,0.0
815,1,815.0,815.0,0,0.0,0.0,0,0,0.0,84120.0,84120.0,0.0,0.0,0.0,0.0,0.0
1813,0,,,0,0.0,0.0,0,0,0.0,0.0,0.0,0.0,0.0,0.0,0.0,0.0
892,1,892.0,892.0,0,0.0,0.0,0,0,0.0,1.0,1.0,0.0,0.0,0.0,0.0,0.0
791,1,791.0,791.0,0,0.0,0.0,0,0,0.0,0.0,0.0,0.0,0.0,0.0,0.0,0.0
148,1,148.0,148.0,0,0.0,0.0,0,0,0.0,1.0,1.0,0.0,0.0,0.0,0.0,0.0
1050,0,,,0,0.0,0.0,0,0,0.0,0.0,0.0,0.0,0.0,0.0,0.0,0.0
1873,0,,,0,0.0,0.0,0,0,0.0,0.0,0.0,0.0,0.0,0.0,0.0,0.0
1296,0,,,0,0.0,0.0,0,0,0.0,0.0,0.0,0.0,0.0,0.0,0.0,0.0
1833,0,,,0,0.0,0.0,0,0,0.0,46303.0,46303.0,0.0,0.0,0.0,0.0,0.0
1977,0,,,0,0.0,0.0,0,0,0.0,9.055385138137417,10.0,0.0,0.0,0.0,0.0,0.0
1503,0,,,0,0.0,0.0,0,0,0.0,1291.0,1291.0,0.0,0.0,0.0,0.0,0.0
242,1,242.0,242.0,0,0.0,0.0,0,0,0.0,1.0,1.0,0.0,0.0,0.0,0.0,0.0
466,1,466.0,466.0,0,0.0,0.0,0,0,0.0,10.04987562112089,11.0,0.0,0.0,0.0,0.0,0.0
1157,0,,,0,0.0,0.0,0,0,0.0,1.0,1.0,0.0,0.0,0.0,0.0,0.0
1519,0,,,0,0.0,0.0,0,0,0.0,0.0,0.0,0.0,0.0,0.0,0.0,0.0
1272,0,,,0,0.0,0.0,0,0,0.0,0.0,0.0,0.0,0.0,0.0,0.0,0.0
1552,0,,,0,0.0,0.0,0,0,0.0,47113.0,47113.0,0.0,0.0,0.0,0.0,0.0
1610,0,,,0,0.0,0.0,0,0,0.0,0.0,0.0,0.0,0.0,0.0,0.0,0.0
1199,0,,,0,0.0,0.0,0,0,0.0,0.0,0.0,0.0,0.0,0.0,0.0,0.0
1760,0,,,0,0.0,0.0,0,0,0.0,1.0,1.0,0.0,0.0,0.0,0.0,0.0
976,1,976.0,976.0,0,0.0,0.0,0,0,0.0,0.0,0.0,0.0,0.0,0.0,0.0,0.0
515,1,515.0,515.0,0,0.0,0.0,0,0,0.0,0.0,0.0,0.0,0.0,0.0,0.0,0.0
371,1,371.0,371.0,0,0.0,0.0,0,0,0.0,18112.0,18112.0,0.0,0.0,0.0,0.0,0.0
1828,0,,,0,0.0,0.0,0,0,0.0,0.0,0.0,0.0,0.0,0.0,0.0,0.0
1571,0,,,0,0.0,0.0,0,0,0.0,0.0,0.0,0.0,0.0,0.0,0.0,0.0
398,1,398.0,398.0,0,0.0,0.0,0,0,0.0,1.0,1.0,0.0,0.0,0.0,0.0,0.0
372,1,372.0,372.0,0,0.0,0.0,0,0,0.0,10711.0,10711.0,0.0,0.0,0.0,0.0,0.0
710,1,710.0,710.0,0,0.0,0.0,0,0,0.0,0.0,0.0,0.0,0.0,0.0,0.0,0.0
1802,0,,,0,0.0,0.0,0,0,0.0,0.0,0.0,0.0,0.0,0.0,0.0,0.0
1309,0,,,0,0.0,0.0,0,0,0.0,1.0,1.0,0.0,0.0,0.0,0.0,0.0
1089,0,,,0,0.0,0.0,0,0,0.0,1.0,1.0,0.0,0.0,0.0,0.0,0.0
35,1,35.0,35.0,0,0.0,0.0,0,0,0.0,1.0,1.0,0.0,0.0,0.0,0.0,0.0
1268,0,,,0,0.0,0.0,0,0,0.0,84130.0,84130.0,0.0,0.0,0.0,0.0,0.0
1463,0,,,0,0.0,0.0,0,0,0.0,0.0,0.0,0.0,0.0,0.0,0.0,0.0
889,1,889.0,889.0,0,0.0,0.0,0,0,0.0,1.0,1.0,0.0,0.0,0.0,0.0,0.0
633,1,633.0,633.0,0,0.0,0.0,0,0,0.0,84110.0,84110.0,0.0,0.0,0.0,0.0,0.0
1522,0,,,0,0.0,0.0,0,0,0.0,55101.0,55101.0,0.0,0.0,0.0,0.0,0.0
1593,0,,,0,0.0,0.0,0,0,0.0,1.0,1.0,0.0,0.0,0.0,0.0,0.0
1469,0,,,0,0.0,0.0,0,0,0.0,0.0,0.0,0.0,0.0,0.0,0.0,0.0
1810,0,,,0,0.0,0.0,0,0,0.0,0.0,0.0,0.0,0.0,0.0,0.0,0.0
229,1,229.0,229.0,0,0.0,0.0,0,0,0.0,0.0,0.0,0.0,0.0,0.0,0.0,0.0
1938,0,,,0,0.0,0.0,0,0,0.0,46492.0,46492.0,0.0,0.0,0.0,0.0,0.0
1117,0,,,0,0.0,0.0,0,0,0.0,45203.0,45203.0,0.0,0.0,0.0,0.0,0.0
1989,0,,,0,0.0,0.0,0,0,0.0,0.0,0.0,0.0,0.0,0.0,0.0,0.0
48,1,48.0,48.0,0,0.0,0.0,0,0,0.0,0.0,0.0,0.0,0.0,0.0,0.0,0.0
1311,0,,,0,0.0,0.0,0,0,0.0,1.0,1.0,0.0,0.0,0.0,0.0,0.0
1042,0,,,0,0.0,0.0,0,0,0.0,84130.0,84130.0,0.0,0.0,0.0,0.0,0.0
16,1,16.0,16.0,0,0.0,0.0,0,0,0.0,0.0,0.0,0.0,0.0,0.0,0.0,0.0
1541,0,,,0,0.0,0.0,0,0,0.0,1.0,1.0,0.0,0.0,0.0,0.0,0.0
1640,0,,,0,0.0,0.0,0,0,0.0,84120.0,84120.0,0.0,0.0,0.0,0.0,0.0
601,1,601.0,601.0,0,0.0,0.0,0,0,0.0,0.0,0.0,0.0,0.0,0.0,0.0,0.0
1331,0,,,0,0.0,0.0,0,0,0.0,1.0,1.0,0.0,0.0,0.0,0.0,0.0
1585,0,,,0,0.0,0.0,0,0,0.0,16291.0,16291.0,0.0,0.0,0.0,0.0,0.0
848,1,848.0,848.0,0,0.0,0.0,0,0,0.0,1.0,1.0,0.0,0.0,0.0,0.0,0.0
1607,0,,,0,0.0,0.0,0,0,0.0,0.0,0.0,0.0,0.0,0.0,0.0,0.0
1179,0,,,0,0.0,0.0,0,0,0.0,86202.0,86202.0,0.0,0.0,0.0,0.0,0.0
969,1,969.0,969.0,0,0.0,0.0,0,0,0.0,1.0,1.0,0.0,0.0,0.0,0.0,0.0
360,1,360.0,360.0,0,0.0,0.0,0,0,0.0,0.0,0.0,0.0,0.0,0.0,0.0,0.0
1300,0,,,0,0.0,0.0,0,0,0.0,0.0,0.0,0.0,0.0,0.0,0.0,0.0
475,1,475.0,475.0,0,0.0,0.0,0,0,0.0,0.0,0.0,0.0,0.0,0.0,0.0,0.0
796,1,796.0,796.0,0,0.0,0.0,0,0,0.0,47113.0,47113.0,0.0,0.0,0.0,0.0,0.0
1777,0,,,0,0.0,0.0,0,0,0.0,47711.0,47711.0,0.0,0.0,0.0,0.0,0.0
448,1,448.0,448.0,0,0.0,0.0,0,0,0.0,5.0990195135927845,6.0,0.0,0.0,0.0,0.0,0.0
526,1,526.0,526.0,0,0.0,0.0,0,0,0.0,0.0,0.0,0.0,0.0,0.0,0.0,0.0
1928,0,,,0,0.0,0.0,0,0,0.0,43301.0,43301.0,0.0,0.0,0.0,0.0,0.0
1209,0,,,0,0.0,0.0,0,0,0.0,0.0,0.0,0.0,0.0,0.0,0.0,0.0
1798,0,,,0,0.0,0.0,0,0,0.0,1.0,1.0,0.0,0.0,0.0,0.0,0.0
1370,0,,,0,0.0,0.0,0,0,0.0,47598.0,47598.0,0.0,0.0,0.0,0.0,0.0
1759,0,,,0,0.0,0.0,0,0,0.0,1.0,1.0,0.0,0.0,0.0,0.0,0.0
1697,0,,,0,0.0,0.0,0,0,0.0,0.0,0.0,0.0,0.0,0.0,0.0,0.0
233,1,233.0,233.0,0,0.0,0.0,0,0,0.0,0.0,0.0,0.0,0.0,0.0,0.0,0.0
1388,0,,,0,0.0,0.0,0,0,0.0,1.0,1.0,0.0,0.0,0.0,0.0,0.0
1054,0,,,0,0.0,0.0,0,0,0.0,55101.0,55101.0,0.0,0.0,0.0,0.0,0.0
1814,0,,,0,0.0,0.0,0,0,0.0,10711.0,10711.0,0.0,0.0,0.0,0.0,0.0
456,1,456.0,456.0,0,0.0,0.0,0,0,0.0,1.0,1.0,0.0,0.0,0.0,0.0,0.0
1398,0,,,0,0.0,0.0,0,0,0.0,1.0,1.0,0.0,0.0,0.0,0.0,0.0
1583,0,,,0,0.0,0.0,0,0,0.0,0.0,0.0,0.0,0.0,0.0,0.0,0.0
1608,0,,,0,0.0,0.0,0,0,0.0,11.045361017187261,12.0,0.0,0.0,0.0,0.0,0.0
1886,0,,,0,0.0,0.0,0,0,0.0,1.0,1.0,0.0,0.0,0.0,0.0,0.0
519,1,519.0,519.0,0,0.0,0.0,0,0,0.0,1.0,1.0,0.0,0.0,0.0,0.0,0.0
1538,0,,,0,0.0,0.0,0,0,0.0,1.0,1.0,0.0,0.0,0.0,0.0,0.0
1237,0,,,0,0.0,0.0,0,0,0.0,8.06225774829855,9.0,0.0,0.0,0.0,0.0,0.0
198,1,198.0,198.0,0,0.0,0.0,0,0,0.0,0.0,0.0,0.0,0.0,0.0,0.0,0.0
311,1,311.0,311.0,0,0.0,0.0,0,0,0.0,0.0,0.0,0.0,0.0,0.0,0.0,0.0
1266,0,,,0,0.0,0.0,0,0,0.0,97006.00087108013,97019.0,0.0,0.0,0.0,0.0,0.0
1609,0,,,0,0.0,0.0,0,0,0.0,1.0,1.0,0.0,0.0,0.0,0.0,0.0
427,1,427.0,427.0,0,0.0,0.0,0,0,0.0,0.0,0.0,0.0,0.0,0.0,0.0,0.0
762,1,762.0,762.0,0,0.0,0.0,0,0,0.0,0.0,0.0,0.0,0.0,0.0,0.0,0.0
613,1,613.0,613.0,0,0.0,0.0,0,0,0.0,1.0,1.0,0.0,0.0,0.0,0.0,0.0
663,1,663.0,663.0,0,0.0,0.0,0,0,0.0,1.0,1.0,0.0,0.0,0.0,0.0,0.0
952,1,952.0,952.0,0,0.0,0.0,0,0,0.0,1.0,1.0,0.0,0.0,0.0,0.0,0.0
220,1,220.0,220.0,0,0.0,0.0,0,0,0.0,1.0,1.0,0.0,0.0,0.0,0.0,0.0
1934,0,,,0,0.0,0.0,0,0,0.0,43306.00416801347,43325.0,0.0,0.0,0.0,0.0,0.0
400,1,400.0,400.0,0,0.0,0.0,0,0,0.0,1.0,1.0,0.0,0.0,0.0,0.0,0.0
1704,0,,,0,0.0,0.0,0,0,0.0,1.0,1.0,0.0,0.0,0.0,0.0,0.0
1753,0,,,0,0.0,0.0,0,0,0.0,85101.0,85101.0,0.0,0.0,0.0,0.0,0.0
975,1,975.0,975.0,0,0.0,0.0,0,0,0.0,0.0,0.0,0.0,0.0,0.0,0.0,0.0
1864,0,,,0,0.0,0.0,0,0,0.0,0.0,0.0,0.0,0.0,0.0,0.0,0.0
315,1,315.0,315.0,0,0.0,0.0,0,0,0.0,47113.0,47113.0,0.0,0.0,0.0,0.0,0.0
1212,0,,,0,0.0,0.0,0,0,0.0,0.0,0.0,0.0,0.0,0.0,0.0,0.0
1399,0,,,0,0.0,0.0,0,0,0.0,1.0,1.0,0.0,0.0,0.0,0.0,0.0
614,1,614.0,614.0,0,0.0,0.0,0,0,0.0,10629.0,10629.0,0.0,0.0,0.0,0.0,0.0
76,1,76.0,76.0,0,0.0,0.0,0,0,0.0,0.0,0.0,0.0,0.0,0.0,0.0,0.0
1730,0,,,0,0.0,0.0,0,0,0.0,1.0,1.0,0.0,0.0,0.0,0.0,0.0
1505,0,,,0,0.0,0.0,0,0,0.0,1.0,1.0,0.0,0.0,0.0,0.0,0.0
1228,0,,,0,0.0,0.0,0,0,0.0,1.0,1.0,0.0,0.0,0.0,0.0,0.0
788,1,788.0,788.0,0,0.0,0.0,0,0,0.0,1.0,1.0,0.0,0.0,0.0,0.0,0.0
632,1,632.0,632.0,0,0.0,0.0,0,0,0.0,1.0,1.0,0.0,0.0,0.0,0.0,0.0
1294,0,,,0,0.0,0.0,0,0,0.0,1.0,1.0,0.0,0.0,0.0,0.0,0.0
1442,0,,,0,0.0,0.0,0,0,0.0,0.0,0.0,0.0,0.0,0.0,0.0,0.0
1285,0,,,0,0.0,0.0,0,0,0.0,1.0,1.0,0.0,0.0,0.0,0.0,0.0
899,1,899.0,899.0,0,0.0,0.0,0,0,0.0,1.0,1.0,0.0,0.0,0.0,0.0,0.0
1892,0,,,0,0.0,0.0,0,0,0.0,1.0,1.0,0.0,0.0,0.0,0.0,0.0
862,1,862.0,862.0,0,0.0,0.0,0,0,0.0,1.0,1.0,0.0,0.0,0.0,0.0,0.0
207,1,207.0,207.0,0,0.0,0.0,0,0,0.0,1.0,1.0,0.0,0.0,0.0,0.0,0.0
1431,0,,,0,0.0,0.0,0,0,0.0,0.0,0.0,0.0,0.0,0.0,0.0,0.0
483,1,483.0,483.0,0,0.0,0.0,0,0,0.0,0.0,0.0,0.0,0.0,0.0,0.0,0.0
1542,0,,,0,0.0,0.0,0,0,0.0,97004.0,97004.0,0.0,0.0,0.0,0.0,0.0
1596,0,,,0,0.0,0.0,0,0,0.0,0.0,0.0,0.0,0.0,0.0,0.0,0.0
979,1,979.0,979.0,0,0.0,0.0,0,0,0.0,1.0,1.0,0.0,0.0,0.0,0.0,0.0
986,1,986.0,986.0,0,0.0,0.0,0,0,0.0,1.0,1.0,0.0,0.0,0.0,0.0,0.0
1723,0,,,0,0.0,0.0,0,0,0.0,0.0,0.0,0.0,0.0,0.0,0.0,0.0
1290,0,,,0,0.0,0.0,0,0,0.0,0.0,0.0,0.0,0.0,0.0,0.0,0.0
667,1,667.0,667.0,0,0.0,0.0,0,0,0.0,0.0,0.0,0.0,0.0,0.0,0.0,0.0
1523,0,,,0,0.0,0.0,0,0,0.0,46521.0,46521.0,0.0,0.0,0.0,0.0,0.0
1958,0,,,0,0.0,0.0,0,0,0.0,4.123105625617661,5.0,0.0,0.0,0.0,0.0,0.0
1637,0,,,0,0.0,0.0,0,0,0.0,1.0,1.0,0.0,0.0,0.0,0.0,0.0
265,1,265.0,265.0,0,0.0,0.0,0,0,0.0,0.0,0.0,0.0,0.0,0.0,0.0,0.0
1917,0,,,0,0.0,0.0,0,0,0.0,0.0,0.0,0.0,0.0,0.0,0.0,0.0
594,1,594.0,594.0,0,0.0,0.0,0,0,0.0,0.0,0.0,0.0,0.0,0.0,0.0,0.0
192,1,192.0,192.0,0,0.0,0.0,0,0,0.0,10712.0,10712.0,0.0,0.0,0.0,0.0,0.0
722,1,722.0,722.0,0,0.0,0.0,0,0,0.0,1.0,1.0,0.0,0.0,0.0,0.0,0.0
1568,0,,,0,0.0,0.0,0,0,0.0,49221.0,49221.0,0.0,0.0,0.0,0.0,0.0
540,1,540.0,540.0,0,0.0,0.0,0,0,0.0,1.0,1.0,0.0,0.0,0.0,0.0,0.0
1684,0,,,0,0.0,0.0,0,0,0.0,1.0,1.0,0.0,0.0,0.0,0.0,0.0
1680,0,,,0,0.0,0.0,0,0,0.0,1.0,1.0,0.0,0.0,0.0,0.0,0.0
1853,0,,,0,0.0,0.0,0,0,0.0,0.0,0.0,0.0,0.0,0.0,0.0,0.0
777,1,777.0,777.0,0,0.0,0.0,0,0,0.0,14104.0,14104.0,0.0,0.0,0.0,0.0,0.0
1970,0,,,0,0.0,0.0,0,0,0.0,1.0,1.0,0.0,0.0,0.0,0.0,0.0
449,1,449.0,449.0,0,0.0,0.0,0,0,0.0,0.0,0.0,0.0,0.0,0.0,0.0,0.0
1907,0,,,0,0.0,0.0,0,0,0.0,0.0,0.0,0.0,0.0,0.0,0.0,0.0
1082,0,,,0,0.0,0.0,0,0,0.0,1.0,1.0,0.0,0.0,0.0,0.0,0.0
1086,0,,,0,0.0,0.0,0,0,0.0,0.0,0.0,0.0,0.0,0.0,0.0,0.0
1979,0,,,0,0.0,0.0,0,0,0.0,84130.0,84130.0,0.0,0.0,0.0,0.0,0.0
1165,0,,,0,0.0,0.0,0,0,0.0,14101.0,14101.0,0.0,0.0,0.0,0.0,0.0
583,1,583.0,583.0,0,0.0,0.0,0,0,0.0,1.0,1.0,0.0,0.0,0.0,0.0,0.0
70,1,70.0,70.0,0,0.0,0.0,0,0,0.0,0.0,0.0,0.0,0.0,0.0,0.0,0.0
464,1,464.0,464.0,0,0.0,0.0,0,0,0.0,1.0,1.0,0.0,0.0,0.0,0.0,0.0
280,1,280.0,280.0,0,0.0,0.0,0,0,0.0,10503.0,10503.0,0.0,0.0,0.0,0.0,0.0
1123,0,,,0,0.0,0.0,0,0,0.0,1.0,1.0,0.0,0.0,0.0,0.0,0.0
705,1,705.0,705.0,0,0.0,0.0,0,0,0.0,16213.0,16213.0,0.0,0.0,0.0,0.0,0.0
1858,0,,,0,0.0,0.0,0,0,0.0,0.0,0.0,0.0,0.0,0.0,0.0,0.0
559,1,559.0,559.0,0,0.0,0.0,0,0,0.0,1.0,1.0,0.0,0.0,0.0,0.0,0.0
944,1,944.0,944.0,0,0.0,0.0,0,0,0.0,1.0,1.0,0.0,0.0,0.0,0.0,0.0
661,1,661.0,661.0,0,0.0,0.0,0,0,0.0,0.0,0.0,0.0,0.0,0.0,0.0,0.0
389,1,389.0,389.0,0,0.0,0.0,0,0,0.0,36002.0,36002.0,0.0,0.0,0.0,0.0,0.0
1948,0,,,0,0.0,0.0,0,0,0.0,0.0,0.0,0.0,0.0,0.0,0.0,0.0
1521,0,,,0,0.0,0.0,0,0,0.0,0.0,0.0,0.0,0.0,0.0,0.0,0.0
100,1,100.0,100.0,0,0.0,0.0,0,0,0.0,1271.0,1271.0,0.0,0.0,0.0,0.0,0.0
1029,0,,,0,0.0,0.0,0,0,0.0,10711.0,10711.0,0.0,0.0,0.0,0.0,0.0
658,1,658.0,658.0,0,0.0,0.0,0,0,0.0,1.0,1.0,0.0,0.0,0.0,0.0,0.0
685,1,685.0,685.0,0,0.0,0.0,0,0,0.0,1.0,1.0,0.0,0.0,0.0,0.0,0.0
1736,0,,,0,0.0,0.0,0,0,0.0,1.0,1.0,0.0,0.0,0.0,0.0,0.0
1077,0,,,0,0.0,0.0,0,0,0.0,10711.0,10711.0,0.0,0.0,0.0,0.0,0.0
13,1,13.0,13.0,0,0.0,0.0,0,0,0.0,0.0,0.0,0.0,0.0,0.0,0.0,0.0
769,1,769.0,769.0,0,0.0,0.0,0,0,0.0,0.0,0.0,0.0,0.0,0.0,0.0,0.0
1118,0,,,0,0.0,0.0,0,0,0.0,0.0,0.0,0.0,0.0,0.0,0.0,0.0
524,1,524.0,524.0,0,0.0,0.0,0,0,0.0,1.0,1.0,0.0,0.0,0.0,0.0,0.0
966,1,966.0,966.0,0,0.0,0.0,0,0,0.0,12.041594578792296,13.0,0.0,0.0,0.0,0.0,0.0
1363,0,,,0,0.0,0.0,0,0,0.0,85229.0,85229.0,0.0,0.0,0.0,0.0,0.0
1081,0,,,0,0.0,0.0,0,0,0.0,1.0,1.0,0.0,0.0,0.0,0.0,0.0
875,1,875.0,875.0,0,0.0,0.0,0,0,0.0,0.0,0.0,0.0,0.0,0.0,0.0,0.0
716,1,716.0,716.0,0,0.0,0.0,0,0,0.0,0.0,0.0,0.0,0.0,0.0,0.0,0.0
554,1,554.0,554.0,0,0.0,0.0,0,0,0.0,0.0,0.0,0.0,0.0,0.0,0.0,0.0
239,1,239.0,239.0,0,0.0,0.0,0,0,0.0,10505.0,10505.0,0.0,0.0,0.0,0.0,0.0
1328,0,,,0,0.0,0.0,0,0,0.0,0.0,0.0,0.0,0.0,0.0,0.0,0.0
544,1,544.0,544.0,0,0.0,0.0,0,0,0.0,0.0,0.0,0.0,0.0,0.0,0.0,0.0
1682,0,,,0,0.0,0.0,0,0,0.0,0.0,0.0,0.0,0.0,0.0,0.0,0.0
590,1,590.0,590.0,0,0.0,0.0,0,0,0.0,0.0,0.0,0.0,0.0,0.0,0.0,0.0
1249,0,,,0,0.0,0.0,0,0,0.0,1.0,1.0,0.0,0.0,0.0,0.0,0.0
528,1,528.0,528.0,0,0.0,0.0,0,0,0.0,0.0,0.0,0.0,0.0,0.0,0.0,0.0
1162,0,,,0,0.0,0.0,0,0,0.0,1.0,1.0,0.0,0.0,0.0,0.0,0.0
1659,0,,,0,0.0,0.0,0,0,0.0,0.0,0.0,0.0,0.0,0.0,0.0,0.0
977,1,977.0,977.0,0,0.0,0.0,0,0,0.0,0.0,0.0,0.0,0.0,0.0,0.0,0.0
1002,0,,,0,0.0,0.0,0,0,0.0,0.0,0.0,0.0,0.0,0.0,0.0,0.0
300,1,300.0,300.0,0,0.0,0.0,0,0,0.0,0.0,0.0,0.0,0.0,0.0,0.0,0.0
609,1,609.0,609.0,0,0.0,0.0,0,0,0.0,1.0,1.0,0.0,0.0,0.0,0.0,0.0
1673,0,,,0,0.0,0.0,0,0,0.0,1.4142135623730951,2.0,0.0,0.0,0.0,0.0,0.0
997,1,997.0,997.0,0,0.0,0.0,0,0,0.0,64910.0,64910.0,0.0,0.0,0.0,0.0,0.0
980,1,980.0,980.0,0,0.0,0.0,0,0,0.0,0.0,0.0,0.0,0.0,0.0,0.0,0.0
993,1,993.0,993.0,0,0.0,0.0,0,0,0.0,1.0,1.0,0.0,0.0,0.0,0.0,0.0
532,1,532.0,532.0,0,0.0,0.0,0,0,0.0,84110.0,84110.0,0.0,0.0,0.0,0.0,0.0
1456,0,,,0,0.0,0.0,0,0,0.0,1.0,1.0,0.0,0.0,0.0,0.0,0.0
149,1,149.0,149.0,0,0.0,0.0,0,0,0.0,1.0,1.0,0.0,0.0,0.0,0.0,0.0
1705,0,,,0,0.0,0.0,0,0,0.0,1.0,1.0,0.0,0.0,0.0,0.0,0.0
1357,0,,,0,0.0,0.0,0,0,0.0,22202.0,22202.0,0.0,0.0,0.0,0.0,0.0
1921,0,,,0,0.0,0.0,0,0,0.0,46521.000526643875,46528.0,0.0,0.0,0.0,0.0,0.0
750,1,750.0,750.0,0,0.0,0.0,0,0,0.0,0.0,0.0,0.0,0.0,0.0,0.0,0.0
73,1,73.0,73.0,0,0.0,0.0,0,0,0.0,0.0,0.0,0.0,0.0,0.0,0.0,0.0
811,1,811.0,811.0,0,0.0,0.0,0,0,0.0,0.0,0.0,0.0,0.0,0.0,0.0,0.0
1932,0,,,0,0.0,0.0,0,0,0.0,0.0,0.0,0.0,0.0,0.0,0.0,0.0
412,1,412.0,412.0,0,0.0,0.0,0,0,0.0,0.0,0.0,0.0,0.0,0.0,0.0,0.0
225,1,225.0,225.0,0,0.0,0.0,0,0,0.0,1.0,1.0,0.0,0.0,0.0,0.0,0.0
122,1,122.0,122.0,0,0.0,0.0,0,0,0.0,49221.00122915014,49232.0,0.0,0.0,0.0,0.0,0.0
1430,0,,,0,0.0,0.0,0,0,0.0,6.082762530298219,7.0,0.0,0.0,0.0,0.0,0.0
865,1,865.0,865.0,0,0.0,0.0,0,0,0.0,0.0,0.0,0.0,0.0,0.0,0.0,0.0
1960,0,,,0,0.0,0.0,0,0,0.0,0.0,0.0,0.0,0.0,0.0,0.0,0.0
58,1,58.0,58.0,0,0.0,0.0,0,0,0.0,1.0,1.0,0.0,0.0,0.0,0.0,0.0
1322,0,,,0,0.0,0.0,0,0,0.0,1.0,1.0,0.0,0.0,0.0,0.0,0.0
302,1,302.0,302.0,0,0.0,0.0,0,0,0.0,1.0,1.0,0.0,0.0,0.0,0.0,0.0
1631,0,,,0,0.0,0.0,0,0,0.0,1.4142135623730951,2.0,0.0,0.0,0.0,0.0,0.0
1765,0,,,0,0.0,0.0,0,0,0.0,1.0,1.0,0.0,0.0,0.0,0.0,0.0
411,1,411.0,411.0,0,0.0,0.0,0,0,0.0,46496.0,46496.0,0.0,0.0,0.0,0.0,0.0
287,1,287.0,287.0,0,0.0,0.0,0,0,0.0,0.0,0.0,0.0,0.0,0.0,0.0,0.0
363,1,363.0,363.0,0,0.0,0.0,0,0,0.0,0.0,0.0,0.0,0.0,0.0,0.0,0.0
1899,0,,,0,0.0,0.0,0,0,0.0,31007.0,31007.0,0.0,0.0,0.0,0.0,0.0
1340,0,,,0,0.0,0.0,0,0,0.0,0.0,0.0,0.0,0.0,0.0,0.0,0.0
352,1,352.0,352.0,0,0.0,0.0,0,0,0.0,1.0,1.0,0.0,0.0,0.0,0.0,0.0
486,1,486.0,486.0,0,0.0,0.0,0,0,0.0,1.0,1.0,0.0,0.0,0.0,0.0,0.0
278,1,278.0,278.0,0,0.0,0.0,0,0,0.0,0.0,0.0,0.0,0.0,0.0,0.0,0.0
728,1,728.0,728.0,0,0.0,0.0,0,0,0.0,46521.0,46521.0,0.0,0.0,0.0,0.0,0.0
394,1,394.0,394.0,0,0.0,0.0,0,0,0.0,41003.0,41003.0,0.0,0.0,0.0,0.0,0.0
1919,0,,,0,0.0,0.0,0,0,0.0,1.0,1.0,0.0,0.0,0.0,0.0,0.0
1043,0,,,0,0.0,0.0,0,0,0.0,0.0,0.0,0.0,0.0,0.0,0.0,0.0
1059,0,,,0,0.0,0.0,0,0,0.0,0.0,0.0,0.0,0.0,0.0,0.0,0.0
782,1,782.0,782.0,0,0.0,0.0,0,0,0.0,0.0,0.0,0.0,0.0,0.0,0.0,0.0
1922,0,,,0,0.0,0.0,0,0,0.0,0.0,0.0,0.0,0.0,0.0,0.0,0.0
1500,0,,,0,0.0,0.0,0,0,0.0,1.0,1.0,0.0,0.0,0.0,0.0,0.0
154,1,154.0,154.0,0,0.0,0.0,0,0,0.0,1.0,1.0,0.0,0.0,0.0,0.0,0.0
885,1,885.0,885.0,0,0.0,0.0,0,0,0.0,0.0,0.0,0.0,0.0,0.0,0.0,0.0
234,1,234.0,234.0,0,0.0,0.0,0,0,0.0,1.0,1.0,0.0,0.0,0.0,0.0,0.0
1417,0,,,0,0.0,0.0,0,0,0.0,1.0,1.0,0.0,0.0,0.0,0.0,0.0
1951,0,,,0,0.0,0.0,0,0,0.0,1.0,1.0,0.0,0.0,0.0,0.0,0.0
1824,0,,,0,0.0,0.0,0,0,0.0,0.0,0.0,0.0,0.0,0.0,0.0,0.0
936,1,936.0,936.0,0,0.0,0.0,0,0,0.0,45402.0,45402.0,0.0,0.0,0.0,0.0,0.0
506,1,506.0,506.0,0,0.0,0.0,0,0,0.0,0.0,0.0,0.0,0.0,0.0,0.0,0.0
134,1,134.0,134.0,0,0.0,0.0,0,0,0.0,1.0,1.0,0.0,0.0,0.0,0.0,0.0
1675,0,,,0,0.0,0.0,0,0,0.0,0.0,0.0,0.0,0.0,0.0,0.0,0.0
1493,0,,,0,0.0,0.0,0,0,0.0,1.0,1.0,0.0,0.0,0.0,0.0,0.0
1287,0,,,0,0.0,0.0,0,0,0.0,1.0,1.0,0.0,0.0,0.0,0.0,0.0
155,1,155.0,155.0,0,0.0,0.0,0,0,0.0,0.0,0.0,0.0,0.0,0.0,0.0,0.0
767,1,767.0,767.0,0,0.0,0.0,0,0,0.0,1.0,1.0,0.0,0.0,0.0,0.0,0.0
1935,0,,,0,0.0,0.0,0,0,0.0,10711.0,10711.0,0.0,0.0,0.0,0.0,0.0
857,1,857.0,857.0,0,0.0,0.0,0,0,0.0,1.0,1.0,0.0,0.0,0.0,0.0,0.0
1383,0,,,0,0.0,0.0,0,0,0.0,82200.0,82200.0,0.0,0.0,0.0,0.0,0.0
1513,0,,,0,0.0,0.0,0,0,0.0,0.0,0.0,0.0,0.0,0.0,0.0,0.0
1407,0,,,0,0.0,0.0,0,0,0.0,1.0,1.0,0.0,0.0,0.0,0.0,0.0
1380,0,,,0,0.0,0.0,0,0,0.0,0.0,0.0,0.0,0.0,0.0,0.0,0.0
1911,0,,,0,0.0,0.0,0,0,0.0,1.0,1.0,0.0,0.0,0.0,0.0,0.0
1334,0,,,0,0.0,0.0,0,0,0.0,97006.0,97006.0,0.0,0.0,0.0,0.0,0.0
628,1,628.0,628.0,0,0.0,0.0,0,0,0.0,0.0,0.0,0.0,0.0,0.0,0.0,0.0
818,1,818.0,818.0,0,0.0,0.0,0,0,0.0,0.0,0.0,0.0,0.0,0.0,0.0,0.0
1910,0,,,0,0.0,0.0,0,0,0.0,14101.0,14101.0,0.0,0.0,0.0,0.0,0.0
1017,0,,,0,0.0,0.0,0,0,0.0,49221.0,49221.0,0.0,0.0,0.0,0.0,0.0
322,1,322.0,322.0,0,0.0,0.0,0,0,0.0,64191.0,64191.0,0.0,0.0,0.0,0.0,0.0
616,1,616.0,616.0,0,0.0,0.0,0,0,0.0,84130.0,84130.0,0.0,0.0,0.0,0.0,0.0
59,1,59.0,59.0,0,0.0,0.0,0,0,0.0,1.0,1.0,0.0,0.0,0.0,0.0,0.0
1764,0,,,0,0.0,0.0,0,0,0.0,0.0,0.0,0.0,0.0,0.0,0.0,0.0
819,1,819.0,819.0,0,0.0,0.0,0,0,0.0,1.0,1.0,0.0,0.0,0.0,0.0,0.0
184,1,184.0,184.0,0,0.0,0.0,0,0,0.0,1.0,1.0,0.0,0.0,0.0,0.0,0.0
1119,0,,,0,0.0,0.0,0,0,0.0,0.0,0.0,0.0,0.0,0.0,0.0,0.0
718,1,718.0,718.0,0,0.0,0.0,0,0,0.0,1.0,1.0,0.0,0.0,0.0,0.0,0.0
1235,0,,,0,0.0,0.0,0,0,0.0,9.055385138137417,10.0,0.0,0.0,0.0,0.0,0.0
439,1,439.0,439.0,0,0.0,0.0,0,0,0.0,1.0,1.0,0.0,0.0,0.0,0.0,0.0
433,1,433.0,433.0,0,0.0,0.0,0,0,0.0,7.0710678118654755,8.0,0.0,0.0,0.0,0.0,0.0
1255,0,,,0,0.0,0.0,0,0,0.0,1.0,1.0,0.0,0.0,0.0,0.0,0.0
342,1,342.0,342.0,0,0.0,0.0,0,0,0.0,0.0,0.0,0.0,0.0,0.0,0.0,0.0
470,1,470.0,470.0,0,0.0,0.0,0,0,0.0,49221.0,49221.0,0.0,0.0,0.0,0.0,0.0
760,1,760.0,760.0,0,0.0,0.0,0,0,0.0,0.0,0.0,0.0,0.0,0.0,0.0,0.0
1745,0,,,0,0.0,0.0,0,0,0.0,1.0,1.0,0.0,0.0,0.0,0.0,0.0
1827,0,,,0,0.0,0.0,0,0,0.0,13921.0,13921.0,0.0,0.0,0.0,0.0,0.0
1866,0,,,0,0.0,0.0,0,0,0.0,1.0,1.0,0.0,0.0,0.0,0.0,0.0
1792,0,,,0,0.0,0.0,0,0,0.0,1.0,1.0,0.0,0.0,0.0,0.0,0.0
510,1,510.0,510.0,0,0.0,0.0,0,0,0.0,0.0,0.0,0.0,0.0,0.0,0.0,0.0
1068,0,,,0,0.0,0.0,0,0,0.0,0.0,0.0,0.0,0.0,0.0,0.0,0.0
964,1,964.0,964.0,0,0.0,0.0,0,0,0.0,1.0,1.0,0.0,0.0,0.0,0.0,0.0
1185,0,,,0,0.0,0.0,0,0,0.0,0.0,0.0,0.0,0.0,0.0,0.0,0.0
1139,0,,,0,0.0,0.0,0,0,0.0,1.0,1.0,0.0,0.0,0.0,0.0,0.0
385,1,385.0,385.0,0,0.0,0.0,0,0,0.0,0.0,0.0,0.0,0.0,0.0,0.0,0.0
1514,0,,,0,0.0,0.0,0,0,0.0,0.0,0.0,0.0,0.0,0.0,0.0,0.0
1180,0,,,0,0.0,0.0,0,0,0.0,0.0,0.0,0.0,0.0,0.0,0.0,0.0
635,1,635.0,635.0,0,0.0,0.0,0,0,0.0,0.0,0.0,0.0,0.0,0.0,0.0,0.0
1149,0,,,0,0.0,0.0,0,0,0.0,1.0,1.0,0.0,0.0,0.0,0.0,0.0
1464,0,,,0,0.0,0.0,0,0,0.0,0.0,0.0,0.0,0.0,0.0,0.0,0.0
1125,0,,,0,0.0,0.0,0,0,0.0,1.0,1.0,0.0,0.0,0.0,0.0,0.0
803,1,803.0,803.0,0,0.0,0.0,0,0,0.0,0.0,0.0,0.0,0.0,0.0,0.0,0.0
54,1,54.0,54.0,0,0.0,0.0,0,0,0.0,1.0,1.0,0.0,0.0,0.0,0.0,0.0
694,1,694.0,694.0,0,0.0,0.0,0,0,0.0,0.0,0.0,0.0,0.0,0.0,0.0,0.0
802,1,802.0,802.0,0,0.0,0.0,0,0,0.0,1.0,1.0,0.0,0.0,0.0,0.0,0.0
1281,0,,,0,0.0,0.0,0,0,0.0,1.0,1.0,0.0,0.0,0.0,0.0,0.0
1088,0,,,0,0.0,0.0,0,0,0.0,41002.0,41002.0,0.0,0.0,0.0,0.0,0.0
99,1,99.0,99.0,0,0.0,0.0,0,0,0.0,0.0,0.0,0.0,0.0,0.0,0.0,0.0
304,1,304.0,304.0,0,0.0,0.0,0,0,0.0,1.0,1.0,0.0,0.0,0.0,0.0,0.0
657,1,657.0,657.0,0,0.0,0.0,0,0,0.0,0.0,0.0,0.0,0.0,0.0,0.0,0.0
1174,0,,,0,0.0,0.0,0,0,0.0,10791.0,10791.0,0.0,0.0,0.0,0.0,0.0
1015,0,,,0,0.0,0.0,0,0,0.0,1.0,1.0,0.0,0.0,0.0,0.0,0.0
620,1,620.0,620.0,0,0.0,0.0,0,0,0.0,1.0,1.0,0.0,0.0,0.0,0.0,0.0
1142,0,,,0,0.0,0.0,0,0,0.0,15121.0,15121.0,0.0,0.0,0.0,0.0,0.0
420,1,420.0,420.0,0,0.0,0.0,0,0,0.0,0.0,0.0,0.0,0.0,0.0,0.0,0.0
314,1,314.0,314.0,0,0.0,0.0,0,0,0.0,0.0,0.0,0.0,0.0,0.0,0.0,0.0
186,1,186.0,186.0,0,0.0,0.0,0,0,0.0,1.0,1.0,0.0,0.0,0.0,0.0,0.0
1606,0,,,0,0.0,0.0,0,0,0.0,46492.0,46492.0,0.0,0.0,0.0,0.0,0.0
1630,0,,,0,0.0,0.0,0,0,0.0,1271.0,1271.0,0.0,0.0,0.0,0.0,0.0
1254,0,,,0,0.0,0.0,0,0,0.0,1.0,1.0,0.0,0.0,0.0,0.0,0.0
1414,0,,,0,0.0,0.0,0,0,0.0,0.0,0.0,0.0,0.0,0.0,0.0,0.0
1483,0,,,0,0.0,0.0,0,0,0.0,1.0,1.0,0.0,0.0,0.0,0.0,0.0
1658,0,,,0,0.0,0.0,0,0,0.0,0.0,0.0,0.0,0.0,0.0,0.0,0.0
874,1,874.0,874.0,0,0.0,0.0,0,0,0.0,1.0,1.0,0.0,0.0,0.0,0.0,0.0
1986,0,,,0,0.0,0.0,0,0,0.0,1.0,1.0,0.0,0.0,0.0,0.0,0.0
702,1,702.0,702.0,0,0.0,0.0,0,0,0.0,1.0,1.0,0.0,0.0,0.0,0.0,0.0
1891,0,,,0,0.0,0.0,0,0,0.0,0.0,0.0,0.0,0.0,0.0,0.0,0.0
1619,0,,,0,0.0,0.0,0,0,0.0,1.0,1.0,0.0,0.0,0.0,0.0,0.0
740,1,740.0,740.0,0,0.0,0.0,0,0,0.0,1.0,1.0,0.0,0.0,0.0,0.0,0.0
1667,0,,,0,0.0,0.0,0,0,0.0,97006.0,97006.0,0.0,0.0,0.0,0.0,0.0
1227,0,,,0,0.0,0.0,0,0,0.0,0.0,0.0,0.0,0.0,0.0,0.0,0.0
111,1,111.0,111.0,0,0.0,0.0,0,0,0.0,0.0,0.0,0.0,0.0,0.0,0.0,0.0
1342,0,,,0,0.0,0.0,0,0,0.0,41002.0,41002.0,0.0,0.0,0.0,0.0,0.0
147,1,147.0,147.0,0,0.0,0.0,0,0,0.0,1.0,1.0,0.0,0.0,0.0,0.0,0.0
232,1,232.0,232.0,0,0.0,0.0,0,0,0.0,1.0,1.0,0.0,0.0,0.0,0.0,0.0
1259,0,,,0,0.0,0.0,0,0,0.0,1.0,1.0,0.0,0.0,0.0,0.0,0.0
53,1,53.0,53.0,0,0.0,0.0,0,0,0.0,43302.0,43302.0,0.0,0.0,0.0,0.0,0.0
191,1,191.0,191.0,0,0.0,0.0,0,0,0.0,1.0,1.0,0.0,0.0,0.0,0.0,0.0
618,1,618.0,618.0,0,0.0,0.0,0,0,0.0,1.0,1.0,0.0,0.0,0.0,0.0,0.0
143,1,143.0,143.0,0,0.0,0.0,0,0,0.0,1.0,1.0,0.0,0.0,0.0,0.0,0.0
1169,0,,,0,0.0,0.0,0,0,0.0,1.0,1.0,0.0,0.0,0.0,0.0,0.0
592,1,592.0,592.0,0,0.0,0.0,0,0,0.0,0.0,0.0,0.0,0.0,0.0,0.0,0.0
1569,0,,,0,0.0,0.0,0,0,0.0,49222.0,49222.0,0.0,0.0,0.0,0.0,0.0
1599,0,,,0,0.0,0.0,0,0,0.0,1.0,1.0,0.0,0.0,0.0,0.0,0.0
1632,0,,,0,0.0,0.0,0,0,0.0,8.06225774829855,9.0,0.0,0.0,0.0,0.0,0.0
1066,0,,,0,0.0,0.0,0,0,0.0,0.0,0.0,0.0,0.0,0.0,0.0,0.0
453,1,453.0,453.0,0,0.0,0.0,0,0,0.0,1.0,1.0,0.0,0.0,0.0,0.0,0.0
359,1,359.0,359.0,0,0.0,0.0,0,0,0.0,10.04987562112089,11.0,0.0,0.0,0.0,0.0,0.0
871,1,871.0,871.0,0,0.0,0.0,0,0,0.0,0.0,0.0,0.0,0.0,0.0,0.0,0.0
541,1,541.0,541.0,0,0.0,0.0,0,0,0.0,1.0,1.0,0.0,0.0,0.0,0.0,0.0
1247,0,,,0,0.0,0.0,0,0,0.0,0.0,0.0,0.0,0.0,0.0,0.0,0.0
1597,0,,,0,0.0,0.0,0,0,0.0,85101.0,85101.0,0.0,0.0,0.0,0.0,0.0
1226,0,,,0,0.0,0.0,0,0,0.0,1.0,1.0,0.0,0.0,0.0,0.0,0.0
809,1,809.0,809.0,0,0.0,0.0,0,0,0.0,41001.0,41001.0,0.0,0.0,0.0,0.0,0.0
1613,0,,,0,0.0,0.0,0,0,0.0,0.0,0.0,0.0,0.0,0.0,0.0,0.0
1969,0,,,0,0.0,0.0,0,0,0.0,1.0,1.0,0.0,0.0,0.0,0.0,0.0
1092,0,,,0,0.0,0.0,0,0,0.0,0.0,0.0,0.0,0.0,0.0,0.0,0.0
771,1,771.0,771.0,0,0.0,0.0,0,0,0.0,47113.0,47113.0,0.0,0.0,0.0,0.0,0.0
219,1,219.0,219.0,0,0.0,0.0,0,0,0.0,1.0,1.0,0.0,0.0,0.0,0.0,0.0
257,1,257.0,257.0,0,0.0,0.0,0,0,0.0,0.0,0.0,0.0,0.0,0.0,0.0,0.0
236,1,236.0,236.0,0,0.0,0.0,0,0,0.0,47721.0,47721.0,0.0,0.0,0.0,0.0,0.0
1437,0,,,0,0.0,0.0,0,0,0.0,1.0,1.0,0.0,0.0,0.0,0.0,0.0
693,1,693.0,693.0,0,0.0,0.0,0,0,0.0,1.0,1.0,0.0,0.0,0.0,0.0,0.0
536,1,536.0,536.0,0,0.0,0.0,0,0,0.0,0.0,0.0,0.0,0.0,0.0,0.0,0.0
913,1,913.0,913.0,0,0.0,0.0,0,0,0.0,0.0,0.0,0.0,0.0,0.0,0.0,0.0
1408,0,,,0,0.0,0.0,0,0,0.0,0.0,0.0,0.0,0.0,0.0,0.0,0.0
1622,0,,,0,0.0,0.0,0,0,0.0,1.0,1.0,0.0,0.0,0.0,0.0,0.0
187,1,187.0,187.0,0,0.0,0.0,0,0,0.0,0.0,0.0,0.0,0.0,0.0,0.0,0.0
1286,0,,,0,0.0,0.0,0,0,0.0,1.0,1.0,0.0,0.0,0.0,0.0,0.0
1496,0,,,0,0.0,0.0,0,0,0.0,1.0,1.0,0.0,0.0,0.0,0.0,0.0
1639,0,,,0,0.0,0.0,0,0,0.0,0.0,0.0,0.0,0.0,0.0,0.0,0.0
391,1,391.0,391.0,0,0.0,0.0,0,0,0.0,1.0,1.0,0.0,0.0,0.0,0.0,0.0
1350,0,,,0,0.0,0.0,0,0,0.0,1.0,1.0,0.0,0.0,0.0,0.0,0.0
1912,0,,,0,0.0,0.0,0,0,0.0,1.0,1.0,0.0,0.0,0.0,0.0,0.0
1410,0,,,0,0.0,0.0,0,0,0.0,0.0,0.0,0.0,0.0,0.0,0.0,0.0
1836,0,,,0,0.0,0.0,0,0,0.0,49232.0,49232.0,0.0,0.0,0.0,0.0,0.0
1202,0,,,0,0.0,0.0,0,0,0.0,47817.0,47817.0,0.0,0.0,0.0,0.0,0.0
497,1,497.0,497.0,0,0.0,0.0,0,0,0.0,1.0,1.0,0.0,0.0,0.0,0.0,0.0
513,1,513.0,513.0,0,0.0,0.0,0,0,0.0,0.0,0.0,0.0,0.0,0.0,0.0,0.0
1645,0,,,0,0.0,0.0,0,0,0.0,0.0,0.0,0.0,0.0,0.0,0.0,0.0
1480,0,,,0,0.0,0.0,0,0,0.0,0.0,0.0,0.0,0.0,0.0,0.0,0.0
1381,0,,,0,0.0,0.0,0,0,0.0,1.0,1.0,0.0,0.0,0.0,0.0,0.0
738,1,738.0,738.0,0,0.0,0.0,0,0,0.0,0.0,0.0,0.0,0.0,0.0,0.0,0.0
1649,0,,,0,0.0,0.0,0,0,0.0,1.0,1.0,0.0,0.0,0.0,0.0,0.0
1708,0,,,0,0.0,0.0,0,0,0.0,0.0,0.0,0.0,0.0,0.0,0.0,0.0
339,1,339.0,339.0,0,0.0,0.0,0,0,0.0,14101.0,14101.0,0.0,0.0,0.0,0.0,0.0
244,1,244.0,244.0,0,0.0,0.0,0,0,0.0,1.0,1.0,0.0,0.0,0.0,0.0,0.0
752,1,752.0,752.0,0,0.0,0.0,0,0,0.0,47598.0,47598.0,0.0,0.0,0.0,0.0,0.0
648,1,648.0,648.0,0,0.0,0.0,0,0,0.0,1.0,1.0,0.0,0.0,0.0,0.0,0.0
87,1,87.0,87.0,0,0.0,0.0,0,0,0.0,0.0,0.0,0.0,0.0,0.0,0.0,0.0
1825,0,,,0,0.0,0.0,0,0,0.0,1.0,1.0,0.0,0.0,0.0,0.0,0.0
745,1,745.0,745.0,0,0.0,0.0,0,0,0.0,0.0,0.0,0.0,0.0,0.0,0.0,0.0
1154,0,,,0,0.0,0.0,0,0,0.0,0.0,0.0,0.0,0.0,0.0,0.0,0.0
331,1,331.0,331.0,0,0.0,0.0,0,0,0.0,0.0,0.0,0.0,0.0,0.0,0.0,0.0
1341,0,,,0,0.0,0.0,0,0,0.0,1.0,1.0,0.0,0.0,0.0,0.0,0.0
325,1,325.0,325.0,0,0.0,0.0,0,0,0.0,0.0,0.0,0.0,0.0,0.0,0.0,0.0
701,1,701.0,701.0,0,0.0,0.0,0,0,0.0,31001.0,31001.0,0.0,0.0,0.0,0.0,0.0
476,1,476.0,476.0,0,0.0,0.0,0,0,0.0,1.0,1.0,0.0,0.0,0.0,0.0,0.0
1670,0,,,0,0.0,0.0,0,0,0.0,1.0,1.0,0.0,0.0,0.0,0.0,0.0
1301,0,,,0,0.0,0.0,0,0,0.0,1.0,1.0,0.0,0.0,0.0,0.0,0.0
1581,0,,,0,0.0,0.0,0,0,0.0,0.0,0.0,0.0,0.0,0.0,0.0,0.0
1364,0,,,0,0.0,0.0,0,0,0.0,0.0,0.0,0.0,0.0,0.0,0.0,0.0
1362,0,,,0,0.0,0.0,0,0,0.0,10712.0,10712.0,0.0,0.0,0.0,0.0,0.0
1735,0,,,0,0.0,0.0,0,0,0.0,41001.0,41001.0,0.0,0.0,0.0,0.0,0.0
938,1,938.0,938.0,0,0.0,0.0,0,0,0.0,0.0,0.0,0.0,0.0,0.0,0.0,0.0
172,1,172.0,172.0,0,0.0,0.0,0,0,0.0,1.0,1.0,0.0,0.0,0.0,0.0,0.0
935,1,935.0,935.0,0,0.0,0.0,0,0,0.0,0.0,0.0,0.0,0.0,0.0,0.0,0.0
1019,0,,,0,0.0,0.0,0,0,0.0,1.0,1.0,0.0,0.0,0.0,0.0,0.0
1131,0,,,0,0.0,0.0,0,0,0.0,0.0,0.0,0.0,0.0,0.0,0.0,0.0
906,1,906.0,906.0,0,0.0,0.0,0,0,0.0,0.0,0.0,0.0,0.0,0.0,0.0,0.0
572,1,572.0,572.0,0,0.0,0.0,0,0,0.0,7.0710678118654755,8.0,0.0,0.0,0.0,0.0,0.0
1741,0,,,0,0.0,0.0,0,0,0.0,0.0,0.0,0.0,0.0,0.0,0.0,0.0
1439,0,,,0,0.0,0.0,0,0,0.0,16291.0,16291.0,0.0,0.0,0.0,0.0,0.0
1090,0,,,0,0.0,0.0,0,0,0.0,1.0,1.0,0.0,0.0,0.0,0.0,0.0
823,1,823.0,823.0,0,0.0,0.0,0,0,0.0,97006.0,97006.0,0.0,0.0,0.0,0.0,0.0
744,1,744.0,744.0,0,0.0,0.0,0,0,0.0,0.0,0.0,0.0,0.0,0.0,0.0,0.0
1512,0,,,0,0.0,0.0,0,0,0.0,5.0990195135927845,6.0,0.0,0.0,0.0,0.0,0.0
1367,0,,,0,0.0,0.0,0,0,0.0,43302.0,43302.0,0.0,0.0,0.0,0.0,0.0
1267,0,,,0,0.0,0.0,0,0,0.0,0.0,0.0,0.0,0.0,0.0,0.0,0.0
350,1,350.0,350.0,0,0.0,0.0,0,0,0.0,84130.0,84130.0,0.0,0.0,0.0,0.0,0.0
924,1,924.0,924.0,0,0.0,0.0,0,0,0.0,47817.0,47817.0,0.0,0.0,0.0,0.0,0.0
5,1,5.0,5.0,0,0.0,0.0,0,0,0.0,0.0,0.0,0.0,0.0,0.0,0.0,0.0
309,1,309.0,309.0,0,0.0,0.0,0,0,0.0,11041.0,11041.0,0.0,0.0,0.0,0.0,0.0
367,1,367.0,367.0,0,0.0,0.0,0,0,0.0,0.0,0.0,0.0,0.0,0.0,0.0,0.0
996,1,996.0,996.0,0,0.0,0.0,0,0,0.0,0.0,0.0,0.0,0.0,0.0,0.0,0.0
1785,0,,,0,0.0,0.0,0,0,0.0,0.0,0.0,0.0,0.0,0.0,0.0,0.0
193,1,193.0,193.0,0,0.0,0.0,0,0,0.0,0.0,0.0,0.0,0.0,0.0,0.0,0.0
188,1,188.0,188.0,0,0.0,0.0,0,0,0.0,0.0,0.0,0.0,0.0,0.0,0.0,0.0
1786,0,,,0,0.0,0.0,0,0,0.0,1.0,1.0,0.0,0.0,0.0,0.0,0.0
299,1,299.0,299.0,0,0.0,0.0,0,0,0.0,0.0,0.0,0.0,0.0,0.0,0.0,0.0
1793,0,,,0,0.0,0.0,0,0,0.0,0.0,0.0,0.0,0.0,0.0,0.0,0.0
353,1,353.0,353.0,0,0.0,0.0,0,0,0.0,1.0,1.0,0.0,0.0,0.0,0.0,0.0
712,1,712.0,712.0,0,0.0,0.0,0,0,0.0,41003.0,41003.0,0.0,0.0,0.0,0.0,0.0
1120,0,,,0,0.0,0.0,0,0,0.0,1.0,1.0,0.0,0.0,0.0,0.0,0.0
1292,0,,,0,0.0,0.0,0,0,0.0,49233.0,49233.0,0.0,0.0,0.0,0.0,0.0
749,1,749.0,749.0,0,0.0,0.0,0,0,0.0,1.0,1.0,0.0,0.0,0.0,0.0,0.0
1039,0,,,0,0.0,0.0,0,0,0.0,0.0,0.0,0.0,0.0,0.0,0.0,0.0
963,1,963.0,963.0,0,0.0,0.0,0,0,0.0,0.0,0.0,0.0,0.0,0.0,0.0,0.0
1931,0,,,0,0.0,0.0,0,0,0.0,0.0,0.0,0.0,0.0,0.0,0.0,0.0
481,1,481.0,481.0,0,0.0,0.0,0,0,0.0,85211.0,85211.0,0.0,0.0,0.0,0.0,0.0
1924,0,,,0,0.0,0.0,0,0,0.0,0.0,0.0,0.0,0.0,0.0,0.0,0.0
1874,0,,,0,0.0,0.0,0,0,0.0,14101.0,14101.0,0.0,0.0,0.0,0.0,0.0
1908,0,,,0,0.0,0.0,0,0,0.0,84230.0,84230.0,0.0,0.0,0.0,0.0,0.0
1005,0,,,0,0.0,0.0,0,0,0.0,41003.0,41003.0,0.0,0.0,0.0,0.0,0.0
801,1,801.0,801.0,0,0.0,0.0,0,0,0.0,1.0,1.0,0.0,0.0,0.0,0.0,0.0
1024,0,,,0,0.0,0.0,0,0,0.0,1.0,1.0,0.0,0.0,0.0,0.0,0.0
1595,0,,,0,0.0,0.0,0,0,0.0,1.0,1.0,0.0,0.0,0.0,0.0,0.0
870,1,870.0,870.0,0,0.0,0.0,0,0,0.0,0.0,0.0,0.0,0.0,0.0,0.0,0.0
1978,0,,,0,0.0,0.0,0,0,0.0,10711.0,10711.0,0.0,0.0,0.0,0.0,0.0
960,1,960.0,960.0,0,0.0,0.0,0,0,0.0,0.0,0.0,0.0,0.0,0.0,0.0,0.0
821,1,821.0,821.0,0,0.0,0.0,0,0,0.0,1.0,1.0,0.0,0.0,0.0,0.0,0.0
1988,0,,,0,0.0,0.0,0,0,0.0,1.0,1.0,0.0,0.0,0.0,0.0,0.0
1232,0,,,0,0.0,0.0,0,0,0.0,0.0,0.0,0.0,0.0,0.0,0.0,0.0
56,1,56.0,56.0,0,0.0,0.0,0,0,0.0,1.0,1.0,0.0,0.0,0.0,0.0,0.0
1971,0,,,0,0.0,0.0,0,0,0.0,1.0,1.0,0.0,0.0,0.0,0.0,0.0
825,1,825.0,825.0,0,0.0,0.0,0,0,0.0,0.0,0.0,0.0,0.0,0.0,0.0,0.0
332,1,332.0,332.0,0,0.0,0.0,0,0,0.0,1.0,1.0,0.0,0.0,0.0,0.0,0.0
246,1,246.0,246.0,0,0.0,0.0,0,0,0.0,1.0,1.0,0.0,0.0,0.0,0.0,0.0
766,1,766.0,766.0,0,0.0,0.0,0,0,0.0,47817.0,47817.0,0.0,0.0,0.0,0.0,0.0
121,1,121.0,121.0,0,0.0,0.0,0,0,0.0,1.0,1.0,0.0,0.0,0.0,0.0,0.0
878,1,878.0,878.0,0,0.0,0.0,0,0,0.0,0.0,0.0,0.0,0.0,0.0,0.0,0.0
1402,0,,,0,0.0,0.0,0,0,0.0,0.0,0.0,0.0,0.0,0.0,0.0,0.0
1807,0,,,0,0.0,0.0,0,0,0.0,1.0,1.0,0.0,0.0,0.0,0.0,0.0
1360,0,,,0,0.0,0.0,0,0,0.0,0.0,0.0,0.0,0.0,0.0,0.0,0.0
971,1,971.0,971.0,0,0.0,0.0,0,0,0.0,11.045361017187261,12.0,0.0,0.0,0.0,0.0,0.0
946,1,946.0,946.0,0,0.0,0.0,0,0,0.0,1.0,1.0,0.0,0.0,0.0,0.0,0.0
1184,0,,,0,0.0,0.0,0,0,0.0,84130.0,84130.0,0.0,0.0,0.0,0.0,0.0
642,1,642.0,642.0,0,0.0,0.0,0,0,0.0,41002.0,41002.0,0.0,0.0,0.0,0.0,0.0
1271,0,,,0,0.0,0.0,0,0,0.0,55101.0,55101.0,0.0,0.0,0.0,0.0,0.0
1289,0,,,0,0.0,0.0,0,0,0.0,0.0,0.0,0.0,0.0,0.0,0.0,0.0
1168,0,,,0,0.0,0.0,0,0,0.0,0.0,0.0,0.0,0.0,0.0,0.0,0.0
624,1,624.0,624.0,0,0.0,0.0,0,0,0.0,0.0,0.0,0.0,0.0,0.0,0.0,0.0
365,1,365.0,365.0,0,0.0,0.0,0,0,0.0,0.0,0.0,0.0,0.0,0.0,0.0,0.0
107,1,107.0,107.0,0,0.0,0.0,0,0,0.0,0.0,0.0,0.0,0.0,0.0,0.0,0.0
1728,0,,,0,0.0,0.0,0,0,0.0,85102.0,85102.0,0.0,0.0,0.0,0.0,0.0
361,1,361.0,361.0,0,0.0,0.0,0,0,0.0,0.0,0.0,0.0,0.0,0.0,0.0,0.0
1820,0,,,0,0.0,0.0,0,0,0.0,9.055385138137417,10.0,0.0,0.0,0.0,0.0,0.0
114,1,114.0,114.0,0,0.0,0.0,0,0,0.0,0.0,0.0,0.0,0.0,0.0,0.0,0.0
153,1,153.0,153.0,0,0.0,0.0,0,0,0.0,0.0,0.0,0.0,0.0,0.0,0.0,0.0
162,1,162.0,162.0,0,0.0,0.0,0,0,0.0,0.0,0.0,0.0,0.0,0.0,0.0,0.0
881,1,881.0,881.0,0,0.0,0.0,0,0,0.0,14101.0,14101.0,0.0,0.0,0.0,0.0,0.0
1767,0,,,0,0.0,0.0,0,0,0.0,0.0,0.0,0.0,0.0,0.0,0.0,0.0
922,1,922.0,922.0,0,0.0,0.0,0,0,0.0,0.0,0.0,0.0,0.0,0.0,0.0,0.0
1671,0,,,0,0.0,0.0,0,0,0.0,47113.0,47113.0,0.0,0.0,0.0,0.0,0.0
354,1,354.0,354.0,0,0.0,0.0,0,0,0.0,0.0,0.0,0.0,0.0,0.0,0.0,0.0
560,1,560.0,560.0,0,0.0,0.0,0,0,0.0,85211.0,85211.0,0.0,0.0,0.0,0.0,0.0
619,1,619.0,619.0,0,0.0,0.0,0,0,0.0,0.0,0.0,0.0,0.0,0.0,0.0,0.0
159,1,159.0,159.0,0,0.0,0.0,0,0,0.0,0.0,0.0,0.0,0.0,0.0,0.0,0.0
1784,0,,,0,0.0,0.0,0,0,0.0,0.0,0.0,0.0,0.0,0.0,0.0,0.0
1183,0,,,0,0.0,0.0,0,0,0.0,49233.0,49233.0,0.0,0.0,0.0,0.0,0.0
128,1,128.0,128.0,0,0.0,0.0,0,0,0.0,41001.0,41001.0,0.0,0.0,0.0,0.0,0.0
1551,0,,,0,0.0,0.0,0,0,0.0,0.0,0.0,0.0,0.0,0.0,0.0,0.0
1305,0,,,0,0.0,0.0,0,0,0.0,41003.0,41003.0,0.0,0.0,0.0,0.0,0.0
1758,0,,,0,0.0,0.0,0,0,0.0,0.0,0.0,0.0,0.0,0.0,0.0,0.0
1809,0,,,0,0.0,0.0,0,0,0.0,46303.0,46303.0,0.0,0.0,0.0,0.0,0.0
289,1,289.0,289.0,0,0.0,0.0,0,0,0.0,1.0,1.0,0.0,0.0,0.0,0.0,0.0
340,1,340.0,340.0,0,0.0,0.0,0,0,0.0,10791.0,10791.0,0.0,0.0,0.0,0.0,0.0
399,1,399.0,399.0,0,0.0,0.0,0,0,0.0,1.0,1.0,0.0,0.0,0.0,0.0,0.0
1617,0,,,0,0.0,0.0,0,0,0.0,1.0,1.0,0.0,0.0,0.0,0.0,0.0
1365,0,,,0,0.0,0.0,0,0,0.0,1.0,1.0,0.0,0.0,0.0,0.0,0.0
1676,0,,,0,0.0,0.0,0,0,0.0,1.0,1.0,0.0,0.0,0.0,0.0,0.0
1584,0,,,0,0.0,0.0,0,0,0.0,1.0,1.0,0.0,0.0,0.0,0.0,0.0
1535,0,,,0,0.0,0.0,0,0,0.0,0.0,0.0,0.0,0.0,0.0,0.0,0.0
873,1,873.0,873.0,0,0.0,0.0,0,0,0.0,0.0,0.0,0.0,0.0,0.0,0.0,0.0
680,1,680.0,680.0,0,0.0,0.0,0,0,0.0,1.0,1.0,0.0,0.0,0.0,0.0,0.0
764,1,764.0,764.0,0,0.0,0.0,0,0,0.0,1.4142135623730951,2.0,0.0,0.0,0.0,0.0,0.0
1525,0,,,0,0.0,0.0,0,0,0.0,1.0,1.0,0.0,0.0,0.0,0.0,0.0
835,1,835.0,835.0,0,0.0,0.0,0,0,0.0,1.0,1.0,0.0,0.0,0.0,0.0,0.0
222,1,222.0,222.0,0,0.0,0.0,0,0,0.0,1.0,1.0,0.0,0.0,0.0,0.0,0.0
1429,0,,,0,0.0,0.0,0,0,0.0,1.0,1.0,0.0,0.0,0.0,0.0,0.0
1544,0,,,0,0.0,0.0,0,0,0.0,10711.0,10711.0,0.0,0.0,0.0,0.0,0.0
1434,0,,,0,0.0,0.0,0,0,0.0,47598.00026261608,47603.0,0.0,0.0,0.0,0.0,0.0
646,1,646.0,646.0,0,0.0,0.0,0,0,0.0,0.0,0.0,0.0,0.0,0.0,0.0,0.0
276,1,276.0,276.0,0,0.0,0.0,0,0,0.0,31001.0,31001.0,0.0,0.0,0.0,0.0,0.0
822,1,822.0,822.0,0,0.0,0.0,0,0,0.0,85102.0,85102.0,0.0,0.0,0.0,0.0,0.0
1851,0,,,0,0.0,0.0,0,0,0.0,81301.0,81301.0,0.0,0.0,0.0,0.0,0.0
1849,0,,,0,0.0,0.0,0,0,0.0,0.0,0.0,0.0,0.0,0.0,0.0,0.0
1297,0,,,0,0.0,0.0,0,0,0.0,1.0,1.0,0.0,0.0,0.0,0.0,0.0
653,1,653.0,653.0,0,0.0,0.0,0,0,0.0,97006.0,97006.0,0.0,0.0,0.0,0.0,0.0
1065,0,,,0,0.0,0.0,0,0,0.0,0.0,0.0,0.0,0.0,0.0,0.0,0.0
861,1,861.0,861.0,0,0.0,0.0,0,0,0.0,1.0,1.0,0.0,0.0,0.0,0.0,0.0
1543,0,,,0,0.0,0.0,0,0,0.0,0.0,0.0,0.0,0.0,0.0,0.0,0.0
1906,0,,,0,0.0,0.0,0,0,0.0,97006.0,97006.0,0.0,0.0,0.0,0.0,0.0
1972,0,,,0,0.0,0.0,0,0,0.0,0.0,0.0,0.0,0.0,0.0,0.0,0.0
1537,0,,,0,0.0,0.0,0,0,0.0,0.0,0.0,0.0,0.0,0.0,0.0,0.0
1319,0,,,0,0.0,0.0,0,0,0.0,47113.0,47113.0,0.0,0.0,0.0,0.0,0.0
1478,0,,,0,0.0,0.0,0,0,0.0,55103.0,55103.0,0.0,0.0,0.0,0.0,0.0
1182,0,,,0,0.0,0.0,0,0,0.0,1.0,1.0,0.0,0.0,0.0,0.0,0.0
1832,0,,,0,0.0,0.0,0,0,0.0,10711.0,10711.0,0.0,0.0,0.0,0.0,0.0
503,1,503.0,503.0,0,0.0,0.0,0,0,0.0,1.0,1.0,0.0,0.0,0.0,0.0,0.0
1973,0,,,0,0.0,0.0,0,0,0.0,0.0,0.0,0.0,0.0,0.0,0.0,0.0
1495,0,,,0,0.0,0.0,0,0,0.0,0.0,0.0,0.0,0.0,0.0,0.0,0.0
424,1,424.0,424.0,0,0.0,0.0,0,0,0.0,13.038404810405298,14.0,0.0,0.0,0.0,0.0,0.0
1443,0,,,0,0.0,0.0,0,0,0.0,1.0,1.0,0.0,0.0,0.0,0.0,0.0
1707,0,,,0,0.0,0.0,0,0,0.0,97006.00032987651,97014.0,0.0,0.0,0.0,0.0,0.0
1127,0,,,0,0.0,0.0,0,0,0.0,1.0,1.0,0.0,0.0,0.0,0.0,0.0
1575,0,,,0,0.0,0.0,0,0,0.0,0.0,0.0,0.0,0.0,0.0,0.0,0.0
79,1,79.0,79.0,0,0.0,0.0,0,0,0.0,1.0,1.0,0.0,0.0,0.0,0.0,0.0
1882,0,,,0,0.0,0.0,0,0,0.0,11.045361017187261,12.0,0.0,0.0,0.0,0.0,0.0
380,1,380.0,380.0,0,0.0,0.0,0,0,0.0,1.0,1.0,0.0,0.0,0.0,0.0,0.0
1636,0,,,0,0.0,0.0,0,0,0.0,1.0,1.0,0.0,0.0,0.0,0.0,0.0
1823,0,,,0,0.0,0.0,0,0,0.0,1.0,1.0,0.0,0.0,0.0,0.0,0.0
1692,0,,,0,0.0,0.0,0,0,0.0,0.0,0.0,0.0,0.0,0.0,0.0,0.0
1246,0,,,0,0.0,0.0,0,0,0.0,1.0,1.0,0.0,0.0,0.0,0.0,0.0
1344,0,,,0,0.0,0.0,0,0,0.0,0.0,0.0,0.0,0.0,0.0,0.0,0.0
882,1,882.0,882.0,0,0.0,0.0,0,0,0.0,0.0,0.0,0.0,0.0,0.0,0.0,0.0
344,1,344.0,344.0,0,0.0,0.0,0,0,0.0,1.0,1.0,0.0,0.0,0.0,0.0,0.0
535,1,535.0,535.0,0,0.0,0.0,0,0,0.0,0.0,0.0,0.0,0.0,0.0,0.0,0.0
221,1,221.0,221.0,0,0.0,0.0,0,0,0.0,0.0,0.0,0.0,0.0,0.0,0.0,0.0
1930,0,,,0,0.0,0.0,0,0,0.0,1.0,1.0,0.0,0.0,0.0,0.0,0.0
1876,0,,,0,0.0,0.0,0,0,0.0,1.0,1.0,0.0,0.0,0.0,0.0,0.0
853,1,853.0,853.0,0,0.0,0.0,0,0,0.0,1.0,1.0,0.0,0.0,0.0,0.0,0.0
124,1,124.0,124.0,0,0.0,0.0,0,0,0.0,0.0,0.0,0.0,0.0,0.0,0.0,0.0
851,1,851.0,851.0,0,0.0,0.0,0,0,0.0,1.0,1.0,0.0,0.0,0.0,0.0,0.0
1049,0,,,0,0.0,0.0,0,0,0.0,0.0,0.0,0.0,0.0,0.0,0.0,0.0
644,1,644.0,644.0,0,0.0,0.0,0,0,0.0,0.0,0.0,0.0,0.0,0.0,0.0,0.0
1256,0,,,0,0.0,0.0,0,0,0.0,47711.001047976344,47721.0,0.0,0.0,0.0,0.0,0.0
69,1,69.0,69.0,0,0.0,0.0,0,0,0.0,1.0,1.0,0.0,0.0,0.0,0.0,0.0
25,1,25.0,25.0,0,0.0,0.0,0,0,0.0,14101.0,14101.0,0.0,0.0,0.0,0.0,0.0
859,1,859.0,859.0,0,0.0,0.0,0,0,0.0,0.0,0.0,0.0,0.0,0.0,0.0,0.0
1731,0,,,0,0.0,0.0,0,0,0.0,1.0,1.0,0.0,0.0,0.0,0.0,0.0
275,1,275.0,275.0,0,0.0,0.0,0,0,0.0,47619.0,47619.0,0.0,0.0,0.0,0.0,0.0
808,1,808.0,808.0,0,0.0,0.0,0,0,0.0,1.0,1.0,0.0,0.0,0.0,0.0,0.0
496,1,496.0,496.0,0,0.0,0.0,0,0,0.0,0.0,0.0,0.0,0.0,0.0,0.0,0.0
1830,0,,,0,0.0,0.0,0,0,0.0,0.0,0.0,0.0,0.0,0.0,0.0,0.0
1137,0,,,0,0.0,0.0,0,0,0.0,1.0,1.0,0.0,0.0,0.0,0.0,0.0
1580,0,,,0,0.0,0.0,0,0,0.0,0.0,0.0,0.0,0.0,0.0,0.0,0.0
1055,0,,,0,0.0,0.0,0,0,0.0,14101.0,14101.0,0.0,0.0,0.0,0.0,0.0
1528,0,,,0,0.0,0.0,0,0,0.0,10711.0,10711.0,0.0,0.0,0.0,0.0,0.0
1904,0,,,0,0.0,0.0,0,0,0.0,0.0,0.0,0.0,0.0,0.0,0.0,0.0
194,1,194.0,194.0,0,0.0,0.0,0,0,0.0,1.0,1.0,0.0,0.0,0.0,0.0,0.0
1587,0,,,0,0.0,0.0,0,0,0.0,0.0,0.0,0.0,0.0,0.0,0.0,0.0
1773,0,,,0,0.0,0.0,0,0,0.0,0.0,0.0,0.0,0.0,0.0,0.0,0.0
1959,0,,,0,0.0,0.0,0,0,0.0,1.0,1.0,0.0,0.0,0.0,0.0,0.0
393,1,393.0,393.0,0,0.0,0.0,0,0,0.0,0.0,0.0,0.0,0.0,0.0,0.0,0.0
1947,0,,,0,0.0,0.0,0,0,0.0,1.0,1.0,0.0,0.0,0.0,0.0,0.0
1781,0,,,0,0.0,0.0,0,0,0.0,0.0,0.0,0.0,0.0,0.0,0.0,0.0
1371,0,,,0,0.0,0.0,0,0,0.0,0.0,0.0,0.0,0.0,0.0,0.0,0.0
623,1,623.0,623.0,0,0.0,0.0,0,0,0.0,0.0,0.0,0.0,0.0,0.0,0.0,0.0
72,1,72.0,72.0,0,0.0,0.0,0,0,0.0,0.0,0.0,0.0,0.0,0.0,0.0,0.0
45,1,45.0,45.0,0,0.0,0.0,0,0,0.0,1.0,1.0,0.0,0.0,0.0,0.0,0.0
462,1,462.0,462.0,0,0.0,0.0,0,0,0.0,49232.0,49232.0,0.0,0.0,0.0,0.0,0.0
1262,0,,,0,0.0,0.0,0,0,0.0,0.0,0.0,0.0,0.0,0.0,0.0,0.0
250,1,250.0,250.0,0,0.0,0.0,0,0,0.0,1.0,1.0,0.0,0.0,0.0,0.0,0.0
1788,0,,,0,0.0,0.0,0,0,0.0,0.0,0.0,0.0,0.0,0.0,0.0,0.0
1018,0,,,0,0.0,0.0,0,0,0.0,86202.0,86202.0,0.0,0.0,0.0,0.0,0.0
1762,0,,,0,0.0,0.0,0,0,0.0,1.0,1.0,0.0,0.0,0.0,0.0,0.0
1603,0,,,0,0.0,0.0,0,0,0.0,1.0,1.0,0.0,0.0,0.0,0.0,0.0
1074,0,,,0,0.0,0.0,0,0,0.0,1.0,1.0,0.0,0.0,0.0,0.0,0.0
1974,0,,,0,0.0,0.0,0,0,0.0,97006.0,97006.0,0.0,0.0,0.0,0.0,0.0
1714,0,,,0,0.0,0.0,0,0,0.0,1.0,1.0,0.0,0.0,0.0,0.0,0.0
286,1,286.0,286.0,0,0.0,0.0,0,0,0.0,0.0,0.0,0.0,0.0,0.0,0.0,0.0
357,1,357.0,357.0,0,0.0,0.0,0,0,0.0,84120.0,84120.0,0.0,0.0,0.0,0.0,0.0
1190,0,,,0,0.0,0.0,0,0,0.0,0.0,0.0,0.0,0.0,0.0,0.0,0.0
1999,0,,,0,0.0,0.0,0,0,0.0,0.0,0.0,0.0,0.0,0.0,0.0,0.0
1239,0,,,0,0.0,0.0,0,0,0.0,0.0,0.0,0.0,0.0,0.0,0.0,0.0
494,1,494.0,494.0,0,0.0,0.0,0,0,0.0,0.0,0.0,0.0,0.0,0.0,0.0,0.0
743,1,743.0,743.0,0,0.0,0.0,0,0,0.0,0.0,0.0,0.0,0.0,0.0,0.0,0.0
852,1,852.0,852.0,0,0.0,0.0,0,0,0.0,1.0,1.0,0.0,0.0,0.0,0.0,0.0
1188,0,,,0,0.0,0.0,0,0,0.0,0.0,0.0,0.0,0.0,0.0,0.0,0.0
671,1,671.0,671.0,0,0.0,0.0,0,0,0.0,1.0,1.0,0.0,0.0,0.0,0.0,0.0
1104,0,,,0,0.0,0.0,0,0,0.0,1.0,1.0,0.0,0.0,0.0,0.0,0.0
251,1,251.0,251.0,0,0.0,0.0,0,0,0.0,85492.0014972161,85508.0,0.0,0.0,0.0,0.0,0.0
346,1,346.0,346.0,0,0.0,0.0,0,0,0.0,0.0,0.0,0.0,0.0,0.0,0.0,0.0
369,1,369.0,369.0,0,0.0,0.0,0,0,0.0,0.0,0.0,0.0,0.0,0.0,0.0,0.0
1284,0,,,0,0.0,0.0,0,0,0.0,0.0,0.0,0.0,0.0,0.0,0.0,0.0
662,1,662.0,662.0,0,0.0,0.0,0,0,0.0,14101.0,14101.0,0.0,0.0,0.0,0.0,0.0
1033,0,,,0,0.0,0.0,0,0,0.0,0.0,0.0,0.0,0.0,0.0,0.0,0.0
579,1,579.0,579.0,0,0.0,0.0,0,0,0.0,0.0,0.0,0.0,0.0,0.0,0.0,0.0
683,1,683.0,683.0,0,0.0,0.0,0,0,0.0,0.0,0.0,0.0,0.0,0.0,0.0,0.0
1323,0,,,0,0.0,0.0,0,0,0.0,14101.0,14101.0,0.0,0.0,0.0,0.0,0.0
1695,0,,,0,0.0,0.0,0,0,0.0,49222.0,49222.0,0.0,0.0,0.0,0.0,0.0
157,1,157.0,157.0,0,0.0,0.0,0,0,0.0,0.0,0.0,0.0,0.0,0.0,0.0,0.0
1031,0,,,0,0.0,0.0,0,0,0.0,1.0,1.0,0.0,0.0,0.0,0.0,0.0
514,1,514.0,514.0,0,0.0,0.0,0,0,0.0,0.0,0.0,0.0,0.0,0.0,0.0,0.0
1967,0,,,0,0.0,0.0,0,0,0.0,1.0,1.0,0.0,0.0,0.0,0.0,0.0
268,1,268.0,268.0,0,0.0,0.0,0,0,0.0,1.0,1.0,0.0,0.0,0.0,0.0,0.0
953,1,953.0,953.0,0,0.0,0.0,0,0,0.0,1.0,1.0,0.0,0.0,0.0,0.0,0.0
396,1,396.0,396.0,0,0.0,0.0,0,0,0.0,1.0,1.0,0.0,0.0,0.0,0.0,0.0
670,1,670.0,670.0,0,0.0,0.0,0,0,0.0,1.0,1.0,0.0,0.0,0.0,0.0,0.0
1954,0,,,0,0.0,0.0,0,0,0.0,13.038404810405298,14.0,0.0,0.0,0.0,0.0,0.0
482,1,482.0,482.0,0,0.0,0.0,0,0,0.0,13.038404810405298,14.0,0.0,0.0,0.0,0.0,0.0
759,1,759.0,759.0,0,0.0,0.0,0,0,0.0,0.0,0.0,0.0,0.0,0.0,0.0,0.0
30,1,30.0,30.0,0,0.0,0.0,0,0,0.0,85101.0,85101.0,0.0,0.0,0.0,0.0,0.0
1093,0,,,0,0.0,0.0,0,0,0.0,0.0,0.0,0.0,0.0,0.0,0.0,0.0
368,1,368.0,368.0,0,0.0,0.0,0,0,0.0,0.0,0.0,0.0,0.0,0.0,0.0,0.0
1481,0,,,0,0.0,0.0,0,0,0.0,0.0,0.0,0.0,0.0,0.0,0.0,0.0
1744,0,,,0,0.0,0.0,0,0,0.0,16291.0,16291.0,0.0,0.0,0.0,0.0,0.0
455,1,455.0,455.0,0,0.0,0.0,0,0,0.0,0.0,0.0,0.0,0.0,0.0,0.0,0.0
1901,0,,,0,0.0,0.0,0,0,0.0,1.0,1.0,0.0,0.0,0.0,0.0,0.0
672,1,672.0,672.0,0,0.0,0.0,0,0,0.0,1.0,1.0,0.0,0.0,0.0,0.0,0.0
1734,0,,,0,0.0,0.0,0,0,0.0,0.0,0.0,0.0,0.0,0.0,0.0,0.0
1487,0,,,0,0.0,0.0,0,0,0.0,1494.0,1494.0,0.0,0.0,0.0,0.0,0.0
1425,0,,,0,0.0,0.0,0,0,0.0,41003.0,41003.0,0.0,0.0,0.0,0.0,0.0
570,1,570.0,570.0,0,0.0,0.0,0,0,0.0,47721.0,47721.0,0.0,0.0,0.0,0.0,0.0
266,1,266.0,266.0,0,0.0,0.0,0,0,0.0,1.0,1.0,0.0,0.0,0.0,0.0,0.0
460,1,460.0,460.0,0,0.0,0.0,0,0,0.0,1.0,1.0,0.0,0.0,0.0,0.0,0.0
1985,0,,,0,0.0,0.0,0,0,0.0,49222.0,49222.0,0.0,0.0,0.0,0.0,0.0
1036,0,,,0,0.0,0.0,0,0,0.0,1.0,1.0,0.0,0.0,0.0,0.0,0.0
1278,0,,,0,0.0,0.0,0,0,0.0,0.0,0.0,0.0,0.0,0.0,0.0,0.0
425,1,425.0,425.0,0,0.0,0.0,0,0,0.0,0.0,0.0,0.0,0.0,0.0,0.0,0.0
1479,0,,,0,0.0,0.0,0,0,0.0,1.0,1.0,0.0,0.0,0.0,0.0,0.0
531,1,531.0,531.0,0,0.0,0.0,0,0,0.0,0.0,0.0,0.0,0.0,0.0,0.0,0.0
436,1,436.0,436.0,0,0.0,0.0,0,0,0.0,99998.0,99998.0,0.0,0.0,0.0,0.0,0.0
1264,0,,,0,0.0,0.0,0,0,0.0,55103.0,55103.0,0.0,0.0,0.0,0.0,0.0
384,1,384.0,384.0,0,0.0,0.0,0,0,0.0,0.0,0.0,0.0,0.0,0.0,0.0,0.0
1347,0,,,0,0.0,0.0,0,0,0.0,1.0,1.0,0.0,0.0,0.0,0.0,0.0
1511,0,,,0,0.0,0.0,0,0,0.0,0.0,0.0,0.0,0.0,0.0,0.0,0.0
787,1,787.0,787.0,0,0.0,0.0,0,0,0.0,0.0,0.0,0.0,0.0,0.0,0.0,0.0
335,1,335.0,335.0,0,0.0,0.0,0,0,0.0,1.0,1.0,0.0,0.0,0.0,0.0,0.0
890,1,890.0,890.0,0,0.0,0.0,0,0,0.0,0.0,0.0,0.0,0.0,0.0,0.0,0.0
66,1,66.0,66.0,0,0.0,0.0,0,0,0.0,0.0,0.0,0.0,0.0,0.0,0.0,0.0
1329,0,,,0,0.0,0.0,0,0,0.0,0.0,0.0,0.0,0.0,0.0,0.0,0.0
428,1,428.0,428.0,0,0.0,0.0,0,0,0.0,55101.0,55101.0,0.0,0.0,0.0,0.0,0.0
940,1,940.0,940.0,0,0.0,0.0,0,0,0.0,47734.0,47734.0,0.0,0.0,0.0,0.0,0.0
856,1,856.0,856.0,0,0.0,0.0,0,0,0.0,1.0,1.0,0.0,0.0,0.0,0.0,0.0
1467,0,,,0,0.0,0.0,0,0,0.0,97004.0,97004.0,0.0,0.0,0.0,0.0,0.0
110,1,110.0,110.0,0,0.0,0.0,0,0,0.0,1.0,1.0,0.0,0.0,0.0,0.0,0.0
1900,0,,,0,0.0,0.0,0,0,0.0,0.0,0.0,0.0,0.0,0.0,0.0,0.0
837,1,837.0,837.0,0,0.0,0.0,0,0,0.0,0.0,0.0,0.0,0.0,0.0,0.0,0.0
1666,0,,,0,0.0,0.0,0,0,0.0,1.0,1.0,0.0,0.0,0.0,0.0,0.0
1861,0,,,0,0.0,0.0,0,0,0.0,1.0,1.0,0.0,0.0,0.0,0.0,0.0
589,1,589.0,589.0,0,0.0,0.0,0,0,0.0,0.0,0.0,0.0,0.0,0.0,0.0,0.0
1181,0,,,0,0.0,0.0,0,0,0.0,0.0,0.0,0.0,0.0,0.0,0.0,0.0
81,1,81.0,81.0,0,0.0,0.0,0,0,0.0,1.0,1.0,0.0,0.0,0.0,0.0,0.0
909,1,909.0,909.0,0,0.0,0.0,0,0,0.0,33150.0,33150.0,0.0,0.0,0.0,0.0,0.0
1173,0,,,0,0.0,0.0,0,0,0.0,1.0,1.0,0.0,0.0,0.0,0.0,0.0
101,1,101.0,101.0,0,0.0,0.0,0,0,0.0,85211.0,85211.0,0.0,0.0,0.0,0.0,0.0
1854,0,,,0,0.0,0.0,0,0,0.0,0.0,0.0,0.0,0.0,0.0,0.0,0.0
775,1,775.0,775.0,0,0.0,0.0,0,0,0.0,1.0,1.0,0.0,0.0,0.0,0.0,0.0
1852,0,,,0,0.0,0.0,0,0,0.0,0.0,0.0,0.0,0.0,0.0,0.0,0.0
1373,0,,,0,0.0,0.0,0,0,0.0,0.0,0.0,0.0,0.0,0.0,0.0,0.0
185,1,185.0,185.0,0,0.0,0.0,0,0,0.0,1.0,1.0,0.0,0.0,0.0,0.0,0.0
62,1,62.0,62.0,0,0.0,0.0,0,0,0.0,0.0,0.0,0.0,0.0,0.0,0.0,0.0
879,1,879.0,879.0,0,0.0,0.0,0,0,0.0,0.0,0.0,0.0,0.0,0.0,0.0,0.0
735,1,735.0,735.0,0,0.0,0.0,0,0,0.0,0.0,0.0,0.0,0.0,0.0,0.0,0.0
1314,0,,,0,0.0,0.0,0,0,0.0,1.0,1.0,0.0,0.0,0.0,0.0,0.0
931,1,931.0,931.0,0,0.0,0.0,0,0,0.0,0.0,0.0,0.0,0.0,0.0,0.0,0.0
115,1,115.0,115.0,0,0.0,0.0,0,0,0.0,0.0,0.0,0.0,0.0,0.0,0.0,0.0
697,1,697.0,697.0,0,0.0,0.0,0,0,0.0,1.0,1.0,0.0,0.0,0.0,0.0,0.0
1598,0,,,0,0.0,0.0,0,0,0.0,0.0,0.0,0.0,0.0,0.0,0.0,0.0
551,1,551.0,551.0,0,0.0,0.0,0,0,0.0,0.0,0.0,0.0,0.0,0.0,0.0,0.0
1711,0,,,0,0.0,0.0,0,0,0.0,1.0,1.0,0.0,0.0,0.0,0.0,0.0
585,1,585.0,585.0,0,0.0,0.0,0,0,0.0,1.0,1.0,0.0,0.0,0.0,0.0,0.0
1144,0,,,0,0.0,0.0,0,0,0.0,1.0,1.0,0.0,0.0,0.0,0.0,0.0
1193,0,,,0,0.0,0.0,0,0,0.0,0.0,0.0,0.0,0.0,0.0,0.0,0.0
450,1,450.0,450.0,0,0.0,0.0,0,0,0.0,46900.0,46900.0,0.0,0.0,0.0,0.0,0.0
1215,0,,,0,0.0,0.0,0,0,0.0,1.0,1.0,0.0,0.0,0.0,0.0,0.0
1022,0,,,0,0.0,0.0,0,0,0.0,64191.0,64191.0,0.0,0.0,0.0,0.0,0.0
932,1,932.0,932.0,0,0.0,0.0,0,0,0.0,1.0,1.0,0.0,0.0,0.0,0.0,0.0
1317,0,,,0,0.0,0.0,0,0,0.0,0.0,0.0,0.0,0.0,0.0,0.0,0.0
1572,0,,,0,0.0,0.0,0,0,0.0,58111.0,58111.0,0.0,0.0,0.0,0.0,0.0
1834,0,,,0,0.0,0.0,0,0,0.0,0.0,0.0,0.0,0.0,0.0,0.0,0.0
1446,0,,,0,0.0,0.0,0,0,0.0,0.0,0.0,0.0,0.0,0.0,0.0,0.0
1870,0,,,0,0.0,0.0,0,0,0.0,1.0,1.0,0.0,0.0,0.0,0.0,0.0
8,1,8.0,8.0,0,0.0,0.0,0,0,0.0,1.4142135623730951,2.0,0.0,0.0,0.0,0.0,0.0
1012,0,,,0,0.0,0.0,0,0,0.0,0.0,0.0,0.0,0.0,0.0,0.0,0.0
1028,0,,,0,0.0,0.0,0,0,0.0,1.0,1.0,0.0,0.0,0.0,0.0,0.0
732,1,732.0,732.0,0,0.0,0.0,0,0,0.0,1.0,1.0,0.0,0.0,0.0,0.0,0.0
1196,0,,,0,0.0,0.0,0,0,0.0,0.0,0.0,0.0,0.0,0.0,0.0,0.0
1244,0,,,0,0.0,0.0,0,0,0.0,0.0,0.0,0.0,0.0,0.0,0.0,0.0
173,1,173.0,173.0,0,0.0,0.0,0,0,0.0,0.0,0.0,0.0,0.0,0.0,0.0,0.0
199,1,199.0,199.0,0,0.0,0.0,0,0,0.0,41003.0,41003.0,0.0,0.0,0.0,0.0,0.0
1338,0,,,0,0.0,0.0,0,0,0.0,1.0,1.0,0.0,0.0,0.0,0.0,0.0
387,1,387.0,387.0,0,0.0,0.0,0,0,0.0,0.0,0.0,0.0,0.0,0.0,0.0,0.0
608,1,608.0,608.0,0,0.0,0.0,0,0,0.0,1.0,1.0,0.0,0.0,0.0,0.0,0.0
467,1,467.0,467.0,0,0.0,0.0,0,0,0.0,0.0,0.0,0.0,0.0,0.0,0.0,0.0
174,1,174.0,174.0,0,0.0,0.0,0,0,0.0,0.0,0.0,0.0,0.0,0.0,0.0,0.0
37,1,37.0,37.0,0,0.0,0.0,0,0,0.0,0.0,0.0,0.0,0.0,0.0,0.0,0.0
1998,0,,,0,0.0,0.0,0,0,0.0,0.0,0.0,0.0,0.0,0.0,0.0,0.0
604,1,604.0,604.0,0,0.0,0.0,0,0,0.0,0.0,0.0,0.0,0.0,0.0,0.0,0.0
307,1,307.0,307.0,0,0.0,0.0,0,0,0.0,1.0,1.0,0.0,0.0,0.0,0.0,0.0
930,1,930.0,930.0,0,0.0,0.0,0,0,0.0,0.0,0.0,0.0,0.0,0.0,0.0,0.0
175,1,175.0,175.0,0,0.0,0.0,0,0,0.0,10712.0,10712.0,0.0,0.0,0.0,0.0,0.0
650,1,650.0,650.0,0,0.0,0.0,0,0,0.0,36002.0,36002.0,0.0,0.0,0.0,0.0,0.0
674,1,674.0,674.0,0,0.0,0.0,0,0,0.0,1.0,1.0,0.0,0.0,0.0,0.0,0.0
1589,0,,,0,0.0,0.0,0,0,0.0,1.0,1.0,0.0,0.0,0.0,0.0,0.0
866,1,866.0,866.0,0,0.0,0.0,0,0,0.0,0.0,0.0,0.0,0.0,0.0,0.0,0.0
1078,0,,,0,0.0,0.0,0,0,0.0,1.0,1.0,0.0,0.0,0.0,0.0,0.0
904,1,904.0,904.0,0,0.0,0.0,0,0,0.0,0.0,0.0,0.0,0.0,0.0,0.0,0.0
756,1,756.0,756.0,0,0.0,0.0,0,0,0.0,14101.0,14101.0,0.0,0.0,0.0,0.0,0.0
692,1,692.0,692.0,0,0.0,0.0,0,0,0.0,0.0,0.0,0.0,0.0,0.0,0.0,0.0
1441,0,,,0,0.0,0.0,0,0,0.0,0.0,0.0,0.0,0.0,0.0,0.0,0.0
575,1,575.0,575.0,0,0.0,0.0,0,0,0.0,0.0,0.0,0.0,0.0,0.0,0.0,0.0
887,1,887.0,887.0,0,0.0,0.0,0,0,0.0,1.0,1.0,0.0,0.0,0.0,0.0,0.0
1994,0,,,0,0.0,0.0,0,0,0.0,0.0,0.0,0.0,0.0,0.0,0.0,0.0
891,1,891.0,891.0,0,0.0,0.0,0,0,0.0,1.0,1.0,0.0,0.0,0.0,0.0,0.0
602,1,602.0,602.0,0,0.0,0.0,0,0,0.0,1.0,1.0,0.0,0.0,0.0,0.0,0.0
1902,0,,,0,0.0,0.0,0,0,0.0,99998.0,99998.0,0.0,0.0,0.0,0.0,0.0
1124,0,,,0,0.0,0.0,0,0,0.0,0.0,0.0,0.0,0.0,0.0,0.0,0.0
501,1,501.0,501.0,0,0.0,0.0,0,0,0.0,1.0,1.0,0.0,0.0,0.0,0.0,0.0
828,1,828.0,828.0,0,0.0,0.0,0,0,0.0,1.0,1.0,0.0,0.0,0.0,0.0,0.0
1696,0,,,0,0.0,0.0,0,0,0.0,49222.0,49222.0,0.0,0.0,0.0,0.0,0.0
1280,0,,,0,0.0,0.0,0,0,0.0,1.0,1.0,0.0,0.0,0.0,0.0,0.0
1829,0,,,0,0.0,0.0,0,0,0.0,0.0,0.0,0.0,0.0,0.0,0.0,0.0
1635,0,,,0,0.0,0.0,0,0,0.0,1.0,1.0,0.0,0.0,0.0,0.0,0.0
1016,0,,,0,0.0,0.0,0,0,0.0,0.0,0.0,0.0,0.0,0.0,0.0,0.0
547,1,547.0,547.0,0,0.0,0.0,0,0,0.0,0.0,0.0,0.0,0.0,0.0,0.0,0.0
742,1,742.0,742.0,0,0.0,0.0,0,0,0.0,41002.0,41002.0,0.0,0.0,0.0,0.0,0.0
26,1,26.0,26.0,0,0.0,0.0,0,0,0.0,1.0,1.0,0.0,0.0,0.0,0.0,0.0
492,1,492.0,492.0,0,0.0,0.0,0,0,0.0,0.0,0.0,0.0,0.0,0.0,0.0,0.0
413,1,413.0,413.0,0,0.0,0.0,0,0,0.0,1.0,1.0,0.0,0.0,0.0,0.0,0.0
261,1,261.0,261.0,0,0.0,0.0,0,0,0.0,1.0,1.0,0.0,0.0,0.0,0.0,0.0
1171,0,,,0,0.0,0.0,0,0,0.0,1.0,1.0,0.0,0.0,0.0,0.0,0.0
1943,0,,,0,0.0,0.0,0,0,0.0,0.0,0.0,0.0,0.0,0.0,0.0,0.0
190,1,190.0,190.0,0,0.0,0.0,0,0,0.0,0.0,0.0,0.0,0.0,0.0,0.0,0.0
493,1,493.0,493.0,0,0.0,0.0,0,0,0.0,84110.0,84110.0,0.0,0.0,0.0,0.0,0.0
1377,0,,,0,0.0,0.0,0,0,0.0,0.0,0.0,0.0,0.0,0.0,0.0,0.0
423,1,423.0,423.0,0,0.0,0.0,0,0,0.0,49222.0,49222.0,0.0,0.0,0.0,0.0,0.0
1889,0,,,0,0.0,0.0,0,0,0.0,0.0,0.0,0.0,0.0,0.0,0.0,0.0
1588,0,,,0,0.0,0.0,0,0,0.0,0.0,0.0,0.0,0.0,0.0,0.0,0.0
721,1,721.0,721.0,0,0.0,0.0,0,0,0.0,41002.0,41002.0,0.0,0.0,0.0,0.0,0.0
1444,0,,,0,0.0,0.0,0,0,0.0,0.0,0.0,0.0,0.0,0.0,0.0,0.0
867,1,867.0,867.0,0,0.0,0.0,0,0,0.0,1.0,1.0,0.0,0.0,0.0,0.0,0.0
1390,0,,,0,0.0,0.0,0,0,0.0,0.0,0.0,0.0,0.0,0.0,0.0,0.0
214,1,214.0,214.0,0,0.0,0.0,0,0,0.0,1.0,1.0,0.0,0.0,0.0,0.0,0.0
949,1,949.0,949.0,0,0.0,0.0,0,0,0.0,1.0,1.0,0.0,0.0,0.0,0.0,0.0
1110,0,,,0,0.0,0.0,0,0,0.0,0.0,0.0,0.0,0.0,0.0,0.0,0.0
1547,0,,,0,0.0,0.0,0,0,0.0,0.0,0.0,0.0,0.0,0.0,0.0,0.0
1756,0,,,0,0.0,0.0,0,0,0.0,1.0,1.0,0.0,0.0,0.0,0.0,0.0
795,1,795.0,795.0,0,0.0,0.0,0,0,0.0,84110.0,84110.0,0.0,0.0,0.0,0.0,0.0
1925,0,,,0,0.0,0.0,0,0,0.0,1.0,1.0,0.0,0.0,0.0,0.0,0.0
675,1,675.0,675.0,0,0.0,0.0,0,0,0.0,0.0,0.0,0.0,0.0,0.0,0.0,0.0
1604,0,,,0,0.0,0.0,0,0,0.0,1.0,1.0,0.0,0.0,0.0,0.0,0.0
783,1,783.0,783.0,0,0.0,0.0,0,0,0.0,1.0,1.0,0.0,0.0,0.0,0.0,0.0
489,1,489.0,489.0,0,0.0,0.0,0,0,0.0,46303.0,46303.0,0.0,0.0,0.0,0.0,0.0
584,1,584.0,584.0,0,0.0,0.0,0,0,0.0,0.0,0.0,0.0,0.0,0.0,0.0,0.0
1770,0,,,0,0.0,0.0,0,0,0.0,1.0,1.0,0.0,0.0,0.0,0.0,0.0
1109,0,,,0,0.0,0.0,0,0,0.0,1.0,1.0,0.0,0.0,0.0,0.0,0.0
1618,0,,,0,0.0,0.0,0,0,0.0,0.0,0.0,0.0,0.0,0.0,0.0,0.0
1923,0,,,0,0.0,0.0,0,0,0.0,1.0,1.0,0.0,0.0,0.0,0.0,0.0
1751,0,,,0,0.0,0.0,0,0,0.0,13945.0,13945.0,0.0,0.0,0.0,0.0,0.0
1602,0,,,0,0.0,0.0,0,0,0.0,0.0,0.0,0.0,0.0,0.0,0.0,0.0
847,1,847.0,847.0,0,0.0,0.0,0,0,0.0,84130.00005348865,84133.0,0.0,0.0,0.0,0.0,0.0
654,1,654.0,654.0,0,0.0,0.0,0,0,0.0,0.0,0.0,0.0,0.0,0.0,0.0,0.0
472,1,472.0,472.0,0,0.0,0.0,0,0,0.0,41002.0,41002.0,0.0,0.0,0.0,0.0,0.0
1941,0,,,0,0.0,0.0,0,0,0.0,1.0,1.0,0.0,0.0,0.0,0.0,0.0
1983,0,,,0,0.0,0.0,0,0,0.0,10503.0,10503.0,0.0,0.0,0.0,0.0,0.0
761,1,761.0,761.0,0,0.0,0.0,0,0,0.0,0.0,0.0,0.0,0.0,0.0,0.0,0.0
1981,0,,,0,0.0,0.0,0,0,0.0,1.0,1.0,0.0,0.0,0.0,0.0,0.0
163,1,163.0,163.0,0,0.0,0.0,0,0,0.0,1.0,1.0,0.0,0.0,0.0,0.0,0.0
1715,0,,,0,0.0,0.0,0,0,0.0,1.0,1.0,0.0,0.0,0.0,0.0,0.0
1260,0,,,0,0.0,0.0,0,0,0.0,84130.0,84130.0,0.0,0.0,0.0,0.0,0.0
1447,0,,,0,0.0,0.0,0,0,0.0,0.0,0.0,0.0,0.0,0.0,0.0,0.0
637,1,637.0,637.0,0,0.0,0.0,0,0,0.0,0.0,0.0,0.0,0.0,0.0,0.0,0.0
855,1,855.0,855.0,0,0.0,0.0,0,0,0.0,0.0,0.0,0.0,0.0,0.0,0.0,0.0
1716,0,,,0,0.0,0.0,0,0,0.0,0.0,0.0,0.0,0.0,0.0,0.0,0.0
1384,0,,,0,0.0,0.0,0,0,0.0,41001.0,41001.0,0.0,0.0,0.0,0.0,0.0
1616,0,,,0,0.0,0.0,0,0,0.0,46521.0,46521.0,0.0,0.0,0.0,0.0,0.0
1869,0,,,0,0.0,0.0,0,0,0.0,13945.0,13945.0,0.0,0.0,0.0,0.0,0.0
1997,0,,,0,0.0,0.0,0,0,0.0,0.0,0.0,0.0,0.0,0.0,0.0,0.0
564,1,564.0,564.0,0,0.0,0.0,0,0,0.0,1.0,1.0,0.0,0.0,0.0,0.0,0.0
182,1,182.0,182.0,0,0.0,0.0,0,0,0.0,1.0,1.0,0.0,0.0,0.0,0.0,0.0
429,1,429.0,429.0,0,0.0,0.0,0,0,0.0,0.0,0.0,0.0,0.0,0.0,0.0,0.0
1749,0,,,0,0.0,0.0,0,0,0.0,0.0,0.0,0.0,0.0,0.0,0.0,0.0
863,1,863.0,863.0,0,0.0,0.0,0,0,0.0,0.0,0.0,0.0,0.0,0.0,0.0,0.0
205,1,205.0,205.0,0,0.0,0.0,0,0,0.0,1.0,1.0,0.0,0.0,0.0,0.0,0.0
1275,0,,,0,0.0,0.0,0,0,0.0,10.04987562112089,11.0,0.0,0.0,0.0,0.0,0.0
733,1,733.0,733.0,0,0.0,0.0,0,0,0.0,0.0,0.0,0.0,0.0,0.0,0.0,0.0
1885,0,,,0,0.0,0.0,0,0,0.0,46303.0,46303.0,0.0,0.0,0.0,0.0,0.0
78,1,78.0,78.0,0,0.0,0.0,0,0,0.0,1.0,1.0,0.0,0.0,0.0,0.0,0.0
1303,0,,,0,0.0,0.0,0,0,0.0,33150.0,33150.0,0.0,0.0,0.0,0.0,0.0
1145,0,,,0,0.0,0.0,0,0,0.0,23933.0,23933.0,0.0,0.0,0.0,0.0,0.0
1229,0,,,0,0.0,0.0,0,0,0.0,1.0,1.0,0.0,0.0,0.0,0.0,0.0
327,1,327.0,327.0,0,0.0,0.0,0,0,0.0,10711.002287367883,10718.0,0.0,0.0,0.0,0.0,0.0
1358,0,,,0,0.0,0.0,0,0,0.0,1.0,1.0,0.0,0.0,0.0,0.0,0.0
165,1,165.0,165.0,0,0.0,0.0,0,0,0.0,1.0,1.0,0.0,0.0,0.0,0.0,0.0
498,1,498.0,498.0,0,0.0,0.0,0,0,0.0,49232.0,49232.0,0.0,0.0,0.0,0.0,0.0
1114,0,,,0,0.0,0.0,0,0,0.0,84130.0,84130.0,0.0,0.0,0.0,0.0,0.0
1993,0,,,0,0.0,0.0,0,0,0.0,49221.0,49221.0,0.0,0.0,0.0,0.0,0.0
465,1,465.0,465.0,0,0.0,0.0,0,0,0.0,16.0312195418814,17.0,0.0,0.0,0.0,0.0,0.0
376,1,376.0,376.0,0,0.0,0.0,0,0,0.0,85211.0,85211.0,0.0,0.0,0.0,0.0,0.0
1894,0,,,0,0.0,0.0,0,0,0.0,64191.0,64191.0,0.0,0.0,0.0,0.0,0.0
40,1,40.0,40.0,0,0.0,0.0,0,0,0.0,61901.0,61901.0,0.0,0.0,0.0,0.0,0.0
1586,0,,,0,0.0,0.0,0,0,0.0,1.0,1.0,0.0,0.0,0.0,0.0,0.0
1774,0,,,0,0.0,0.0,0,0,0.0,0.0,0.0,0.0,0.0,0.0,0.0,0.0
1633,0,,,0,0.0,0.0,0,0,0.0,0.0,0.0,0.0,0.0,0.0,0.0,0.0
713,1,713.0,713.0,0,0.0,0.0,0,0,0.0,97006.0,97006.0,0.0,0.0,0.0,0.0,0.0
29,1,29.0,29.0,0,0.0,0.0,0,0,0.0,0.0,0.0,0.0,0.0,0.0,0.0,0.0
1236,0,,,0,0.0,0.0,0,0,0.0,49222.0,49222.0,0.0,0.0,0.0,0.0,0.0
1451,0,,,0,0.0,0.0,0,0,0.0,1271.0,1271.0,0.0,0.0,0.0,0.0,0.0
1445,0,,,0,0.0,0.0,0,0,0.0,1.0,1.0,0.0,0.0,0.0,0.0,0.0
431,1,431.0,431.0,0,0.0,0.0,0,0,0.0,1.0,1.0,0.0,0.0,0.0,0.0,0.0
656,1,656.0,656.0,0,0.0,0.0,0,0,0.0,1.0,1.0,0.0,0.0,0.0,0.0,0.0
1153,0,,,0,0.0,0.0,0,0,0.0,1.0,1.0,0.0,0.0,0.0,0.0,0.0
858,1,858.0,858.0,0,0.0,0.0,0,0,0.0,1.0,1.0,0.0,0.0,0.0,0.0,0.0
210,1,210.0,210.0,0,0.0,0.0,0,0,0.0,0.0,0.0,0.0,0.0,0.0,0.0,0.0
763,1,763.0,763.0,0,0.0,0.0,0,0,0.0,1.0,1.0,0.0,0.0,0.0,0.0,0.0
1094,0,,,0,0.0,0.0,0,0,0.0,0.0,0.0,0.0,0.0,0.0,0.0,0.0
454,1,454.0,454.0,0,0.0,0.0,0,0,0.0,85229.0,85229.0,0.0,0.0,0.0,0.0,0.0
824,1,824.0,824.0,0,0.0,0.0,0,0,0.0,1.0,1.0,0.0,0.0,0.0,0.0,0.0
625,1,625.0,625.0,0,0.0,0.0,0,0,0.0,1.0,1.0,0.0,0.0,0.0,0.0,0.0
249,1,249.0,249.0,0,0.0,0.0,0,0,0.0,1.0,1.0,0.0,0.0,0.0,0.0,0.0
351,1,351.0,351.0,0,0.0,0.0,0,0,0.0,1291.0,1291.0,0.0,0.0,0.0,0.0,0.0
271,1,271.0,271.0,0,0.0,0.0,0,0,0.0,0.0,0.0,0.0,0.0,0.0,0.0,0.0
1963,0,,,0,0.0,0.0,0,0,0.0,84110.00071929616,84121.0,0.0,0.0,0.0,0.0,0.0
337,1,337.0,337.0,0,0.0,0.0,0,0,0.0,0.0,0.0,0.0,0.0,0.0,0.0,0.0
267,1,267.0,267.0,0,0.0,0.0,0,0,0.0,36002.0,36002.0,0.0,0.0,0.0,0.0,0.0
655,1,655.0,655.0,0,0.0,0.0,0,0,0.0,0.0,0.0,0.0,0.0,0.0,0.0,0.0
485,1,485.0,485.0,0,0.0,0.0,0,0,0.0,99998.0,99998.0,0.0,0.0,0.0,0.0,0.0
1787,0,,,0,0.0,0.0,0,0,0.0,1.0,1.0,0.0,0.0,0.0,0.0,0.0
1650,0,,,0,0.0,0.0,0,0,0.0,64191.0,64191.0,0.0,0.0,0.0,0.0,0.0
118,1,118.0,118.0,0,0.0,0.0,0,0,0.0,47529.0,47529.0,0.0,0.0,0.0,0.0,0.0
1789,0,,,0,0.0,0.0,0,0,0.0,0.0,0.0,0.0,0.0,0.0,0.0,0.0
557,1,557.0,557.0,0,0.0,0.0,0,0,0.0,1.0,1.0,0.0,0.0,0.0,0.0,0.0
1868,0,,,0,0.0,0.0,0,0,0.0,0.0,0.0,0.0,0.0,0.0,0.0,0.0
565,1,565.0,565.0,0,0.0,0.0,0,0,0.0,1.0,1.0,0.0,0.0,0.0,0.0,0.0
1800,0,,,0,0.0,0.0,0,0,0.0,0.0,0.0,0.0,0.0,0.0,0.0,0.0
80,1,80.0,80.0,0,0.0,0.0,0,0,0.0,1.0,1.0,0.0,0.0,0.0,0.0,0.0
1470,0,,,0,0.0,0.0,0,0,0.0,0.0,0.0,0.0,0.0,0.0,0.0,0.0
951,1,951.0,951.0,0,0.0,0.0,0,0,0.0,0.0,0.0,0.0,0.0,0.0,0.0,0.0
758,1,758.0,758.0,0,0.0,0.0,0,0,0.0,0.0,0.0,0.0,0.0,0.0,0.0,0.0
211,1,211.0,211.0,0,0.0,0.0,0,0,0.0,0.0,0.0,0.0,0.0,0.0,0.0,0.0
627,1,627.0,627.0,0,0.0,0.0,0,0,0.0,0.0,0.0,0.0,0.0,0.0,0.0,0.0
298,1,298.0,298.0,0,0.0,0.0,0,0,0.0,1.0,1.0,0.0,0.0,0.0,0.0,0.0
1995,0,,,0,0.0,0.0,0,0,0.0,1.0,1.0,0.0,0.0,0.0,0.0,0.0
422,1,422.0,422.0,0,0.0,0.0,0,0,0.0,43306.0,43306.0,0.0,0.0,0.0,0.0,0.0
1754,0,,,0,0.0,0.0,0,0,0.0,1.0,1.0,0.0,0.0,0.0,0.0,0.0
1403,0,,,0,0.0,0.0,0,0,0.0,14101.0042904752,14112.0,0.0,0.0,0.0,0.0,0.0
1096,0,,,0,0.0,0.0,0,0,0.0,1.0,1.0,0.0,0.0,0.0,0.0,0.0
243,1,243.0,243.0,0,0.0,0.0,0,0,0.0,1.0,1.0,0.0,0.0,0.0,0.0,0.0
108,1,108.0,108.0,0,0.0,0.0,0,0,0.0,1.0,1.0,0.0,0.0,0.0,0.0,0.0
341,1,341.0,341.0,0,0.0,0.0,0,0,0.0,1.0,1.0,0.0,0.0,0.0,0.0,0.0
1799,0,,,0,0.0,0.0,0,0,0.0,1.4142135623730951,2.0,0.0,0.0,0.0,0.0,0.0
686,1,686.0,686.0,0,0.0,0.0,0,0,0.0,1.0,1.0,0.0,0.0,0.0,0.0,0.0
715,1,715.0,715.0,0,0.0,0.0,0,0,0.0,1.0,1.0,0.0,0.0,0.0,0.0,0.0
52,1,52.0,52.0,0,0.0,0.0,0,0,0.0,31001.0,31001.0,0.0,0.0,0.0,0.0,0.0
426,1,426.0,426.0,0,0.0,0.0,0,0,0.0,1.0,1.0,0.0,0.0,0.0,0.0,0.0
1465,0,,,0,0.0,0.0,0,0,0.0,10629.007949945282,10642.0,0.0,0.0,0.0,0.0,0.0
141,1,141.0,141.0,0,0.0,0.0,0,0,0.0,0.0,0.0,0.0,0.0,0.0,0.0,0.0
757,1,757.0,757.0,0,0.0,0.0,0,0,0.0,1.0,1.0,0.0,0.0,0.0,0.0,0.0
509,1,509.0,509.0,0,0.0,0.0,0,0,0.0,49221.0,49221.0,0.0,0.0,0.0,0.0,0.0
921,1,921.0,921.0,0,0.0,0.0,0,0,0.0,0.0,0.0,0.0,0.0,0.0,0.0,0.0
1665,0,,,0,0.0,0.0,0,0,0.0,0.0,0.0,0.0,0.0,0.0,0.0,0.0
272,1,272.0,272.0,0,0.0,0.0,0,0,0.0,64910.0,64910.0,0.0,0.0,0.0,0.0,0.0
1112,0,,,0,0.0,0.0,0,0,0.0,1.0,1.0,0.0,0.0,0.0,0.0,0.0
408,1,408.0,408.0,0,0.0,0.0,0,0,0.0,0.0,0.0,0.0,0.0,0.0,0.0,0.0
1477,0,,,0,0.0,0.0,0,0,0.0,0.0,0.0,0.0,0.0,0.0,0.0,0.0
792,1,792.0,792.0,0,0.0,0.0,0,0,0.0,0.0,0.0,0.0,0.0,0.0,0.0,0.0
1806,0,,,0,0.0,0.0,0,0,0.0,0.0,0.0,0.0,0.0,0.0,0.0,0.0
177,1,177.0,177.0,0,0.0,0.0,0,0,0.0,14101.0,14101.0,0.0,0.0,0.0,0.0,0.0
1611,0,,,0,0.0,0.0,0,0,0.0,1.0,1.0,0.0,0.0,0.0,0.0,0.0
151,1,151.0,151.0,0,0.0,0.0,0,0,0.0,0.0,0.0,0.0,0.0,0.0,0.0,0.0
1129,0,,,0,0.0,0.0,0,0,0.0,0.0,0.0,0.0,0.0,0.0,0.0,0.0
1412,0,,,0,0.0,0.0,0,0,0.0,1.0,1.0,0.0,0.0,0.0,0.0,0.0
1376,0,,,0,0.0,0.0,0,0,0.0,97004.0,97004.0,0.0,0.0,0.0,0.0,0.0
381,1,381.0,381.0,0,0.0,0.0,0,0,0.0,15121.0,15121.0,0.0,0.0,0.0,0.0,0.0
119,1,119.0,119.0,0,0.0,0.0,0,0,0.0,0.0,0.0,0.0,0.0,0.0,0.0,0.0
1846,0,,,0,0.0,0.0,0,0,0.0,0.0,0.0,0.0,0.0,0.0,0.0,0.0
1634,0,,,0,0.0,0.0,0,0,0.0,1.0,1.0,0.0,0.0,0.0,0.0,0.0
414,1,414.0,414.0,0,0.0,0.0,0,0,0.0,1.0,1.0,0.0,0.0,0.0,0.0,0.0
1694,0,,,0,0.0,0.0,0,0,0.0,85101.0,85101.0,0.0,0.0,0.0,0.0,0.0
522,1,522.0,522.0,0,0.0,0.0,0,0,0.0,1.0,1.0,0.0,0.0,0.0,0.0,0.0
545,1,545.0,545.0,0,0.0,0.0,0,0,0.0,1.0,1.0,0.0,0.0,0.0,0.0,0.0
1717,0,,,0,0.0,0.0,0,0,0.0,0.0,0.0,0.0,0.0,0.0,0.0,0.0
1079,0,,,0,0.0,0.0,0,0,0.0,0.0,0.0,0.0,0.0,0.0,0.0,0.0
968,1,968.0,968.0,0,0.0,0.0,0,0,0.0,0.0,0.0,0.0,0.0,0.0,0.0,0.0
1515,0,,,0,0.0,0.0,0,0,0.0,0.0,0.0,0.0,0.0,0.0,0.0,0.0
817,1,817.0,817.0,0,0.0,0.0,0,0,0.0,13921.0,13921.0,0.0,0.0,0.0,0.0,0.0
1048,0,,,0,0.0,0.0,0,0,0.0,2.23606797749979,3.0,0.0,0.0,0.0,0.0,0.0
1903,0,,,0,0.0,0.0,0,0,0.0,0.0,0.0,0.0,0.0,0.0,0.0,0.0
1231,0,,,0,0.0,0.0,0,0,0.0,1.0,1.0,0.0,0.0,0.0,0.0,0.0
1324,0,,,0,0.0,0.0,0,0,0.0,0.0,0.0,0.0,0.0,0.0,0.0,0.0
120,1,120.0,120.0,0,0.0,0.0,0,0,0.0,1.0,1.0,0.0,0.0,0.0,0.0,0.0
1579,0,,,0,0.0,0.0,0,0,0.0,1.0,1.0,0.0,0.0,0.0,0.0,0.0
629,1,629.0,629.0,0,0.0,0.0,0,0,0.0,10711.0,10711.0,0.0,0.0,0.0,0.0,0.0
610,1,610.0,610.0,0,0.0,0.0,0,0,0.0,0.0,0.0,0.0,0.0,0.0,0.0,0.0
1023,0,,,0,0.0,0.0,0,0,0.0,1.0,1.0,0.0,0.0,0.0,0.0,0.0
1283,0,,,0,0.0,0.0,0,0,0.0,1.0,1.0,0.0,0.0,0.0,0.0,0.0
860,1,860.0,860.0,0,0.0,0.0,0,0,0.0,49232.0,49232.0,0.0,0.0,0.0,0.0,0.0
1582,0,,,0,0.0,0.0,0,0,0.0,47113.0,47113.0,0.0,0.0,0.0,0.0,0.0
1517,0,,,0,0.0,0.0,0,0,0.0,0.0,0.0,0.0,0.0,0.0,0.0,0.0
1918,0,,,0,0.0,0.0,0,0,0.0,0.0,0.0,0.0,0.0,0.0,0.0,0.0
161,1,161.0,161.0,0,0.0,0.0,0,0,0.0,1.0,1.0,0.0,0.0,0.0,0.0,0.0
770,1,770.0,770.0,0,0.0,0.0,0,0,0.0,1.0,1.0,0.0,0.0,0.0,0.0,0.0
1359,0,,,0,0.0,0.0,0,0,0.0,0.0,0.0,0.0,0.0,0.0,0.0,0.0
1393,0,,,0,0.0,0.0,0,0,0.0,1.0,1.0,0.0,0.0,0.0,0.0,0.0
941,1,941.0,941.0,0,0.0,0.0,0,0,0.0,1.0,1.0,0.0,0.0,0.0,0.0,0.0
1432,0,,,0,0.0,0.0,0,0,0.0,0.0,0.0,0.0,0.0,0.0,0.0,0.0
1069,0,,,0,0.0,0.0,0,0,0.0,14101.0,14101.0,0.0,0.0,0.0,0.0,0.0
106,1,106.0,106.0,0,0.0,0.0,0,0,0.0,1.0,1.0,0.0,0.0,0.0,0.0,0.0
1712,0,,,0,0.0,0.0,0,0,0.0,13945.0,13945.0,0.0,0.0,0.0,0.0,0.0
170,1,170.0,170.0,0,0.0,0.0,0,0,0.0,0.0,0.0,0.0,0.0,0.0,0.0,0.0
989,1,989.0,989.0,0,0.0,0.0,0,0,0.0,13921.0,13921.0,0.0,0.0,0.0,0.0,0.0
1122,0,,,0,0.0,0.0,0,0,0.0,0.0,0.0,0.0,0.0,0.0,0.0,0.0
606,1,606.0,606.0,0,0.0,0.0,0,0,0.0,0.0,0.0,0.0,0.0,0.0,0.0,0.0
1404,0,,,0,0.0,0.0,0,0,0.0,1.0,1.0,0.0,0.0,0.0,0.0,0.0
2,1,2.0,2.0,0,0.0,0.0,0,0,0.0,1.0,1.0,0.0,0.0,0.0,0.0,0.0
1010,0,,,0,0.0,0.0,0,0,0.0,0.0,0.0,0.0,0.0,0.0,0.0,0.0
1238,0,,,0,0.0,0.0,0,0,0.0,0.0,0.0,0.0,0.0,0.0,0.0,0.0
125,1,125.0,125.0,0,0.0,0.0,0,0,0.0,47113.0,47113.0,0.0,0.0,0.0,0.0,0.0
1662,0,,,0,0.0,0.0,0,0,0.0,1.0,1.0,0.0,0.0,0.0,0.0,0.0
992,1,992.0,992.0,0,0.0,0.0,0,0,0.0,84130.0,84130.0,0.0,0.0,0.0,0.0,0.0
1898,0,,,0,0.0,0.0,0,0,0.0,0.0,0.0,0.0,0.0,0.0,0.0,0.0
1822,0,,,0,0.0,0.0,0,0,0.0,0.0,0.0,0.0,0.0,0.0,0.0,0.0
1884,0,,,0,0.0,0.0,0,0,0.0,0.0,0.0,0.0,0.0,0.0,0.0,0.0
1061,0,,,0,0.0,0.0,0,0,0.0,0.0,0.0,0.0,0.0,0.0,0.0,0.0
643,1,643.0,643.0,0,0.0,0.0,0,0,0.0,0.0,0.0,0.0,0.0,0.0,0.0,0.0
925,1,925.0,925.0,0,0.0,0.0,0,0,0.0,1.0,1.0,0.0,0.0,0.0,0.0,0.0
505,1,505.0,505.0,0,0.0,0.0,0,0,0.0,1.0,1.0,0.0,0.0,0.0,0.0,0.0
1195,0,,,0,0.0,0.0,0,0,0.0,0.0,0.0,0.0,0.0,0.0,0.0,0.0
1146,0,,,0,0.0,0.0,0,0,0.0,0.0,0.0,0.0,0.0,0.0,0.0,0.0
961,1,961.0,961.0,0,0.0,0.0,0,0,0.0,0.0,0.0,0.0,0.0,0.0,0.0,0.0
1433,0,,,0,0.0,0.0,0,0,0.0,0.0,0.0,0.0,0.0,0.0,0.0,0.0
542,1,542.0,542.0,0,0.0,0.0,0,0,0.0,81301.0,81301.0,0.0,0.0,0.0,0.0,0.0
1850,0,,,0,0.0,0.0,0,0,0.0,0.0,0.0,0.0,0.0,0.0,0.0,0.0
1590,0,,,0,0.0,0.0,0,0,0.0,36002.0,36002.0,0.0,0.0,0.0,0.0,0.0
1895,0,,,0,0.0,0.0,0,0,0.0,0.0,0.0,0.0,0.0,0.0,0.0,0.0
417,1,417.0,417.0,0,0.0,0.0,0,0,0.0,1.0,1.0,0.0,0.0,0.0,0.0,0.0
60,1,60.0,60.0,0,0.0,0.0,0,0,0.0,1.0,1.0,0.0,0.0,0.0,0.0,0.0
842,1,842.0,842.0,0,0.0,0.0,0,0,0.0,0.0,0.0,0.0,0.0,0.0,0.0,0.0
1909,0,,,0,0.0,0.0,0,0,0.0,36002.0,36002.0,0.0,0.0,0.0,0.0,0.0
845,1,845.0,845.0,0,0.0,0.0,0,0,0.0,0.0,0.0,0.0,0.0,0.0,0.0,0.0
1449,0,,,0,0.0,0.0,0,0,0.0,0.0,0.0,0.0,0.0,0.0,0.0,0.0
1057,0,,,0,0.0,0.0,0,0,0.0,64910.0,64910.0,0.0,0.0,0.0,0.0,0.0
84,1,84.0,84.0,0,0.0,0.0,0,0,0.0,47112.001528273024,47124.0,0.0,0.0,0.0,0.0,0.0
86,1,86.0,86.0,0,0.0,0.0,0,0,0.0,0.0,0.0,0.0,0.0,0.0,0.0,0.0
1440,0,,,0,0.0,0.0,0,0,0.0,0.0,0.0,0.0,0.0,0.0,0.0,0.0
1150,0,,,0,0.0,0.0,0,0,0.0,0.0,0.0,0.0,0.0,0.0,0.0,0.0
445,1,445.0,445.0,0,0.0,0.0,0,0,0.0,1.0,1.0,0.0,0.0,0.0,0.0,0.0
247,1,247.0,247.0,0,0.0,0.0,0,0,0.0,1.0,1.0,0.0,0.0,0.0,0.0,0.0
1375,0,,,0,0.0,0.0,0,0,0.0,10629.0,10629.0,0.0,0.0,0.0,0.0,0.0
939,1,939.0,939.0,0,0.0,0.0,0,0,0.0,0.0,0.0,0.0,0.0,0.0,0.0,0.0
1026,0,,,0,0.0,0.0,0,0,0.0,16291.0,16291.0,0.0,0.0,0.0,0.0,0.0
1097,0,,,0,0.0,0.0,0,0,0.0,1.0,1.0,0.0,0.0,0.0,0.0,0.0
1233,0,,,0,0.0,0.0,0,0,0.0,0.0,0.0,0.0,0.0,0.0,0.0,0.0
196,1,196.0,196.0,0,0.0,0.0,0,0,0.0,61901.0,61901.0,0.0,0.0,0.0,0.0,0.0
836,1,836.0,836.0,0,0.0,0.0,0,0,0.0,1.0,1.0,0.0,0.0,0.0,0.0,0.0
1223,0,,,0,0.0,0.0,0,0,0.0,1.0,1.0,0.0,0.0,0.0,0.0,0.0
1956,0,,,0,0.0,0.0,0,0,0.0,1.0,1.0,0.0,0.0,0.0,0.0,0.0
241,1,241.0,241.0,0,0.0,0.0,0,0,0.0,1.0,1.0,0.0,0.0,0.0,0.0,0.0
1175,0,,,0,0.0,0.0,0,0,0.0,1.0,1.0,0.0,0.0,0.0,0.0,0.0
24,1,24.0,24.0,0,0.0,0.0,0,0,0.0,0.0,0.0,0.0,0.0,0.0,0.0,0.0
1841,0,,,0,0.0,0.0,0,0,0.0,86102.0,86102.0,0.0,0.0,0.0,0.0,0.0
39,1,39.0,39.0,0,0.0,0.0,0,0,0.0,0.0,0.0,0.0,0.0,0.0,0.0,0.0
463,1,463.0,463.0,0,0.0,0.0,0,0,0.0,0.0,0.0,0.0,0.0,0.0,0.0,0.0
1518,0,,,0,0.0,0.0,0,0,0.0,0.0,0.0,0.0,0.0,0.0,0.0,0.0
729,1,729.0,729.0,0,0.0,0.0,0,0,0.0,1.0,1.0,0.0,0.0,0.0,0.0,0.0
1801,0,,,0,0.0,0.0,0,0,0.0,0.0,0.0,0.0,0.0,0.0,0.0,0.0
1152,0,,,0,0.0,0.0,0,0,0.0,46209.0,46209.0,0.0,0.0,0.0,0.0,0.0
1952,0,,,0,0.0,0.0,0,0,0.0,1.0,1.0,0.0,0.0,0.0,0.0,0.0
1780,0,,,0,0.0,0.0,0,0,0.0,45402.0,45402.0,0.0,0.0,0.0,0.0,0.0
61,1,61.0,61.0,0,0.0,0.0,0,0,0.0,0.0,0.0,0.0,0.0,0.0,0.0,0.0
364,1,364.0,364.0,0,0.0,0.0,0,0,0.0,97004.0,97004.0,0.0,0.0,0.0,0.0,0.0
1011,0,,,0,0.0,0.0,0,0,0.0,0.0,0.0,0.0,0.0,0.0,0.0,0.0
74,1,74.0,74.0,0,0.0,0.0,0,0,0.0,1.0,1.0,0.0,0.0,0.0,0.0,0.0
1320,0,,,0,0.0,0.0,0,0,0.0,0.0,0.0,0.0,0.0,0.0,0.0,0.0
700,1,700.0,700.0,0,0.0,0.0,0,0,0.0,49221.0,49221.0,0.0,0.0,0.0,0.0,0.0
753,1,753.0,753.0,0,0.0,0.0,0,0,0.0,0.0,0.0,0.0,0.0,0.0,0.0,0.0
747,1,747.0,747.0,0,0.0,0.0,0,0,0.0,1.0,1.0,0.0,0.0,0.0,0.0,0.0
1914,0,,,0,0.0,0.0,0,0,0.0,0.0,0.0,0.0,0.0,0.0,0.0,0.0
432,1,432.0,432.0,0,0.0,0.0,0,0,0.0,1.4142135623730951,2.0,0.0,0.0,0.0,0.0,0.0
479,1,479.0,479.0,0,0.0,0.0,0,0,0.0,0.0,0.0,0.0,0.0,0.0,0.0,0.0
504,1,504.0,504.0,0,0.0,0.0,0,0,0.0,0.0,0.0,0.0,0.0,0.0,0.0,0.0
349,1,349.0,349.0,0,0.0,0.0,0,0,0.0,41003.000780430695,41011.0,0.0,0.0,0.0,0.0,0.0
1558,0,,,0,0.0,0.0,0,0,0.0,0.0,0.0,0.0,0.0,0.0,0.0,0.0
1755,0,,,0,0.0,0.0,0,0,0.0,47598.0,47598.0,0.0,0.0,0.0,0.0,0.0
1837,0,,,0,0.0,0.0,0,0,0.0,0.0,0.0,0.0,0.0,0.0,0.0,0.0
145,1,145.0,145.0,0,0.0,0.0,0,0,0.0,1.0,1.0,0.0,0.0,0.0,0.0,0.0
183,1,183.0,183.0,0,0.0,0.0,0,0,0.0,1.0,1.0,0.0,0.0,0.0,0.0,0.0
441,1,441.0,441.0,0,0.0,0.0,0,0,0.0,0.0,0.0,0.0,0.0,0.0,0.0,0.0
270,1,270.0,270.0,0,0.0,0.0,0,0,0.0,0.0,0.0,0.0,0.0,0.0,0.0,0.0
1143,0,,,0,0.0,0.0,0,0,0.0,0.0,0.0,0.0,0.0,0.0,0.0,0.0
1158,0,,,0,0.0,0.0,0,0,0.0,1.0,1.0,0.0,0.0,0.0,0.0,0.0
1790,0,,,0,0.0,0.0,0,0,0.0,10.04987562112089,11.0,0.0,0.0,0.0,0.0,0.0
1843,0,,,0,0.0,0.0,0,0,0.0,1.0,1.0,0.0,0.0,0.0,0.0,0.0
1073,0,,,0,0.0,0.0,0,0,0.0,1.0,1.0,0.0,0.0,0.0,0.0,0.0
204,1,204.0,204.0,0,0.0,0.0,0,0,0.0,1.0,1.0,0.0,0.0,0.0,0.0,0.0
1136,0,,,0,0.0,0.0,0,0,0.0,1.0,1.0,0.0,0.0,0.0,0.0,0.0
1356,0,,,0,0.0,0.0,0,0,0.0,0.0,0.0,0.0,0.0,0.0,0.0,0.0
23,1,23.0,23.0,0,0.0,0.0,0,0,0.0,9.055385138137417,10.0,0.0,0.0,0.0,0.0,0.0
95,1,95.0,95.0,0,0.0,0.0,0,0,0.0,97005.0006236792,97016.0,0.0,0.0,0.0,0.0,0.0
1400,0,,,0,0.0,0.0,0,0,0.0,1.0,1.0,0.0,0.0,0.0,0.0,0.0
569,1,569.0,569.0,0,0.0,0.0,0,0,0.0,1.0,1.0,0.0,0.0,0.0,0.0,0.0
44,1,44.0,44.0,0,0.0,0.0,0,0,0.0,0.0,0.0,0.0,0.0,0.0,0.0,0.0
673,1,673.0,673.0,0,0.0,0.0,0,0,0.0,85102.0,85102.0,0.0,0.0,0.0,0.0,0.0
741,1,741.0,741.0,0,0.0,0.0,0,0,0.0,1.0,1.0,0.0,0.0,0.0,0.0,0.0
765,1,765.0,765.0,0,0.0,0.0,0,0,0.0,0.0,0.0,0.0,0.0,0.0,0.0,0.0
1046,0,,,0,0.0,0.0,0,0,0.0,10629.0,10629.0,0.0,0.0,0.0,0.0,0.0
130,1,130.0,130.0,0,0.0,0.0,0,0,0.0,1.0,1.0,0.0,0.0,0.0,0.0,0.0
534,1,534.0,534.0,0,0.0,0.0,0,0,0.0,1.0,1.0,0.0,0.0,0.0,0.0,0.0
386,1,386.0,386.0,0,0.0,0.0,0,0,0.0,0.0,0.0,0.0,0.0,0.0,0.0,0.0
1198,0,,,0,0.0,0.0,0,0,0.0,0.0,0.0,0.0,0.0,0.0,0.0,0.0
918,1,918.0,918.0,0,0.0,0.0,0,0,0.0,47113.0,47113.0,0.0,0.0,0.0,0.0,0.0
1428,0,,,0,0.0,0.0,0,0,0.0,1.0,1.0,0.0,0.0,0.0,0.0,0.0
1545,0,,,0,0.0,0.0,0,0,0.0,84110.0,84110.0,0.0,0.0,0.0,0.0,0.0
343,1,343.0,343.0,0,0.0,0.0,0,0,0.0,47817.0,47817.0,0.0,0.0,0.0,0.0,0.0
1530,0,,,0,0.0,0.0,0,0,0.0,0.0,0.0,0.0,0.0,0.0,0.0,0.0
487,1,487.0,487.0,0,0.0,0.0,0,0,0.0,0.0,0.0,0.0,0.0,0.0,0.0,0.0
1060,0,,,0,0.0,0.0,0,0,0.0,0.0,0.0,0.0,0.0,0.0,0.0,0.0
774,1,774.0,774.0,0,0.0,0.0,0,0,0.0,86202.0,86202.0,0.0,0.0,0.0,0.0,0.0
434,1,434.0,434.0,0,0.0,0.0,0,0,0.0,0.0,0.0,0.0,0.0,0.0,0.0,0.0
313,1,313.0,313.0,0,0.0,0.0,0,0,0.0,0.0,0.0,0.0,0.0,0.0,0.0,0.0
591,1,591.0,591.0,0,0.0,0.0,0,0,0.0,0.0,0.0,0.0,0.0,0.0,0.0,0.0
388,1,388.0,388.0,0,0.0,0.0,0,0,0.0,1.0,1.0,0.0,0.0,0.0,0.0,0.0
1939,0,,,0,0.0,0.0,0,0,0.0,0.0,0.0,0.0,0.0,0.0,0.0,0.0
880,1,880.0,880.0,0,0.0,0.0,0,0,0.0,0.0,0.0,0.0,0.0,0.0,0.0,0.0
1327,0,,,0,0.0,0.0,0,0,0.0,0.0,0.0,0.0,0.0,0.0,0.0,0.0
1965,0,,,0,0.0,0.0,0,0,0.0,0.0,0.0,0.0,0.0,0.0,0.0,0.0
786,1,786.0,786.0,0,0.0,0.0,0,0,0.0,1.0,1.0,0.0,0.0,0.0,0.0,0.0
1737,0,,,0,0.0,0.0,0,0,0.0,0.0,0.0,0.0,0.0,0.0,0.0,0.0
1419,0,,,0,0.0,0.0,0,0,0.0,0.0,0.0,0.0,0.0,0.0,0.0,0.0
1644,0,,,0,0.0,0.0,0,0,0.0,46303.0,46303.0,0.0,0.0,0.0,0.0,0.0
383,1,383.0,383.0,0,0.0,0.0,0,0,0.0,0.0,0.0,0.0,0.0,0.0,0.0,0.0
631,1,631.0,631.0,0,0.0,0.0,0,0,0.0,0.0,0.0,0.0,0.0,0.0,0.0,0.0
123,1,123.0,123.0,0,0.0,0.0,0,0,0.0,0.0,0.0,0.0,0.0,0.0,0.0,0.0
1624,0,,,0,0.0,0.0,0,0,0.0,0.0,0.0,0.0,0.0,0.0,0.0,0.0
146,1,146.0,146.0,0,0.0,0.0,0,0,0.0,0.0,0.0,0.0,0.0,0.0,0.0,0.0
1140,0,,,0,0.0,0.0,0,0,0.0,1.0,1.0,0.0,0.0,0.0,0.0,0.0
438,1,438.0,438.0,0,0.0,0.0,0,0,0.0,1.0,1.0,0.0,0.0,0.0,0.0,0.0
321,1,321.0,321.0,0,0.0,0.0,0,0,0.0,1.0,1.0,0.0,0.0,0.0,0.0,0.0
537,1,537.0,537.0,0,0.0,0.0,0,0,0.0,1.0,1.0,0.0,0.0,0.0,0.0,0.0
1953,0,,,0,0.0,0.0,0,0,0.0,0.0,0.0,0.0,0.0,0.0,0.0,0.0
1457,0,,,0,0.0,0.0,0,0,0.0,1.0,1.0,0.0,0.0,0.0,0.0,0.0
1044,0,,,0,0.0,0.0,0,0,0.0,47817.0,47817.0,0.0,0.0,0.0,0.0,0.0
1472,0,,,0,0.0,0.0,0,0,0.0,5.0990195135927845,6.0,0.0,0.0,0.0,0.0,0.0
1628,0,,,0,0.0,0.0,0,0,0.0,49222.0,49222.0,0.0,0.0,0.0,0.0,0.0
1570,0,,,0,0.0,0.0,0,0,0.0,0.0,0.0,0.0,0.0,0.0,0.0,0.0
1325,0,,,0,0.0,0.0,0,0,0.0,1.0,1.0,0.0,0.0,0.0,0.0,0.0
1987,0,,,0,0.0,0.0,0,0,0.0,1.0,1.0,0.0,0.0,0.0,0.0,0.0
1757,0,,,0,0.0,0.0,0,0,0.0,0.0,0.0,0.0,0.0,0.0,0.0,0.0
91,1,91.0,91.0,0,0.0,0.0,0,0,0.0,1.0,1.0,0.0,0.0,0.0,0.0,0.0
180,1,180.0,180.0,0,0.0,0.0,0,0,0.0,7.0710678118654755,8.0,0.0,0.0,0.0,0.0,0.0
1316,0,,,0,0.0,0.0,0,0,0.0,1.0,1.0,0.0,0.0,0.0,0.0,0.0
112,1,112.0,112.0,0,0.0,0.0,0,0,0.0,45201.0,45201.0,0.0,0.0,0.0,0.0,0.0
1984,0,,,0,0.0,0.0,0,0,0.0,47113.0,47113.0,0.0,0.0,0.0,0.0,0.0
1926,0,,,0,0.0,0.0,0,0,0.0,49221.0,49221.0,0.0,0.0,0.0,0.0,0.0
1549,0,,,0,0.0,0.0,0,0,0.0,86202.0,86202.0,0.0,0.0,0.0,0.0,0.0
706,1,706.0,706.0,0,0.0,0.0,0,0,0.0,0.0,0.0,0.0,0.0,0.0,0.0,0.0
731,1,731.0,731.0,0,0.0,0.0,0,0,0.0,1.0,1.0,0.0,0.0,0.0,0.0,0.0
807,1,807.0,807.0,0,0.0,0.0,0,0,0.0,0.0,0.0,0.0,0.0,0.0,0.0,0.0
1450,0,,,0,0.0,0.0,0,0,0.0,0.0,0.0,0.0,0.0,0.0,0.0,0.0
1416,0,,,0,0.0,0.0,0,0,0.0,1.0,1.0,0.0,0.0,0.0,0.0,0.0
334,1,334.0,334.0,0,0.0,0.0,0,0,0.0,0.0,0.0,0.0,0.0,0.0,0.0,0.0
1172,0,,,0,0.0,0.0,0,0,0.0,85102.00132194307,85117.0,0.0,0.0,0.0,0.0,0.0
679,1,679.0,679.0,0,0.0,0.0,0,0,0.0,97005.0,97005.0,0.0,0.0,0.0,0.0,0.0
1312,0,,,0,0.0,0.0,0,0,0.0,10629.0,10629.0,0.0,0.0,0.0,0.0,0.0
1282,0,,,0,0.0,0.0,0,0,0.0,1.0,1.0,0.0,0.0,0.0,0.0,0.0
780,1,780.0,780.0,0,0.0,0.0,0,0,0.0,61901.0,61901.0,0.0,0.0,0.0,0.0,0.0
552,1,552.0,552.0,0,0.0,0.0,0,0,0.0,0.0,0.0,0.0,0.0,0.0,0.0,0.0
709,1,709.0,709.0,0,0.0,0.0,0,0,0.0,0.0,0.0,0.0,0.0,0.0,0.0,0.0
1422,0,,,0,0.0,0.0,0,0,0.0,1.0,1.0,0.0,0.0,0.0,0.0,0.0
558,1,558.0,558.0,0,0.0,0.0,0,0,0.0,0.0,0.0,0.0,0.0,0.0,0.0,0.0
1076,0,,,0,0.0,0.0,0,0,0.0,0.0,0.0,0.0,0.0,0.0,0.0,0.0
1111,0,,,0,0.0,0.0,0,0,0.0,1.0,1.0,0.0,0.0,0.0,0.0,0.0
717,1,717.0,717.0,0,0.0,0.0,0,0,0.0,0.0,0.0,0.0,0.0,0.0,0.0,0.0
51,1,51.0,51.0,0,0.0,0.0,0,0,0.0,0.0,0.0,0.0,0.0,0.0,0.0,0.0
1940,0,,,0,0.0,0.0,0,0,0.0,1.0,1.0,0.0,0.0,0.0,0.0,0.0
1163,0,,,0,0.0,0.0,0,0,0.0,0.0,0.0,0.0,0.0,0.0,0.0,0.0
9,1,9.0,9.0,0,0.0,0.0,0,0,0.0,1.0,1.0,0.0,0.0,0.0,0.0,0.0
1485,0,,,0,0.0,0.0,0,0,0.0,1.0,1.0,0.0,0.0,0.0,0.0,0.0
1318,0,,,0,0.0,0.0,0,0,0.0,0.0,0.0,0.0,0.0,0.0,0.0,0.0
581,1,581.0,581.0,0,0.0,0.0,0,0,0.0,0.0,0.0,0.0,0.0,0.0,0.0,0.0
245,1,245.0,245.0,0,0.0,0.0,0,0,0.0,0.0,0.0,0.0,0.0,0.0,0.0,0.0
596,1,596.0,596.0,0,0.0,0.0,0,0,0.0,1.0,1.0,0.0,0.0,0.0,0.0,0.0
42,1,42.0,42.0,0,0.0,0.0,0,0,0.0,1.0,1.0,0.0,0.0,0.0,0.0,0.0
262,1,262.0,262.0,0,0.0,0.0,0,0,0.0,1.0,1.0,0.0,0.0,0.0,0.0,0.0
1,1,1.0,1.0,0,0.0,0.0,0,0,0.0,0.0,0.0,0.0,0.0,0.0,0.0,0.0
730,1,730.0,730.0,0,0.0,0.0,0,0,0.0,14101.0,14101.0,0.0,0.0,0.0,0.0,0.0
790,1,790.0,790.0,0,0.0,0.0,0,0,0.0,1.0,1.0,0.0,0.0,0.0,0.0,0.0
1351,0,,,0,0.0,0.0,0,0,0.0,0.0,0.0,0.0,0.0,0.0,0.0,0.0
1946,0,,,0,0.0,0.0,0,0,0.0,0.0,0.0,0.0,0.0,0.0,0.0,0.0
1835,0,,,0,0.0,0.0,0,0,0.0,22202.0,22202.0,0.0,0.0,0.0,0.0,0.0
474,1,474.0,474.0,0,0.0,0.0,0,0,0.0,0.0,0.0,0.0,0.0,0.0,0.0,0.0
152,1,152.0,152.0,0,0.0,0.0,0,0,0.0,0.0,0.0,0.0,0.0,0.0,0.0,0.0
1657,0,,,0,0.0,0.0,0,0,0.0,1.0,1.0,0.0,0.0,0.0,0.0,0.0
469,1,469.0,469.0,0,0.0,0.0,0,0,0.0,1.0,1.0,0.0,0.0,0.0,0.0,0.0
734,1,734.0,734.0,0,0.0,0.0,0,0,0.0,1.0,1.0,0.0,0.0,0.0,0.0,0.0
1721,0,,,0,0.0,0.0,0,0,0.0,0.0,0.0,0.0,0.0,0.0,0.0,0.0
1739,0,,,0,0.0,0.0,0,0,0.0,0.0,0.0,0.0,0.0,0.0,0.0,0.0
218,1,218.0,218.0,0,0.0,0.0,0,0,0.0,0.0,0.0,0.0,0.0,0.0,0.0,0.0
687,1,687.0,687.0,0,0.0,0.0,0,0,0.0,0.0,0.0,0.0,0.0,0.0,0.0,0.0
1293,0,,,0,0.0,0.0,0,0,0.0,0.0,0.0,0.0,0.0,0.0,0.0,0.0
1248,0,,,0,0.0,0.0,0,0,0.0,1.0,1.0,0.0,0.0,0.0,0.0,0.0
47,1,47.0,47.0,0,0.0,0.0,0,0,0.0,1.0,1.0,0.0,0.0,0.0,0.0,0.0
338,1,338.0,338.0,0,0.0,0.0,0,0,0.0,0.0,0.0,0.0,0.0,0.0,0.0,0.0
15,1,15.0,15.0,0,0.0,0.0,0,0,0.0,1.0,1.0,0.0,0.0,0.0,0.0,0.0
915,1,915.0,915.0,0,0.0,0.0,0,0,0.0,84130.0,84130.0,0.0,0.0,0.0,0.0,0.0
166,1,166.0,166.0,0,0.0,0.0,0,0,0.0,86102.0,86102.0,0.0,0.0,0.0,0.0,0.0
527,1,527.0,527.0,0,0.0,0.0,0,0,0.0,0.0,0.0,0.0,0.0,0.0,0.0,0.0
555,1,555.0,555.0,0,0.0,0.0,0,0,0.0,1.0,1.0,0.0,0.0,0.0,0.0,0.0
1405,0,,,0,0.0,0.0,0,0,0.0,1.0,1.0,0.0,0.0,0.0,0.0,0.0
255,1,255.0,255.0,0,0.0,0.0,0,0,0.0,0.0,0.0,0.0,0.0,0.0,0.0,0.0
1761,0,,,0,0.0,0.0,0,0,0.0,0.0,0.0,0.0,0.0,0.0,0.0,0.0
1100,0,,,0,0.0,0.0,0,0,0.0,1.0,1.0,0.0,0.0,0.0,0.0,0.0
507,1,507.0,507.0,0,0.0,0.0,0,0,0.0,1.0,1.0,0.0,0.0,0.0,0.0,0.0
920,1,920.0,920.0,0,0.0,0.0,0,0,0.0,85102.0,85102.0,0.0,0.0,0.0,0.0,0.0
806,1,806.0,806.0,0,0.0,0.0,0,0,0.0,49232.0,49232.0,0.0,0.0,0.0,0.0,0.0
530,1,530.0,530.0,0,0.0,0.0,0,0,0.0,1.0,1.0,0.0,0.0,0.0,0.0,0.0
1167,0,,,0,0.0,0.0,0,0,0.0,1.0,1.0,0.0,0.0,0.0,0.0,0.0
638,1,638.0,638.0,0,0.0,0.0,0,0,0.0,1.0,1.0,0.0,0.0,0.0,0.0,0.0
1038,0,,,0,0.0,0.0,0,0,0.0,56210.0,56210.0,0.0,0.0,0.0,0.0,0.0
1808,0,,,0,0.0,0.0,0,0,0.0,10503.0,10503.0,0.0,0.0,0.0,0.0,0.0
1627,0,,,0,0.0,0.0,0,0,0.0,0.0,0.0,0.0,0.0,0.0,0.0,0.0
1651,0,,,0,0.0,0.0,0,0,0.0,10711.0,10711.0,0.0,0.0,0.0,0.0,0.0
800,1,800.0,800.0,0,0.0,0.0,0,0,0.0,1.0,1.0,0.0,0.0,0.0,0.0,0.0
83,1,83.0,83.0,0,0.0,0.0,0,0,0.0,1.0,1.0,0.0,0.0,0.0,0.0,0.0
1353,0,,,0,0.0,0.0,0,0,0.0,1.0,1.0,0.0,0.0,0.0,0.0,0.0
1550,0,,,0,0.0,0.0,0,0,0.0,0.0,0.0,0.0,0.0,0.0,0.0,0.0
543,1,543.0,543.0,0,0.0,0.0,0,0,0.0,0.0,0.0,0.0,0.0,0.0,0.0,0.0
259,1,259.0,259.0,0,0.0,0.0,0,0,0.0,1.0,1.0,0.0,0.0,0.0,0.0,0.0
1423,0,,,0,0.0,0.0,0,0,0.0,0.0,0.0,0.0,0.0,0.0,0.0,0.0
794,1,794.0,794.0,0,0.0,0.0,0,0,0.0,9.055385138137417,10.0,0.0,0.0,0.0,0.0,0.0
962,1,962.0,962.0,0,0.0,0.0,0,0,0.0,1.0,1.0,0.0,0.0,0.0,0.0,0.0
911,1,911.0,911.0,0,0.0,0.0,0,0,0.0,47113.0,47113.0,0.0,0.0,0.0,0.0,0.0
707,1,707.0,707.0,0,0.0,0.0,0,0,0.0,1.0,1.0,0.0,0.0,0.0,0.0,0.0
283,1,283.0,283.0,0,0.0,0.0,0,0,0.0,0.0,0.0,0.0,0.0,0.0,0.0,0.0
284,1,284.0,284.0,0,0.0,0.0,0,0,0.0,1.0,1.0,0.0,0.0,0.0,0.0,0.0
93,1,93.0,93.0,0,0.0,0.0,0,0,0.0,0.0,0.0,0.0,0.0,0.0,0.0,0.0
983,1,983.0,983.0,0,0.0,0.0,0,0,0.0,99998.0,99998.0,0.0,0.0,0.0,0.0,0.0
1394,0,,,0,0.0,0.0,0,0,0.0,16213.00197372467,16221.0,0.0,0.0,0.0,0.0,0.0
135,1,135.0,135.0,0,0.0,0.0,0,0,0.0,1.0,1.0,0.0,0.0,0.0,0.0,0.0
1620,0,,,0,0.0,0.0,0,0,0.0,13.038404810405298,14.0,0.0,0.0,0.0,0.0,0.0
1913,0,,,0,0.0,0.0,0,0,0.0,0.0,0.0,0.0,0.0,0.0,0.0,0.0
1482,0,,,0,0.0,0.0,0,0,0.0,58111.0,58111.0,0.0,0.0,0.0,0.0,0.0
736,1,736.0,736.0,0,0.0,0.0,0,0,0.0,1.0,1.0,0.0,0.0,0.0,0.0,0.0
1816,0,,,0,0.0,0.0,0,0,0.0,1.0,1.0,0.0,0.0,0.0,0.0,0.0
598,1,598.0,598.0,0,0.0,0.0,0,0,0.0,0.0,0.0,0.0,0.0,0.0,0.0,0.0
669,1,669.0,669.0,0,0.0,0.0,0,0,0.0,0.0,0.0,0.0,0.0,0.0,0.0,0.0
71,1,71.0,71.0,0,0.0,0.0,0,0,0.0,0.0,0.0,0.0,0.0,0.0,0.0,0.0
402,1,402.0,402.0,0,0.0,0.0,0,0,0.0,47113.0,47113.0,0.0,0.0,0.0,0.0,0.0
1594,0,,,0,0.0,0.0,0,0,0.0,0.0,0.0,0.0,0.0,0.0,0.0,0.0
98,1,98.0,98.0,0,0.0,0.0,0,0,0.0,1.0,1.0,0.0,0.0,0.0,0.0,0.0
990,1,990.0,990.0,0,0.0,0.0,0,0,0.0,0.0,0.0,0.0,0.0,0.0,0.0,0.0
1548,0,,,0,0.0,0.0,0,0,0.0,0.0,0.0,0.0,0.0,0.0,0.0,0.0
442,1,442.0,442.0,0,0.0,0.0,0,0,0.0,53200.00158834584,53213.0,0.0,0.0,0.0,0.0,0.0
1222,0,,,0,0.0,0.0,0,0,0.0,1.0,1.0,0.0,0.0,0.0,0.0,0.0
999,1,999.0,999.0,0,0.0,0.0,0,0,0.0,43302.0,43302.0,0.0,0.0,0.0,0.0,0.0
43,1,43.0,43.0,0,0.0,0.0,0,0,0.0,1.0,1.0,0.0,0.0,0.0,0.0,0.0
1421,0,,,0,0.0,0.0,0,0,0.0,0.0,0.0,0.0,0.0,0.0,0.0,0.0
297,1,297.0,297.0,0,0.0,0.0,0,0,0.0,1.0,1.0,0.0,0.0,0.0,0.0,0.0
1867,0,,,0,0.0,0.0,0,0,0.0,0.0,0.0,0.0,0.0,0.0,0.0,0.0
373,1,373.0,373.0,0,0.0,0.0,0,0,0.0,0.0,0.0,0.0,0.0,0.0,0.0,0.0
49,1,49.0,49.0,0,0.0,0.0,0,0,0.0,46303.0,46303.0,0.0,0.0,0.0,0.0,0.0
1006,0,,,0,0.0,0.0,0,0,0.0,11041.0,11041.0,0.0,0.0,0.0,0.0,0.0
27,1,27.0,27.0,0,0.0,0.0,0,0,0.0,0.0,0.0,0.0,0.0,0.0,0.0,0.0
1641,0,,,0,0.0,0.0,0,0,0.0,23933.0,23933.0,0.0,0.0,0.0,0.0,0.0
630,1,630.0,630.0,0,0.0,0.0,0,0,0.0,49233.00366623999,49252.0,0.0,0.0,0.0,0.0,0.0
1576,0,,,0,0.0,0.0,0,0,0.0,49222.0,49222.0,0.0,0.0,0.0,0.0,0.0
1234,0,,,0,0.0,0.0,0,0,0.0,0.0,0.0,0.0,0.0,0.0,0.0,0.0
1643,0,,,0,0.0,0.0,0,0,0.0,1.0,1.0,0.0,0.0,0.0,0.0,0.0
310,1,310.0,310.0,0,0.0,0.0,0,0,0.0,33150.0,33150.0,0.0,0.0,0.0,0.0,0.0
840,1,840.0,840.0,0,0.0,0.0,0,0,0.0,56210.00107632093,56221.0,0.0,0.0,0.0,0.0,0.0
330,1,330.0,330.0,0,0.0,0.0,0,0,0.0,0.0,0.0,0.0,0.0,0.0,0.0,0.0
703,1,703.0,703.0,0,0.0,0.0,0,0,0.0,1.0,1.0,0.0,0.0,0.0,0.0,0.0
1083,0,,,0,0.0,0.0,0,0,0.0,99998.0,99998.0,0.0,0.0,0.0,0.0,0.0
1426,0,,,0,0.0,0.0,0,0,0.0,1.0,1.0,0.0,0.0,0.0,0.0,0.0
923,1,923.0,923.0,0,0.0,0.0,0,0,0.0,1.0,1.0,0.0,0.0,0.0,0.0,0.0
473,1,473.0,473.0,0,0.0,0.0,0,0,0.0,0.0,0.0,0.0,0.0,0.0,0.0,0.0
347,1,347.0,347.0,0,0.0,0.0,0,0,0.0,0.0,0.0,0.0,0.0,0.0,0.0,0.0
548,1,548.0,548.0,0,0.0,0.0,0,0,0.0,0.0,0.0,0.0,0.0,0.0,0.0,0.0
586,1,586.0,586.0,0,0.0,0.0,0,0,0.0,0.0,0.0,0.0,0.0,0.0,0.0,0.0
1664,0,,,0,0.0,0.0,0,0,0.0,0.0,0.0,0.0,0.0,0.0,0.0,0.0
1559,0,,,0,0.0,0.0,0,0,0.0,1.0,1.0,0.0,0.0,0.0,0.0,0.0
912,1,912.0,912.0,0,0.0,0.0,0,0,0.0,86203.0,86203.0,0.0,0.0,0.0,0.0,0.0
538,1,538.0,538.0,0,0.0,0.0,0,0,0.0,1.0,1.0,0.0,0.0,0.0,0.0,0.0
1204,0,,,0,0.0,0.0,0,0,0.0,8.06225774829855,9.0,0.0,0.0,0.0,0.0,0.0
1623,0,,,0,0.0,0.0,0,0,0.0,0.0,0.0,0.0,0.0,0.0,0.0,0.0
1009,0,,,0,0.0,0.0,0,0,0.0,1.0,1.0,0.0,0.0,0.0,0.0,0.0
1497,0,,,0,0.0,0.0,0,0,0.0,1.0,1.0,0.0,0.0,0.0,0.0,0.0
720,1,720.0,720.0,0,0.0,0.0,0,0,0.0,0.0,0.0,0.0,0.0,0.0,0.0,0.0
846,1,846.0,846.0,0,0.0,0.0,0,0,0.0,0.0,0.0,0.0,0.0,0.0,0.0,0.0
1746,0,,,0,0.0,0.0,0,0,0.0,1.0,1.0,0.0,0.0,0.0,0.0,0.0
517,1,517.0,517.0,0,0.0,0.0,0,0,0.0,0.0,0.0,0.0,0.0,0.0,0.0,0.0
708,1,708.0,708.0,0,0.0,0.0,0,0,0.0,22202.00225204925,22212.0,0.0,0.0,0.0,0.0,0.0
254,1,254.0,254.0,0,0.0,0.0,0,0,0.0,0.0,0.0,0.0,0.0,0.0,0.0,0.0
550,1,550.0,550.0,0,0.0,0.0,0,0,0.0,1.0,1.0,0.0,0.0,0.0,0.0,0.0
1533,0,,,0,0.0,0.0,0,0,0.0,1.0,1.0,0.0,0.0,0.0,0.0,0.0
1208,0,,,0,0.0,0.0,0,0,0.0,0.0,0.0,0.0,0.0,0.0,0.0,0.0
256,1,256.0,256.0,0,0.0,0.0,0,0,0.0,0.0,0.0,0.0,0.0,0.0,0.0,0.0
1534,0,,,0,0.0,0.0,0,0,0.0,0.0,0.0,0.0,0.0,0.0,0.0,0.0
988,1,988.0,988.0,0,0.0,0.0,0,0,0.0,1.0,1.0,0.0,0.0,0.0,0.0,0.0
1855,0,,,0,0.0,0.0,0,0,0.0,0.0,0.0,0.0,0.0,0.0,0.0,0.0
1797,0,,,0,0.0,0.0,0,0,0.0,0.0,0.0,0.0,0.0,0.0,0.0,0.0
491,1,491.0,491.0,0,0.0,0.0,0,0,0.0,41003.0,41003.0,0.0,0.0,0.0,0.0,0.0
169,1,169.0,169.0,0,0.0,0.0,0,0,0.0,1.0,1.0,0.0,0.0,0.0,0.0,0.0
1257,0,,,0,0.0,0.0,0,0,0.0,64910.0,64910.0,0.0,0.0,0.0,0.0,0.0
898,1,898.0,898.0,0,0.0,0.0,0,0,0.0,0.0,0.0,0.0,0.0,0.0,0.0,0.0
1629,0,,,0,0.0,0.0,0,0,0.0,97006.0,97006.0,0.0,0.0,0.0,0.0,0.0
607,1,607.0,607.0,0,0.0,0.0,0,0,0.0,43301.0,43301.0,0.0,0.0,0.0,0.0,0.0
292,1,292.0,292.0,0,0.0,0.0,0,0,0.0,1411.0,1411.0,0.0,0.0,0.0,0.0,0.0
1045,0,,,0,0.0,0.0,0,0,0.0,1.0,1.0,0.0,0.0,0.0,0.0,0.0
216,1,216.0,216.0,0,0.0,0.0,0,0,0.0,86203.0,86203.0,0.0,0.0,0.0,0.0,0.0
1462,0,,,0,0.0,0.0,0,0,0.0,0.0,0.0,0.0,0.0,0.0,0.0,0.0
176,1,176.0,176.0,0,0.0,0.0,0,0,0.0,1.0,1.0,0.0,0.0,0.0,0.0,0.0
7,1,7.0,7.0,0,0.0,0.0,0,0,0.0,49222.00101580593,49232.0,0.0,0.0,0.0,0.0,0.0
1778,0,,,0,0.0,0.0,0,0,0.0,0.0,0.0,0.0,0.0,0.0,0.0,0.0
1865,0,,,0,0.0,0.0,0,0,0.0,0.0,0.0,0.0,0.0,0.0,0.0,0.0
240,1,240.0,240.0,0,0.0,0.0,0,0,0.0,1.0,1.0,0.0,0.0,0.0,0.0,0.0
1452,0,,,0,0.0,0.0,0,0,0.0,1.0,1.0,0.0,0.0,0.0,0.0,0.0
248,1,248.0,248.0,0,0.0,0.0,0,0,0.0,0.0,0.0,0.0,0.0,0.0,0.0,0.0
303,1,303.0,303.0,0,0.0,0.0,0,0,0.0,0.0,0.0,0.0,0.0,0.0,0.0,0.0
529,1,529.0,529.0,0,0.0,0.0,0,0,0.0,0.0,0.0,0.0,0.0,0.0,0.0,0.0
