anon_index,max_attack_score,mean_attack_score,pair_count,risk_level
0,0.5058084040889205,0.5058084040889205,1,low
1,0.5179073553613845,0.5179073553613845,1,high
2,0.5155487761517663,0.5155487761517663,1,medium
3,0.49674638187814635,0.49674638187814635,1,low
4,0.5119025324341124,0.5119025324341124,1,medium
5,0.5130057290390646,0.5130057290390646,1,medium
6,0.5118811237349742,0.5118811237349742,1,medium
7,0.49719853117011414,0.49719853117011414,1,low
8,0.5022157904552585,0.5022157904552585,1,low
9,0.5168031742508242,0.5168031742508242,1,high
10,0.5198823359040882,0.5198823359040882,1,high
11,0.5142322933572583,0.5142322933572583,1,medium
12,0.5092798079766875,0.5092798079766875,1,low
13,0.5163698210891401,0.5163698210891401,1,high
14,0.5128102051981681,0.5128102051981681,1,medium
15,0.5118994234595008,0.5118994234595008,1,medium
16,0.5164235033673577,0.5164235033673577,1,high
17,0.5047993220148945,0.5047993220148945,1,low
18,0.5157938205059167,0.5157938205059167,1,high
19,0.5054312208499875,0.5054312208499875,1,low
20,0.5132185214529565,0.5132185214529565,1,medium
21,0.5164506010454003,0.5164506010454003,1,high
22,0.5192996524136113,0.5192996524136113,1,high
23,0.508333143634245,0.508333143634245,1,low
24,0.5100052982785347,0.5100052982785347,1,low
25,0.5185874180455232,0.5185874180455232,1,high
26,0.5036479914911813,0.5036479914911813,1,low
27,0.5056055198938262,0.5056055198938262,1,low
28,0.5092372591151477,0.5092372591151477,1,low
29,0.5135213113774825,0.5135213113774825,1,medium
30,0.5180220893071755,0.5180220893071755,1,high
31,0.5222165423626276,0.5222165423626276,1,critical
32,0.5169110007940568,0.5169110007940568,1,high
33,0.5118652880076429,0.5118652880076429,1,medium
34,0.5143827477052563,0.5143827477052563,1,medium
35,0.5121556374951619,0.5121556374951619,1,medium
36,0.5066837020565362,0.5066837020565362,1,low
37,0.5056647798749436,0.5056647798749436,1,low
38,0.5064431405023674,0.5064431405023674,1,low
39,0.5105569538022419,0.5105569538022419,1,low
40,0.5192608044869903,0.5192608044869903,1,high
41,0.5102965329458554,0.5102965329458554,1,low
42,0.5180908599573918,0.5180908599573918,1,high
43,0.5043729194093234,0.5043729194093234,1,low
44,0.5094362791572421,0.5094362791572421,1,low
45,0.5039329078356113,0.5039329078356113,1,low
46,0.5074375651644929,0.5074375651644929,1,low
47,0.5124376163745675,0.5124376163745675,1,medium
48,0.5046713849234026,0.5046713849234026,1,low
49,0.5107900214706199,0.5107900214706199,1,low
50,0.5123333309099043,0.5123333309099043,1,medium
51,0.5131260675828635,0.5131260675828635,1,medium
52,0.509137902465003,0.509137902465003,1,low
53,0.5112103840602631,0.5112103840602631,1,medium
54,0.5114484705844988,0.5114484705844988,1,medium
55,0.5061618857699296,0.5061618857699296,1,low
56,0.5098716773741163,0.5098716773741163,1,low
57,0.5033907649441824,0.5033907649441824,1,low
58,0.5094123145966807,0.5094123145966807,1,low
59,0.5132108241206607,0.5132108241206607,1,medium
60,0.5251712296090605,0.5251712296090605,1,critical
61,0.507441649291839,0.507441649291839,1,low
62,0.5126977559857405,0.5126977559857405,1,medium
63,0.507168440365427,0.507168440365427,1,low
64,0.5073751466249051,0.5073751466249051,1,low
65,0.5179357348013225,0.5179357348013225,1,high
66,0.5083497883624108,0.5083497883624108,1,low
67,0.51692181990889,0.51692181990889,1,high
68,0.5130312366281697,0.5130312366281697,1,medium
69,0.5204133808641244,0.5204133808641244,1,high
70,0.5165528670138949,0.5165528670138949,1,high
71,0.5033066719696845,0.5033066719696845,1,low
72,0.5126797174676225,0.5126797174676225,1,medium
73,0.5343994086531249,0.5343994086531249,1,critical
74,0.5196333332683577,0.5196333332683577,1,high
75,0.5110648401764006,0.5110648401764006,1,medium
76,0.5077124299878076,0.5077124299878076,1,low
77,0.5137175310909369,0.5137175310909369,1,medium
78,0.5124376163745675,0.5124376163745675,1,medium
79,0.510313160686472,0.510313160686472,1,low
80,0.5088557452931325,0.5088557452931325,1,low
81,0.5025339896792361,0.5025339896792361,1,low
82,0.5092818665972662,0.5092818665972662,1,low
83,0.5302598334162593,0.5302598334162593,1,critical
84,0.4942620829020261,0.4942620829020261,1,low
85,0.5180279336813903,0.5180279336813903,1,high
86,0.5095345138146742,0.5095345138146742,1,low
87,0.5087834351346902,0.5087834351346902,1,low
88,0.5162079152672038,0.5162079152672038,1,high
89,0.5053242610099108,0.5053242610099108,1,low
90,0.5171069293950145,0.5171069293950145,1,high
91,0.506412830542351,0.506412830542351,1,low
92,0.5114752890915604,0.5114752890915604,1,medium
93,0.5035767283849987,0.5035767283849987,1,low
94,0.5216949643506744,0.5216949643506744,1,critical
95,0.5014041207127983,0.5014041207127983,1,low
96,0.5134973436517757,0.5134973436517757,1,medium
97,0.538009814214188,0.538009814214188,1,critical
98,0.5183276039428182,0.5183276039428182,1,high
99,0.5102291011387871,0.5102291011387871,1,low
100,0.5148643046419454,0.5148643046419454,1,medium
101,0.5258541254267918,0.5258541254267918,1,critical
102,0.5093217801225488,0.5093217801225488,1,low
103,0.5080101571936931,0.5080101571936931,1,low
104,0.5132782920231488,0.5132782920231488,1,medium
105,0.5163631483162523,0.5163631483162523,1,high
106,0.5030437507220498,0.5030437507220498,1,low
107,0.518773761775932,0.518773761775932,1,high
108,0.5233547008799538,0.5233547008799538,1,critical
109,0.5089738526144841,0.5089738526144841,1,low
110,0.5066270630425577,0.5066270630425577,1,low
111,0.5037663881966536,0.5037663881966536,1,low
112,0.5159862621338802,0.5159862621338802,1,high
113,0.5105551102892362,0.5105551102892362,1,low
114,0.5084607485719362,0.5084607485719362,1,low
115,0.5053175162340158,0.5053175162340158,1,low
116,0.5100271953691425,0.5100271953691425,1,low
117,0.5147227023430637,0.5147227023430637,1,medium
118,0.513760132720237,0.513760132720237,1,medium
119,0.5118112665326205,0.5118112665326205,1,medium
120,0.5098620420256574,0.5098620420256574,1,low
121,0.5128226974154058,0.5128226974154058,1,medium
122,0.4987970969837092,0.4987970969837092,1,low
123,0.516912657205738,0.516912657205738,1,high
124,0.5075175765541157,0.5075175765541157,1,low
125,0.5099704353841853,0.5099704353841853,1,low
126,0.5153407308298709,0.5153407308298709,1,medium
127,0.5138768945426784,0.5138768945426784,1,medium
128,0.5066936762481281,0.5066936762481281,1,low
129,0.5136206062425969,0.5136206062425969,1,medium
130,0.5224959881907253,0.5224959881907253,1,critical
131,0.5085000953737581,0.5085000953737581,1,low
132,0.5049370038129002,0.5049370038129002,1,low
133,0.5144959132237609,0.5144959132237609,1,medium
134,0.5121475917931245,0.5121475917931245,1,medium
135,0.509790083754241,0.509790083754241,1,low
136,0.5056948439128247,0.5056948439128247,1,low
137,0.5032460609648705,0.5032460609648705,1,low
138,0.5125702938111626,0.5125702938111626,1,medium
139,0.5217798047613841,0.5217798047613841,1,critical
140,0.5157612440586119,0.5157612440586119,1,high
141,0.5038199511874976,0.5038199511874976,1,low
142,0.5029306161401804,0.5029306161401804,1,low
143,0.5094178179792747,0.5094178179792747,1,low
144,0.511214106119844,0.511214106119844,1,medium
145,0.512379902397476,0.512379902397476,1,medium
146,0.5120151318216156,0.5120151318216156,1,medium
147,0.505055288735719,0.505055288735719,1,low
148,0.5107541499703,0.5107541499703,1,low
149,0.5103200270388174,0.5103200270388174,1,low
150,0.511445410974428,0.511445410974428,1,medium
151,0.5025989018400975,0.5025989018400975,1,low
152,0.5175368033411596,0.5175368033411596,1,high
153,0.5124376163745675,0.5124376163745675,1,medium
154,0.5154373771937505,0.5154373771937505,1,medium
155,0.5128686029522941,0.5128686029522941,1,medium
156,0.5104294481811414,0.5104294481811414,1,low
157,0.5111092509802799,0.5111092509802799,1,medium
158,0.5145836498288139,0.5145836498288139,1,medium
159,0.5079243559130622,0.5079243559130622,1,low
160,0.5057258731893081,0.5057258731893081,1,low
161,0.5062090325638323,0.5062090325638323,1,low
162,0.5039988413350235,0.5039988413350235,1,low
163,0.5121051480914026,0.5121051480914026,1,medium
164,0.507664656022166,0.507664656022166,1,low
165,0.5260791084212161,0.5260791084212161,1,critical
166,0.5166906618710131,0.5166906618710131,1,high
167,0.5135132570969745,0.5135132570969745,1,medium
168,0.5132957170942062,0.5132957170942062,1,medium
169,0.5224297610033283,0.5224297610033283,1,critical
170,0.5054906609041385,0.5054906609041385,1,low
171,0.5033342101538905,0.5033342101538905,1,low
172,0.5092837955825081,0.5092837955825081,1,low
173,0.5141813409276729,0.5141813409276729,1,medium
174,0.5064257189325788,0.5064257189325788,1,low
175,0.5082528473090685,0.5082528473090685,1,low
176,0.5205259145185285,0.5205259145185285,1,high
177,0.5192959393544899,0.5192959393544899,1,high
178,0.5046199283393745,0.5046199283393745,1,low
179,0.5066898213246374,0.5066898213246374,1,low
180,0.5019531108397021,0.5019531108397021,1,low
181,0.5142074782258099,0.5142074782258099,1,medium
182,0.5339475613322088,0.5339475613322088,1,critical
183,0.511214106119844,0.511214106119844,1,medium
184,0.5023630165339007,0.5023630165339007,1,low
185,0.5126942518625616,0.5126942518625616,1,medium
186,0.5120642378166455,0.5120642378166455,1,medium
187,0.5114886462456578,0.5114886462456578,1,medium
188,0.5148909301633758,0.5148909301633758,1,medium
189,0.5095765441079859,0.5095765441079859,1,low
190,0.5043955145521081,0.5043955145521081,1,low
191,0.5078089423743378,0.5078089423743378,1,low
192,0.5180293115477741,0.5180293115477741,1,high
193,0.5136664886406668,0.5136664886406668,1,medium
194,0.5112414012765899,0.5112414012765899,1,medium
195,0.5070267803851715,0.5070267803851715,1,low
196,0.5116854630064256,0.5116854630064256,1,medium
197,0.5084834114232324,0.5084834114232324,1,low
198,0.5115570834395663,0.5115570834395663,1,medium
199,0.5104176120683422,0.5104176120683422,1,low
200,0.508333143634245,0.508333143634245,1,low
201,0.5190677129989442,0.5190677129989442,1,high
202,0.5344340893765586,0.5344340893765586,1,critical
203,0.5124376163745675,0.5124376163745675,1,medium
204,0.5212890660016812,0.5212890660016812,1,critical
205,0.5149717815399084,0.5149717815399084,1,medium
206,0.515015537591735,0.515015537591735,1,medium
207,0.5045889313614663,0.5045889313614663,1,low
208,0.5112476584183996,0.5112476584183996,1,medium
209,0.5185658188572716,0.5185658188572716,1,high
210,0.511029491737485,0.511029491737485,1,medium
211,0.510622535744842,0.510622535744842,1,low
212,0.5064092671599563,0.5064092671599563,1,low
213,0.5148355355079102,0.5148355355079102,1,medium
214,0.5073629774436209,0.5073629774436209,1,low
215,0.5088314826049402,0.5088314826049402,1,low
216,0.5182652981372201,0.5182652981372201,1,high
217,0.49991400518391643,0.49991400518391643,1,low
218,0.5140165969695007,0.5140165969695007,1,medium
219,0.51254334168692,0.51254334168692,1,medium
220,0.518139463870171,0.518139463870171,1,high
221,0.5091861147405398,0.5091861147405398,1,low
222,0.5124376163745675,0.5124376163745675,1,medium
223,0.5059586655235614,0.5059586655235614,1,low
224,0.5137012719923786,0.5137012719923786,1,medium
225,0.5131480447045761,0.5131480447045761,1,medium
226,0.5089195147561149,0.5089195147561149,1,low
227,0.5121012031812414,0.5121012031812414,1,medium
228,0.5027975745831079,0.5027975745831079,1,low
229,0.5041602732203531,0.5041602732203531,1,low
230,0.5021321602468788,0.5021321602468788,1,low
231,0.5099667333894226,0.5099667333894226,1,low
232,0.5158345076646141,0.5158345076646141,1,high
233,0.5122109499727525,0.5122109499727525,1,medium
234,0.538247667134144,0.538247667134144,1,critical
235,0.5089375848748081,0.5089375848748081,1,low
236,0.510739492905726,0.510739492905726,1,low
237,0.5126836050456597,0.5126836050456597,1,medium
238,0.510723868188525,0.510723868188525,1,low
239,0.5073246789874049,0.5073246789874049,1,low
240,0.5066596439222592,0.5066596439222592,1,low
241,0.5057655011627329,0.5057655011627329,1,low
242,0.514877605429298,0.514877605429298,1,medium
243,0.5208386511733137,0.5208386511733137,1,high
244,0.5134695596117931,0.5134695596117931,1,medium
245,0.5160503849319404,0.5160503849319404,1,high
246,0.5041802729185295,0.5041802729185295,1,low
247,0.5066073574529164,0.5066073574529164,1,low
248,0.5133865326205843,0.5133865326205843,1,medium
249,0.5053100449211363,0.5053100449211363,1,low
250,0.5183174575182551,0.5183174575182551,1,high
251,0.49936522502023206,0.49936522502023206,1,low
252,0.5053977881151527,0.5053977881151527,1,low
253,0.5066009133434681,0.5066009133434681,1,low
254,0.5118704019237059,0.5118704019237059,1,medium
255,0.514616993801594,0.514616993801594,1,medium
256,0.505113567771197,0.505113567771197,1,low
257,0.5060361867877106,0.5060361867877106,1,low
258,0.5166700089964046,0.5166700089964046,1,high
259,0.5159846976423087,0.5159846976423087,1,high
260,0.5142249105420597,0.5142249105420597,1,medium
261,0.510508623101388,0.510508623101388,1,low
262,0.5043925305324578,0.5043925305324578,1,low
263,0.5107018397246338,0.5107018397246338,1,low
264,0.4958424912444775,0.4958424912444775,1,low
265,0.5193359566864711,0.5193359566864711,1,high
266,0.5073104262472824,0.5073104262472824,1,low
267,0.514385729569851,0.514385729569851,1,medium
268,0.5126012963406922,0.5126012963406922,1,medium
269,0.5058147109403099,0.5058147109403099,1,low
270,0.510010824393306,0.510010824393306,1,low
271,0.5094714378477523,0.5094714378477523,1,low
272,0.5078008414682228,0.5078008414682228,1,low
273,0.5024064896854962,0.5024064896854962,1,low
274,0.5068806524883654,0.5068806524883654,1,low
275,0.508509940515545,0.508509940515545,1,low
276,0.5153490255691494,0.5153490255691494,1,medium
277,0.5083516813745427,0.5083516813745427,1,low
278,0.5157753395308785,0.5157753395308785,1,high
279,0.5080383556396,0.5080383556396,1,low
280,0.511093884914144,0.511093884914144,1,medium
281,0.5112150284996348,0.5112150284996348,1,medium
282,0.5125772323502815,0.5125772323502815,1,medium
283,0.5131290828790154,0.5131290828790154,1,medium
284,0.5086635453165188,0.5086635453165188,1,low
285,0.5054393716499725,0.5054393716499725,1,low
286,0.5097327554928217,0.5097327554928217,1,low
287,0.5105788034604233,0.5105788034604233,1,low
288,0.5084239479712646,0.5084239479712646,1,low
289,0.505522568998924,0.505522568998924,1,low
290,0.501674345948659,0.501674345948659,1,low
291,0.5176769293770652,0.5176769293770652,1,high
292,0.5168337314150899,0.5168337314150899,1,high
293,0.5262506397941065,0.5262506397941065,1,critical
294,0.5180439743010158,0.5180439743010158,1,high
295,0.509230744833554,0.509230744833554,1,low
296,0.524630958468852,0.524630958468852,1,critical
297,0.5137155288841395,0.5137155288841395,1,medium
298,0.51416968042369,0.51416968042369,1,medium
299,0.5220709375428344,0.5220709375428344,1,critical
300,0.5080228866928551,0.5080228866928551,1,low
301,0.522544542379203,0.522544542379203,1,critical
302,0.5182527727937165,0.5182527727937165,1,high
303,0.5107775187881088,0.5107775187881088,1,low
304,0.5107606446700719,0.5107606446700719,1,low
305,0.5135734795075875,0.5135734795075875,1,medium
306,0.5045790521617751,0.5045790521617751,1,low
307,0.5055023784379432,0.5055023784379432,1,low
308,0.5073717561317016,0.5073717561317016,1,low
309,0.5169270949673995,0.5169270949673995,1,high
310,0.5123635794860254,0.5123635794860254,1,medium
311,0.508154238488178,0.508154238488178,1,low
312,0.5465082865083555,0.5465082865083555,1,critical
313,0.5060544154253349,0.5060544154253349,1,low
314,0.5114507392092921,0.5114507392092921,1,medium
315,0.5144107863361799,0.5144107863361799,1,medium
316,0.5037039448895236,0.5037039448895236,1,low
317,0.5159915227118015,0.5159915227118015,1,high
318,0.5181493539841188,0.5181493539841188,1,high
319,0.5347248755682847,0.5347248755682847,1,critical
320,0.5147246317652798,0.5147246317652798,1,medium
321,0.5070883552518785,0.5070883552518785,1,low
322,0.5150953093020368,0.5150953093020368,1,medium
323,0.5082848389116824,0.5082848389116824,1,low
324,0.5147582157823454,0.5147582157823454,1,medium
325,0.5104426315889983,0.5104426315889983,1,low
326,0.5038041462588674,0.5038041462588674,1,low
327,0.4938108863084847,0.4938108863084847,1,low
328,0.5061559956606321,0.5061559956606321,1,low
329,0.5050578742499835,0.5050578742499835,1,low
330,0.5052961926095033,0.5052961926095033,1,low
331,0.505098785949696,0.505098785949696,1,low
332,0.5197118329040417,0.5197118329040417,1,high
333,0.5081947205287628,0.5081947205287628,1,low
334,0.5111783507227553,0.5111783507227553,1,medium
335,0.5109048466000661,0.5109048466000661,1,medium
336,0.5112455099808796,0.5112455099808796,1,medium
337,0.5156955496463685,0.5156955496463685,1,high
338,0.5380314334045416,0.5380314334045416,1,critical
339,0.5041468709358061,0.5041468709358061,1,low
340,0.5032668792295055,0.5032668792295055,1,low
341,0.5142754232478267,0.5142754232478267,1,medium
342,0.5110022588996882,0.5110022588996882,1,medium
343,0.5096153439870422,0.5096153439870422,1,low
344,0.5155434402167479,0.5155434402167479,1,medium
345,0.5078194099885104,0.5078194099885104,1,low
346,0.5064730632835691,0.5064730632835691,1,low
347,0.5164327959231022,0.5164327959231022,1,high
348,0.5078233356439693,0.5078233356439693,1,low
349,0.5036959681331199,0.5036959681331199,1,low
350,0.5084364811761168,0.5084364811761168,1,low
351,0.5103212190015208,0.5103212190015208,1,low
352,0.5127898095264922,0.5127898095264922,1,medium
353,0.5141550302595143,0.5141550302595143,1,medium
354,0.5112687081677502,0.5112687081677502,1,medium
355,0.5137676754294584,0.5137676754294584,1,medium
356,0.5096931882560164,0.5096931882560164,1,low
357,0.5144055372004572,0.5144055372004572,1,medium
358,0.5101146401461572,0.5101146401461572,1,low
359,0.49936522502023206,0.49936522502023206,1,low
360,0.5124376163745675,0.5124376163745675,1,medium
361,0.5063095978029243,0.5063095978029243,1,low
362,0.5092267842804726,0.5092267842804726,1,low
363,0.5076347739868777,0.5076347739868777,1,low
364,0.5034938594815372,0.5034938594815372,1,low
365,0.5079621442648906,0.5079621442648906,1,low
366,0.5089623511486701,0.5089623511486701,1,low
367,0.5085864185156342,0.5085864185156342,1,low
368,0.5389502744735148,0.5389502744735148,1,critical
369,0.5044791629115032,0.5044791629115032,1,low
370,0.5194977067486543,0.5194977067486543,1,high
371,0.5162071040751308,0.5162071040751308,1,high
372,0.5066270630425577,0.5066270630425577,1,low
373,0.5123849345935142,0.5123849345935142,1,medium
374,0.5166841201121074,0.5166841201121074,1,high
375,0.5099608620171044,0.5099608620171044,1,low
376,0.5057712432183421,0.5057712432183421,1,low
377,0.5093697380604175,0.5093697380604175,1,low
378,0.5163312347123702,0.5163312347123702,1,high
379,0.5134354111477185,0.5134354111477185,1,medium
380,0.5181303314068183,0.5181303314068183,1,high
381,0.5071554373132993,0.5071554373132993,1,low
382,0.5172902080289334,0.5172902080289334,1,high
383,0.5078216964365153,0.5078216964365153,1,low
384,0.5124376163745675,0.5124376163745675,1,medium
385,0.5236348590776566,0.5236348590776566,1,critical
386,0.5043248427397123,0.5043248427397123,1,low
387,0.5175732232330664,0.5175732232330664,1,high
388,0.505981951830704,0.505981951830704,1,low
389,0.5093940027994616,0.5093940027994616,1,low
390,0.504873923064379,0.504873923064379,1,low
391,0.5036600087860027,0.5036600087860027,1,low
392,0.5171280415269671,0.5171280415269671,1,high
393,0.503671380125019,0.503671380125019,1,low
394,0.5060770311162611,0.5060770311162611,1,low
395,0.5051862303491431,0.5051862303491431,1,low
396,0.5043664924861706,0.5043664924861706,1,low
397,0.5176910009751832,0.5176910009751832,1,high
398,0.5168669367610464,0.5168669367610464,1,high
399,0.5185683920873503,0.5185683920873503,1,high
400,0.5146465314686016,0.5146465314686016,1,medium
401,0.5125159317864015,0.5125159317864015,1,medium
402,0.5107651197323722,0.5107651197323722,1,low
403,0.5112919986103988,0.5112919986103988,1,medium
404,0.5069207392339962,0.5069207392339962,1,low
405,0.5157096709379173,0.5157096709379173,1,high
406,0.5084925678115653,0.5084925678115653,1,low
407,0.5126461106302164,0.5126461106302164,1,medium
408,0.502366312712616,0.502366312712616,1,low
409,0.5117185666644984,0.5117185666644984,1,medium
410,0.509575490268683,0.509575490268683,1,low
411,0.5372577233347214,0.5372577233347214,1,critical
412,0.5135971318529657,0.5135971318529657,1,medium
413,0.5096320423871564,0.5096320423871564,1,low
414,0.5052954668153959,0.5052954668153959,1,low
415,0.5074881411578186,0.5074881411578186,1,low
416,0.5104980598450899,0.5104980598450899,1,low
417,0.5189937737013279,0.5189937737013279,1,high
418,0.5146291327406876,0.5146291327406876,1,medium
419,0.5130556995169704,0.5130556995169704,1,medium
420,0.5087157462107275,0.5087157462107275,1,low
421,0.5095376090207454,0.5095376090207454,1,low
422,0.5210914446128196,0.5210914446128196,1,high
423,0.5155309733715184,0.5155309733715184,1,medium
424,0.4981032157179197,0.4981032157179197,1,low
425,0.5124376163745675,0.5124376163745675,1,medium
426,0.5089639042016332,0.5089639042016332,1,low
427,0.520366811626826,0.520366811626826,1,high
428,0.515064676934307,0.515064676934307,1,medium
429,0.5158738749270947,0.5158738749270947,1,high
430,0.5168738270547178,0.5168738270547178,1,high
431,0.5144107863361799,0.5144107863361799,1,medium
432,0.5042586168525149,0.5042586168525149,1,low
433,0.502084160070461,0.502084160070461,1,low
434,0.5094452665053253,0.5094452665053253,1,low
435,0.5105510838287277,0.5105510838287277,1,low
436,0.5089341103938897,0.5089341103938897,1,low
437,0.5158489622262343,0.5158489622262343,1,high
438,0.513456089171512,0.513456089171512,1,medium
439,0.5069165227456164,0.5069165227456164,1,low
440,0.5123648023364064,0.5123648023364064,1,medium
441,0.5062011407906173,0.5062011407906173,1,low
442,0.49360339074276127,0.49360339074276127,1,low
443,0.508618618763507,0.508618618763507,1,low
444,0.5062523519879059,0.5062523519879059,1,low
445,0.5137307866555163,0.5137307866555163,1,medium
446,0.5108223980628437,0.5108223980628437,1,medium
447,0.5026696714583275,0.5026696714583275,1,low
448,0.4990233245011848,0.4990233245011848,1,low
449,0.5100331441559477,0.5100331441559477,1,low
450,0.5084901649071973,0.5084901649071973,1,low
451,0.5159055682091762,0.5159055682091762,1,high
452,0.5177120642120655,0.5177120642120655,1,high
453,0.5109337106716206,0.5109337106716206,1,medium
454,0.5029711859474393,0.5029711859474393,1,low
455,0.5071815871123202,0.5071815871123202,1,low
456,0.5071195517876957,0.5071195517876957,1,low
457,0.495869173260528,0.495869173260528,1,low
458,0.5108844316510733,0.5108844316510733,1,medium
459,0.5132535754018549,0.5132535754018549,1,medium
460,0.5132396579476152,0.5132396579476152,1,medium
461,0.515293092415347,0.515293092415347,1,medium
462,0.5112182720728131,0.5112182720728131,1,medium
463,0.505529388899764,0.505529388899764,1,low
464,0.5143857273658793,0.5143857273658793,1,medium
465,0.5078789642643003,0.5078789642643003,1,low
466,0.49855574216164533,0.49855574216164533,1,low
467,0.5178057737864125,0.5178057737864125,1,high
468,0.5025860091468531,0.5025860091468531,1,low
469,0.5172288378710528,0.5172288378710528,1,high
470,0.5057619881466887,0.5057619881466887,1,low
471,0.5099510898763113,0.5099510898763113,1,low
472,0.5112094479449302,0.5112094479449302,1,medium
473,0.5081732403324609,0.5081732403324609,1,low
474,0.5083619025109802,0.5083619025109802,1,low
475,0.5189902878716143,0.5189902878716143,1,high
476,0.5107667372392052,0.5107667372392052,1,low
477,0.5128609653315873,0.5128609653315873,1,medium
478,0.5190471390512232,0.5190471390512232,1,high
479,0.5053260130925576,0.5053260130925576,1,low
480,0.5093773758517521,0.5093773758517521,1,low
481,0.5181641748330029,0.5181641748330029,1,high
482,0.49180188661976887,0.49180188661976887,1,low
483,0.5115384995049781,0.5115384995049781,1,medium
484,0.5077788534054097,0.5077788534054097,1,low
485,0.5156382366405624,0.5156382366405624,1,high
486,0.5123177370078585,0.5123177370078585,1,medium
487,0.5110582858108502,0.5110582858108502,1,medium
488,0.5059840667935922,0.5059840667935922,1,low
489,0.5107470090329151,0.5107470090329151,1,low
490,0.5028168254376643,0.5028168254376643,1,low
491,0.5129428344083176,0.5129428344083176,1,medium
492,0.5145071416243417,0.5145071416243417,1,medium
493,0.5039552983152471,0.5039552983152471,1,low
494,0.5141242600588932,0.5141242600588932,1,medium
495,0.5043487732980138,0.5043487732980138,1,low
496,0.5107560286369357,0.5107560286369357,1,low
497,0.5339475613322088,0.5339475613322088,1,critical
498,0.5041543391557339,0.5041543391557339,1,low
499,0.5171285648165375,0.5171285648165375,1,high
500,0.5100891568621602,0.5100891568621602,1,low
501,0.5064431405023674,0.5064431405023674,1,low
502,0.520197249115193,0.520197249115193,1,high
503,0.5158927784074082,0.5158927784074082,1,high
504,0.5106287574836221,0.5106287574836221,1,low
505,0.5251286766737431,0.5251286766737431,1,critical
506,0.5161687555801681,0.5161687555801681,1,high
507,0.5123825579675177,0.5123825579675177,1,medium
508,0.5124376163745675,0.5124376163745675,1,medium
509,0.506874947495903,0.506874947495903,1,low
510,0.513461947012272,0.513461947012272,1,medium
511,0.5114752212515966,0.5114752212515966,1,medium
512,0.5096531493353172,0.5096531493353172,1,low
513,0.5125590362312763,0.5125590362312763,1,medium
514,0.5036499406893027,0.5036499406893027,1,low
515,0.5199006239026196,0.5199006239026196,1,high
516,0.5120534476019112,0.5120534476019112,1,medium
517,0.5074722398211976,0.5074722398211976,1,low
518,0.5177900555706704,0.5177900555706704,1,high
519,0.5124376163745675,0.5124376163745675,1,medium
520,0.503621214164742,0.503621214164742,1,low
521,0.49697243998386265,0.49697243998386265,1,low
522,0.5139356063609601,0.5139356063609601,1,medium
523,0.512027858245225,0.512027858245225,1,medium
524,0.5047805033685746,0.5047805033685746,1,low
525,0.520197249115193,0.520197249115193,1,high
526,0.5122921766759333,0.5122921766759333,1,medium
527,0.5036103267368085,0.5036103267368085,1,low
528,0.5124376163745675,0.5124376163745675,1,medium
529,0.5350425491593983,0.5350425491593983,1,critical
530,0.5405725627813495,0.5405725627813495,1,critical
531,0.5144374960233117,0.5144374960233117,1,medium
532,0.5187482746557093,0.5187482746557093,1,high
533,0.5140225243834621,0.5140225243834621,1,medium
534,0.5091415042160989,0.5091415042160989,1,low
535,0.5070556204515397,0.5070556204515397,1,low
536,0.5167278984955282,0.5167278984955282,1,high
537,0.5100972253308286,0.5100972253308286,1,low
538,0.5124376163745675,0.5124376163745675,1,medium
539,0.5101383579677822,0.5101383579677822,1,low
540,0.5124376163745675,0.5124376163745675,1,medium
541,0.5115703893952387,0.5115703893952387,1,medium
542,0.5082773838577377,0.5082773838577377,1,low
543,0.5407307899645921,0.5407307899645921,1,critical
544,0.5217085297447644,0.5217085297447644,1,critical
545,0.5061692402917304,0.5061692402917304,1,low
546,0.5127914319716159,0.5127914319716159,1,medium
547,0.5039466132315682,0.5039466132315682,1,low
548,0.507451763686646,0.507451763686646,1,low
549,0.5162179101734622,0.5162179101734622,1,high
550,0.5148872860848314,0.5148872860848314,1,medium
551,0.5100403192508328,0.5100403192508328,1,low
552,0.5135854172970277,0.5135854172970277,1,medium
553,0.5152327485559325,0.5152327485559325,1,medium
554,0.5098053810877713,0.5098053810877713,1,low
555,0.533704343196069,0.533704343196069,1,critical
556,0.5100052512781564,0.5100052512781564,1,low
557,0.5124376163745675,0.5124376163745675,1,medium
558,0.5132996298596005,0.5132996298596005,1,medium
559,0.5087127633610936,0.5087127633610936,1,low
560,0.516695884205288,0.516695884205288,1,high
561,0.5028052412748089,0.5028052412748089,1,low
562,0.5091680714461754,0.5091680714461754,1,low
563,0.5084834114232324,0.5084834114232324,1,low
564,0.5089294405756931,0.5089294405756931,1,low
565,0.5160968776900299,0.5160968776900299,1,high
566,0.5077986630140953,0.5077986630140953,1,low
567,0.5157841454715727,0.5157841454715727,1,high
568,0.5039553185109611,0.5039553185109611,1,low
569,0.5093773758517521,0.5093773758517521,1,low
570,0.5066702025450728,0.5066702025450728,1,low
571,0.5164451474801053,0.5164451474801053,1,high
572,0.5069705821950398,0.5069705821950398,1,low
573,0.5145237398821455,0.5145237398821455,1,medium
574,0.5089232084600417,0.5089232084600417,1,low
575,0.5059981830624393,0.5059981830624393,1,low
576,0.5164353396001754,0.5164353396001754,1,high
577,0.5054870595807616,0.5054870595807616,1,low
578,0.512719098988871,0.512719098988871,1,medium
579,0.5152253478753536,0.5152253478753536,1,medium
580,0.5107820955375172,0.5107820955375172,1,low
581,0.5088272866631453,0.5088272866631453,1,low
582,0.506924568632478,0.506924568632478,1,low
583,0.5133666829535933,0.5133666829535933,1,medium
584,0.5162329415177115,0.5162329415177115,1,high
585,0.5050467517339035,0.5050467517339035,1,low
586,0.5054539834554551,0.5054539834554551,1,low
587,0.5082420548470322,0.5082420548470322,1,low
588,0.50304994932653,0.50304994932653,1,low
589,0.5075874054668442,0.5075874054668442,1,low
590,0.5078394648627585,0.5078394648627585,1,low
591,0.5078348130611271,0.5078348130611271,1,low
592,0.5113501177273062,0.5113501177273062,1,medium
593,0.510912424510371,0.510912424510371,1,medium
594,0.5083429676126597,0.5083429676126597,1,low
595,0.5082945633359995,0.5082945633359995,1,low
596,0.5100855352364785,0.5100855352364785,1,low
597,0.5187166142077414,0.5187166142077414,1,high
598,0.5069392231534282,0.5069392231534282,1,low
599,0.5080186246508195,0.5080186246508195,1,low
600,0.5169179329631688,0.5169179329631688,1,high
601,0.5056897572338322,0.5056897572338322,1,low
602,0.5152121264391667,0.5152121264391667,1,medium
603,0.5157379123626217,0.5157379123626217,1,high
604,0.5109177244586428,0.5109177244586428,1,medium
605,0.5202545808076654,0.5202545808076654,1,high
606,0.5046777336000783,0.5046777336000783,1,low
607,0.5100658944197236,0.5100658944197236,1,low
608,0.5071301108648416,0.5071301108648416,1,low
609,0.5151043154434636,0.5151043154434636,1,medium
610,0.5139692629263398,0.5139692629263398,1,medium
611,0.5067303745563431,0.5067303745563431,1,low
612,0.5143075936021679,0.5143075936021679,1,medium
613,0.5079896419439489,0.5079896419439489,1,low
614,0.5100218824855071,0.5100218824855071,1,low
615,0.5065609284684093,0.5065609284684093,1,low
616,0.5041179507520638,0.5041179507520638,1,low
617,0.5021031375992454,0.5021031375992454,1,low
618,0.5146046943236097,0.5146046943236097,1,medium
619,0.5059737536328255,0.5059737536328255,1,low
620,0.5034976401602753,0.5034976401602753,1,low
621,0.5125805222439094,0.5125805222439094,1,medium
622,0.5208832110444753,0.5208832110444753,1,high
623,0.5145376384506735,0.5145376384506735,1,medium
624,0.5083057578452986,0.5083057578452986,1,low
625,0.5089195147561149,0.5089195147561149,1,low
626,0.5183401496579113,0.5183401496579113,1,high
627,0.5059109895794581,0.5059109895794581,1,low
628,0.5140627942923409,0.5140627942923409,1,medium
629,0.5041310640884348,0.5041310640884348,1,low
630,0.5017264525007086,0.5017264525007086,1,low
631,0.5188397457661149,0.5188397457661149,1,high
632,0.5048139990094741,0.5048139990094741,1,low
633,0.5084856763415101,0.5084856763415101,1,low
634,0.5180468509083375,0.5180468509083375,1,high
635,0.5071187805067242,0.5071187805067242,1,low
636,0.5124376163745675,0.5124376163745675,1,medium
637,0.518986719733788,0.518986719733788,1,high
638,0.5057351540717554,0.5057351540717554,1,low
639,0.5110130556325015,0.5110130556325015,1,medium
640,0.5130408018359387,0.5130408018359387,1,medium
641,0.503313480457169,0.503313480457169,1,low
642,0.5088673217341738,0.5088673217341738,1,low
643,0.5161871399244834,0.5161871399244834,1,high
644,0.5153294773650946,0.5153294773650946,1,medium
645,0.5091213867793007,0.5091213867793007,1,low
646,0.5160963817012143,0.5160963817012143,1,high
647,0.516116368448917,0.516116368448917,1,high
648,0.5155436516385691,0.5155436516385691,1,medium
649,0.5069169134303833,0.5069169134303833,1,low
650,0.5169969178651167,0.5169969178651167,1,high
651,0.5100584776683433,0.5100584776683433,1,low
652,0.5096081387719132,0.5096081387719132,1,low
653,0.5110878162445747,0.5110878162445747,1,medium
654,0.5063523721654777,0.5063523721654777,1,low
655,0.5192169577801207,0.5192169577801207,1,high
656,0.5104873418033972,0.5104873418033972,1,low
657,0.509452900394527,0.509452900394527,1,low
658,0.5076301429529155,0.5076301429529155,1,low
659,0.514385729569851,0.514385729569851,1,medium
660,0.519058905479784,0.519058905479784,1,high
661,0.5122370262532928,0.5122370262532928,1,medium
662,0.5041692034331448,0.5041692034331448,1,low
663,0.5116433541482723,0.5116433541482723,1,medium
664,0.5087245973151248,0.5087245973151248,1,low
665,0.5196099805610858,0.5196099805610858,1,high
666,0.5222413679960174,0.5222413679960174,1,critical
667,0.5124376163745675,0.5124376163745675,1,medium
668,0.5110216691115631,0.5110216691115631,1,medium
669,0.5110248406506508,0.5110248406506508,1,medium
670,0.508236438989328,0.508236438989328,1,low
671,0.5062253166820163,0.5062253166820163,1,low
672,0.5100900521991173,0.5100900521991173,1,low
673,0.5073010754785233,0.5073010754785233,1,low
674,0.5082734149942163,0.5082734149942163,1,low
675,0.5063117346500635,0.5063117346500635,1,low
676,0.5418569354611874,0.5418569354611874,1,critical
677,0.5042455724694938,0.5042455724694938,1,low
678,0.5118369328215192,0.5118369328215192,1,medium
679,0.5189260367166553,0.5189260367166553,1,high
680,0.5124376163745675,0.5124376163745675,1,medium
681,0.5182597671401771,0.5182597671401771,1,high
682,0.5367202882827607,0.5367202882827607,1,critical
683,0.5052998797962843,0.5052998797962843,1,low
684,0.5380112665507729,0.5380112665507729,1,critical
685,0.5046268804256642,0.5046268804256642,1,low
686,0.5118602646921353,0.5118602646921353,1,medium
687,0.5064595454094799,0.5064595454094799,1,low
688,0.5172938178627463,0.5172938178627463,1,high
689,0.522348061082838,0.522348061082838,1,critical
690,0.518096150573491,0.518096150573491,1,high
691,0.5100855352364785,0.5100855352364785,1,low
692,0.5099017633200406,0.5099017633200406,1,low
693,0.5112186669409474,0.5112186669409474,1,medium
694,0.5157750395159314,0.5157750395159314,1,high
695,0.5047955316680147,0.5047955316680147,1,low
696,0.5097373805433206,0.5097373805433206,1,low
697,0.5222321819189263,0.5222321819189263,1,critical
698,0.534875957603155,0.534875957603155,1,critical
699,0.5068803534830201,0.5068803534830201,1,low
700,0.5097359297977068,0.5097359297977068,1,low
701,0.5153825726427551,0.5153825726427551,1,medium
702,0.5165743957378455,0.5165743957378455,1,high
703,0.5112371926280376,0.5112371926280376,1,medium
704,0.5130312366281697,0.5130312366281697,1,medium
705,0.5207953233934711,0.5207953233934711,1,high
706,0.5155591931964473,0.5155591931964473,1,medium
707,0.5135138615692493,0.5135138615692493,1,medium
708,0.5058479788381541,0.5058479788381541,1,low
709,0.5105647500883186,0.5105647500883186,1,low
710,0.5032982542537041,0.5032982542537041,1,low
711,0.5108822192935008,0.5108822192935008,1,medium
712,0.5100888082535951,0.5100888082535951,1,low
713,0.5109943533260891,0.5109943533260891,1,medium
714,0.510588382115467,0.510588382115467,1,low
715,0.5062183083221631,0.5062183083221631,1,low
716,0.5092633186868057,0.5092633186868057,1,low
717,0.5132259406589371,0.5132259406589371,1,medium
718,0.5112094479449302,0.5112094479449302,1,medium
719,0.49811859957299826,0.49811859957299826,1,low
720,0.517175525566007,0.517175525566007,1,high
721,0.5094202840935017,0.5094202840935017,1,low
722,0.5096433124955778,0.5096433124955778,1,low
723,0.5118893074521753,0.5118893074521753,1,medium
724,0.5041785631001777,0.5041785631001777,1,low
725,0.5063731654961454,0.5063731654961454,1,low
726,0.5169389288854862,0.5169389288854862,1,high
727,0.5025899138552964,0.5025899138552964,1,low
728,0.5107779913035614,0.5107779913035614,1,low
729,0.5161320446399643,0.5161320446399643,1,high
730,0.5201012801720006,0.5201012801720006,1,high
731,0.5048341849976069,0.5048341849976069,1,low
732,0.5103158795464942,0.5103158795464942,1,low
733,0.5072903222507237,0.5072903222507237,1,low
734,0.5094410042980181,0.5094410042980181,1,low
735,0.5166531989156543,0.5166531989156543,1,high
736,0.5032574565804296,0.5032574565804296,1,low
737,0.5077172804934579,0.5077172804934579,1,low
738,0.5052672491806717,0.5052672491806717,1,low
739,0.51102350565276,0.51102350565276,1,medium
740,0.5112010416653444,0.5112010416653444,1,medium
741,0.5057476493201967,0.5057476493201967,1,low
742,0.516695884205288,0.516695884205288,1,high
743,0.5141194354538517,0.5141194354538517,1,medium
744,0.5097996940045467,0.5097996940045467,1,low
745,0.5052883598883686,0.5052883598883686,1,low
746,0.5148763185418079,0.5148763185418079,1,medium
747,0.5080342410293822,0.5080342410293822,1,low
748,0.5126778875550806,0.5126778875550806,1,medium
749,0.5037001878973212,0.5037001878973212,1,low
750,0.5120354911457089,0.5120354911457089,1,medium
751,0.5108954378962901,0.5108954378962901,1,medium
752,0.5123521769782774,0.5123521769782774,1,medium
753,0.5116150237587331,0.5116150237587331,1,medium
754,0.5124376163745675,0.5124376163745675,1,medium
755,0.5141795674778732,0.5141795674778732,1,medium
756,0.5069074008070865,0.5069074008070865,1,low
757,0.5098098451596762,0.5098098451596762,1,low
758,0.5194570548801654,0.5194570548801654,1,high
759,0.5067728981652494,0.5067728981652494,1,low
760,0.509041973789917,0.509041973789917,1,low
761,0.5065920051072849,0.5065920051072849,1,low
762,0.5196208689170969,0.5196208689170969,1,high
763,0.5109811968736246,0.5109811968736246,1,medium
764,0.5028599477102746,0.5028599477102746,1,low
765,0.5144362259215216,0.5144362259215216,1,medium
766,0.5082655264876967,0.5082655264876967,1,low
767,0.5109912125379946,0.5109912125379946,1,medium
768,0.5153225741502728,0.5153225741502728,1,medium
769,0.5104697821819423,0.5104697821819423,1,low
770,0.5121386061146757,0.5121386061146757,1,medium
771,0.5012945903792717,0.5012945903792717,1,low
772,0.5028733215515021,0.5028733215515021,1,low
773,0.5064431405023674,0.5064431405023674,1,low
774,0.5105712529964128,0.5105712529964128,1,low
775,0.5136973816388374,0.5136973816388374,1,medium
776,0.513931952681972,0.513931952681972,1,medium
777,0.5046232327364745,0.5046232327364745,1,low
778,0.5120127778806189,0.5120127778806189,1,medium
779,0.5100943604449791,0.5100943604449791,1,low
780,0.5103360384382382,0.5103360384382382,1,low
781,0.5221444863162111,0.5221444863162111,1,critical
782,0.5135608032555274,0.5135608032555274,1,medium
783,0.5055168940282359,0.5055168940282359,1,low
784,0.509664487473171,0.509664487473171,1,low
785,0.5124376163745675,0.5124376163745675,1,medium
786,0.517026911836796,0.517026911836796,1,high
787,0.5106684272064447,0.5106684272064447,1,low
788,0.5169017996652238,0.5169017996652238,1,high
789,0.5124376163745675,0.5124376163745675,1,medium
790,0.5094241550710877,0.5094241550710877,1,low
791,0.5109166399671142,0.5109166399671142,1,medium
792,0.516107277985887,0.516107277985887,1,high
793,0.5149884581966702,0.5149884581966702,1,medium
794,0.4998181415379213,0.4998181415379213,1,low
795,0.5091194423326094,0.5091194423326094,1,low
796,0.5154355803307986,0.5154355803307986,1,medium
797,0.4976508105844413,0.4976508105844413,1,low
798,0.513026164011518,0.513026164011518,1,medium
799,0.5115517554774622,0.5115517554774622,1,medium
800,0.5185432951909692,0.5185432951909692,1,high
801,0.5037114578607812,0.5037114578607812,1,low
802,0.50986619922189,0.50986619922189,1,low
803,0.5160558702604224,0.5160558702604224,1,high
804,0.5082238081609621,0.5082238081609621,1,low
805,0.5096255560765434,0.5096255560765434,1,low
806,0.5129299486422227,0.5129299486422227,1,medium
807,0.5160728905453073,0.5160728905453073,1,high
808,0.5087313909288455,0.5087313909288455,1,low
809,0.5146266434460345,0.5146266434460345,1,medium
810,0.500387012573403,0.500387012573403,1,low
811,0.5144680737428948,0.5144680737428948,1,medium
812,0.5135752906072103,0.5135752906072103,1,medium
813,0.5050757080232959,0.5050757080232959,1,low
814,0.508930565654165,0.508930565654165,1,low
815,0.517222763308764,0.517222763308764,1,high
816,0.5186165523321741,0.5186165523321741,1,high
817,0.5055335064433387,0.5055335064433387,1,low
818,0.5088226184340504,0.5088226184340504,1,low
819,0.5203954925337003,0.5203954925337003,1,high
820,0.5115790506903358,0.5115790506903358,1,medium
821,0.5057605843983696,0.5057605843983696,1,low
822,0.5182706362263898,0.5182706362263898,1,high
823,0.5142110132207288,0.5142110132207288,1,medium
824,0.5143409163744682,0.5143409163744682,1,medium
825,0.5089571601610497,0.5089571601610497,1,low
826,0.5019012690977037,0.5019012690977037,1,low
827,0.5120184171666834,0.5120184171666834,1,medium
828,0.508054254285227,0.508054254285227,1,low
829,0.5060717790209507,0.5060717790209507,1,low
830,0.5339475613322088,0.5339475613322088,1,critical
831,0.5129088144792019,0.5129088144792019,1,medium
832,0.5097320801712074,0.5097320801712074,1,low
833,0.5125740163312726,0.5125740163312726,1,medium
834,0.5041216831996697,0.5041216831996697,1,low
835,0.5131208899646922,0.5131208899646922,1,medium
836,0.5076038750864763,0.5076038750864763,1,low
837,0.5118147721056824,0.5118147721056824,1,medium
838,0.5048217068802698,0.5048217068802698,1,low
839,0.5173524928832559,0.5173524928832559,1,high
840,0.49879939537647394,0.49879939537647394,1,low
841,0.5166876710084716,0.5166876710084716,1,high
842,0.506214929345696,0.506214929345696,1,low
843,0.5073409338716702,0.5073409338716702,1,low
844,0.520638996796101,0.520638996796101,1,high
845,0.5152263828498688,0.5152263828498688,1,medium
846,0.5032313232118125,0.5032313232118125,1,low
847,0.5050328690239846,0.5050328690239846,1,low
848,0.5050590013265644,0.5050590013265644,1,low
849,0.5166696188574823,0.5166696188574823,1,high
850,0.5057113715835365,0.5057113715835365,1,low
851,0.5009814766383203,0.5009814766383203,1,low
852,0.5122441931440797,0.5122441931440797,1,medium
853,0.5240505636989554,0.5240505636989554,1,critical
854,0.5166597062977457,0.5166597062977457,1,high
855,0.5154983489468262,0.5154983489468262,1,medium
856,0.5091893497974375,0.5091893497974375,1,low
857,0.5377534728806297,0.5377534728806297,1,critical
858,0.5060119643972772,0.5060119643972772,1,low
859,0.5081441097087113,0.5081441097087113,1,low
860,0.5032554777672306,0.5032554777672306,1,low
861,0.5151781745602184,0.5151781745602184,1,medium
862,0.520648331534247,0.520648331534247,1,high
863,0.5126289220021428,0.5126289220021428,1,medium
864,0.5057747375952477,0.5057747375952477,1,low
865,0.5167312639402528,0.5167312639402528,1,high
866,0.5113939274429351,0.5113939274429351,1,medium
867,0.5089460451489495,0.5089460451489495,1,low
868,0.504156258588844,0.504156258588844,1,low
869,0.5097087686684357,0.5097087686684357,1,low
870,0.5042877908191766,0.5042877908191766,1,low
871,0.5124376163745675,0.5124376163745675,1,medium
872,0.5375064600345771,0.5375064600345771,1,critical
873,0.5093110569165392,0.5093110569165392,1,low
874,0.5114027021718234,0.5114027021718234,1,medium
875,0.5086393688956606,0.5086393688956606,1,low
876,0.5130002327660779,0.5130002327660779,1,medium
877,0.5025339896792361,0.5025339896792361,1,low
878,0.5026362926301039,0.5026362926301039,1,low
879,0.5103174244929928,0.5103174244929928,1,low
880,0.510940548758984,0.510940548758984,1,medium
881,0.5324399467053412,0.5324399467053412,1,critical
882,0.514056295012101,0.514056295012101,1,medium
883,0.5134695596117931,0.5134695596117931,1,medium
884,0.5178488507898927,0.5178488507898927,1,high
885,0.5055677193774452,0.5055677193774452,1,low
886,0.503828810233093,0.503828810233093,1,low
887,0.5082167314401514,0.5082167314401514,1,low
888,0.5108068987764317,0.5108068987764317,1,low
889,0.5121326593490929,0.5121326593490929,1,medium
890,0.5124376163745675,0.5124376163745675,1,medium
891,0.503931001588463,0.503931001588463,1,low
892,0.5224306746217023,0.5224306746217023,1,critical
893,0.5143778924277239,0.5143778924277239,1,medium
894,0.5155343500704759,0.5155343500704759,1,medium
895,0.5150805217738219,0.5150805217738219,1,medium
896,0.5066450119542498,0.5066450119542498,1,low
897,0.5110060585961325,0.5110060585961325,1,medium
898,0.5116752550104676,0.5116752550104676,1,medium
899,0.501852813415074,0.501852813415074,1,low
900,0.5185132701672422,0.5185132701672422,1,high
901,0.514579836339074,0.514579836339074,1,medium
902,0.5391863101389295,0.5391863101389295,1,critical
903,0.5069452017735337,0.5069452017735337,1,low
904,0.5154432308861443,0.5154432308861443,1,medium
905,0.5030471825452427,0.5030471825452427,1,low
906,0.510464227738895,0.510464227738895,1,low
907,0.5072973618820519,0.5072973618820519,1,low
908,0.5101339079961137,0.5101339079961137,1,low
909,0.5372577233347214,0.5372577233347214,1,critical
910,0.5232452466924005,0.5232452466924005,1,critical
911,0.5187280729470353,0.5187280729470353,1,high
912,0.5214415774123665,0.5214415774123665,1,critical
913,0.5123961490119663,0.5123961490119663,1,medium
914,0.5098446137482272,0.5098446137482272,1,low
915,0.5146199126678409,0.5146199126678409,1,medium
916,0.5153040887514101,0.5153040887514101,1,medium
917,0.5194342783895521,0.5194342783895521,1,high
918,0.5067909724266701,0.5067909724266701,1,low
919,0.5113382104341363,0.5113382104341363,1,medium
920,0.5029881404945726,0.5029881404945726,1,low
921,0.5089668856195918,0.5089668856195918,1,low
922,0.51132323691085,0.51132323691085,1,medium
923,0.5151731163555889,0.5151731163555889,1,medium
924,0.5124376163745675,0.5124376163745675,1,medium
925,0.5129878253594847,0.5129878253594847,1,medium
926,0.5128322998829743,0.5128322998829743,1,medium
927,0.5121255181096696,0.5121255181096696,1,medium
928,0.5054952100484283,0.5054952100484283,1,low
929,0.5128432575129569,0.5128432575129569,1,medium
930,0.5124376163745675,0.5124376163745675,1,medium
931,0.5147719555821414,0.5147719555821414,1,medium
932,0.5020722162399566,0.5020722162399566,1,low
933,0.5093653419789503,0.5093653419789503,1,low
934,0.5156809573806118,0.5156809573806118,1,high
935,0.5046540066709108,0.5046540066709108,1,low
936,0.5140684675179991,0.5140684675179991,1,medium
937,0.5147581285188251,0.5147581285188251,1,medium
938,0.5056191431320732,0.5056191431320732,1,low
939,0.5037866599975745,0.5037866599975745,1,low
940,0.5140077441549362,0.5140077441549362,1,medium
941,0.5077986630140953,0.5077986630140953,1,low
942,0.5080425556861027,0.5080425556861027,1,low
943,0.5137997287682826,0.5137997287682826,1,medium
944,0.5153698538346645,0.5153698538346645,1,medium
945,0.5170130197938828,0.5170130197938828,1,high
946,0.5098798179147762,0.5098798179147762,1,low
947,0.5108245280720077,0.5108245280720077,1,medium
948,0.5199956483077229,0.5199956483077229,1,high
949,0.5194014376425783,0.5194014376425783,1,high
950,0.5124376163745675,0.5124376163745675,1,medium
951,0.5073305280087479,0.5073305280087479,1,low
952,0.508659768956337,0.508659768956337,1,low
953,0.5102046472756148,0.5102046472756148,1,low
954,0.5100797065531019,0.5100797065531019,1,low
955,0.5124376163745675,0.5124376163745675,1,medium
956,0.5049979297077739,0.5049979297077739,1,low
957,0.5116488325455463,0.5116488325455463,1,medium
958,0.5074881405262698,0.5074881405262698,1,low
959,0.5104555139286325,0.5104555139286325,1,low
960,0.5111235249005719,0.5111235249005719,1,medium
961,0.5165206867911866,0.5165206867911866,1,high
962,0.5123625549765111,0.5123625549765111,1,medium
963,0.5118801250742898,0.5118801250742898,1,medium
964,0.503465582910548,0.503465582910548,1,low
965,0.5010466084941972,0.5010466084941972,1,low
966,0.509573070550575,0.509573070550575,1,low
967,0.5124376163745675,0.5124376163745675,1,medium
968,0.5135425156919456,0.5135425156919456,1,medium
969,0.5069098688983834,0.5069098688983834,1,low
970,0.5098526323037481,0.5098526323037481,1,low
971,0.4956333634210102,0.4956333634210102,1,low
972,0.5213894077060087,0.5213894077060087,1,critical
973,0.5126482248124147,0.5126482248124147,1,medium
974,0.5100496752790027,0.5100496752790027,1,low
975,0.5044754509450516,0.5044754509450516,1,low
976,0.5157515959204906,0.5157515959204906,1,high
977,0.5133515613686028,0.5133515613686028,1,medium
978,0.5087106572654582,0.5087106572654582,1,low
979,0.5009774864237436,0.5009774864237436,1,low
980,0.5071762053751993,0.5071762053751993,1,low
981,0.5097552534840158,0.5097552534840158,1,low
982,0.5100295616120677,0.5100295616120677,1,low
983,0.5030437507220498,0.5030437507220498,1,low
984,0.5097732915480478,0.5097732915480478,1,low
985,0.5082734149942163,0.5082734149942163,1,low
986,0.5183705623497509,0.5183705623497509,1,high
987,0.5062422060624551,0.5062422060624551,1,low
988,0.5129463134797355,0.5129463134797355,1,medium
989,0.5174792578881632,0.5174792578881632,1,high
990,0.5146708185367198,0.5146708185367198,1,medium
991,0.5063248126861856,0.5063248126861856,1,low
992,0.5124376163745675,0.5124376163745675,1,medium
993,0.5124784267293467,0.5124784267293467,1,medium
994,0.5130549313788103,0.5130549313788103,1,medium
995,0.5082513295089085,0.5082513295089085,1,low
996,0.5062604725341112,0.5062604725341112,1,low
997,0.5124376163745675,0.5124376163745675,1,medium
998,0.5037283536990168,0.5037283536990168,1,low
999,0.5124376163745675,0.5124376163745675,1,medium
1000,0.4927022768501106,0.4927022768501106,1,low
1001,0.5070812602554269,0.5070812602554269,1,low
1002,0.5171231684379866,0.5171231684379866,1,high
1003,0.510313160686472,0.510313160686472,1,low
1004,0.5073444768309141,0.5073444768309141,1,low
1005,0.5144267699948528,0.5144267699948528,1,medium
1006,0.5083728720890615,0.5083728720890615,1,low
1007,0.5070732287807699,0.5070732287807699,1,low
1008,0.5040964480136985,0.5040964480136985,1,low
1009,0.5102438071079362,0.5102438071079362,1,low
1010,0.5124544195833355,0.5124544195833355,1,medium
1011,0.5066131499894245,0.5066131499894245,1,low
1012,0.5197337405347909,0.5197337405347909,1,high
1013,0.5080881668006947,0.5080881668006947,1,low
1014,0.5035829202686831,0.5035829202686831,1,low
1015,0.5082056599036219,0.5082056599036219,1,low
1016,0.5061908147652099,0.5061908147652099,1,low
1017,0.5068814882031344,0.5068814882031344,1,low
1018,0.510863740301648,0.510863740301648,1,medium
1019,0.5088943243809584,0.5088943243809584,1,low
1020,0.5215487873914673,0.5215487873914673,1,critical
1021,0.5085153408211623,0.5085153408211623,1,low
1022,0.5102965329458554,0.5102965329458554,1,low
1023,0.5172426368250933,0.5172426368250933,1,high
1024,0.5067847148220361,0.5067847148220361,1,low
1025,0.519058905479784,0.519058905479784,1,high
1026,0.5125836919233341,0.5125836919233341,1,medium
1027,0.51881375002216,0.51881375002216,1,high
1028,0.5126397096606777,0.5126397096606777,1,medium
1029,0.5092004473975057,0.5092004473975057,1,low
1030,0.5110330893349652,0.5110330893349652,1,medium
1031,0.5128922775667443,0.5128922775667443,1,medium
1032,0.51576704021045,0.51576704021045,1,high
1033,0.517253123204945,0.517253123204945,1,high
1034,0.5384948353391112,0.5384948353391112,1,critical
1035,0.5063076628728905,0.5063076628728905,1,low
1036,0.5187595325379558,0.5187595325379558,1,high
1037,0.5049542487214539,0.5049542487214539,1,low
1038,0.5071243401524961,0.5071243401524961,1,low
1039,0.5116749376704641,0.5116749376704641,1,medium
1040,0.5096869824550166,0.5096869824550166,1,low
1041,0.5082810266124628,0.5082810266124628,1,low
1042,0.5250053610365342,0.5250053610365342,1,critical
1043,0.5067946528475571,0.5067946528475571,1,low
1044,0.5148007376941083,0.5148007376941083,1,medium
1045,0.5101317739221418,0.5101317739221418,1,low
1046,0.522135747583908,0.522135747583908,1,critical
1047,0.5124376163745675,0.5124376163745675,1,medium
1048,0.5057747375952477,0.5057747375952477,1,low
1049,0.5170543299229654,0.5170543299229654,1,high
1050,0.5100763824005706,0.5100763824005706,1,low
1051,0.5071313917821558,0.5071313917821558,1,low
1052,0.5034573876771188,0.5034573876771188,1,low
1053,0.5106889448398677,0.5106889448398677,1,low
1054,0.49653658955712415,0.49653658955712415,1,low
1055,0.5136973816388374,0.5136973816388374,1,medium
1056,0.5132313439821097,0.5132313439821097,1,medium
1057,0.5184718031970011,0.5184718031970011,1,high
1058,0.5091572264619276,0.5091572264619276,1,low
1059,0.5139149211043761,0.5139149211043761,1,medium
1060,0.5203689400728643,0.5203689400728643,1,high
1061,0.5084998013410496,0.5084998013410496,1,low
1062,0.5136685144871984,0.5136685144871984,1,medium
1063,0.5078154308424635,0.5078154308424635,1,low
1064,0.5151081255931994,0.5151081255931994,1,medium
1065,0.517853295354468,0.517853295354468,1,high
1066,0.508897976731954,0.508897976731954,1,low
1067,0.5057001550656531,0.5057001550656531,1,low
1068,0.5075682532625666,0.5075682532625666,1,low
1069,0.5115537790527199,0.5115537790527199,1,medium
1070,0.518044005835109,0.518044005835109,1,high
1071,0.5118493071876471,0.5118493071876471,1,medium
1072,0.5089215113389133,0.5089215113389133,1,low
1073,0.5181484773011894,0.5181484773011894,1,high
1074,0.5093324223223411,0.5093324223223411,1,low
1075,0.5046158968560133,0.5046158968560133,1,low
1076,0.5043413179924011,0.5043413179924011,1,low
1077,0.5125766205286114,0.5125766205286114,1,medium
1078,0.5124376163745675,0.5124376163745675,1,medium
1079,0.5087392259889479,0.5087392259889479,1,low
1080,0.5084926126194396,0.5084926126194396,1,low
1081,0.5033600609441754,0.5033600609441754,1,low
1082,0.5068795063153696,0.5068795063153696,1,low
1083,0.5260868672719675,0.5260868672719675,1,critical
1084,0.5193695907423693,0.5193695907423693,1,high
1085,0.5145497391333543,0.5145497391333543,1,medium
1086,0.509407585390498,0.509407585390498,1,low
1087,0.5146577648459667,0.5146577648459667,1,medium
1088,0.5189704117065687,0.5189704117065687,1,high
1089,0.4927022768501106,0.4927022768501106,1,low
1090,0.5092083473641167,0.5092083473641167,1,low
1091,0.5183174575182551,0.5183174575182551,1,high
1092,0.5105510838287277,0.5105510838287277,1,low
1093,0.5111062328450311,0.5111062328450311,1,medium
1094,0.5029573870165103,0.5029573870165103,1,low
1095,0.5127018129950037,0.5127018129950037,1,medium
1096,0.5016307797147891,0.5016307797147891,1,low
1097,0.512797267881863,0.512797267881863,1,medium
1098,0.5098419268389635,0.5098419268389635,1,low
1099,0.5123473812626992,0.5123473812626992,1,medium
1100,0.514475878129261,0.514475878129261,1,medium
1101,0.5102980597201722,0.5102980597201722,1,low
1102,0.504601076881837,0.504601076881837,1,low
1103,0.5094565178669926,0.5094565178669926,1,low
1104,0.5096164443292271,0.5096164443292271,1,low
1105,0.5212526268285654,0.5212526268285654,1,critical
1106,0.50500844496554,0.50500844496554,1,low
1107,0.5181698119373995,0.5181698119373995,1,high
1108,0.5094372508898136,0.5094372508898136,1,low
1109,0.5143996869194937,0.5143996869194937,1,medium
1110,0.5118083693812694,0.5118083693812694,1,medium
1111,0.5148954332603412,0.5148954332603412,1,medium
1112,0.5066596439222592,0.5066596439222592,1,low
1113,0.5152298818833033,0.5152298818833033,1,medium
1114,0.5081605800695659,0.5081605800695659,1,low
1115,0.5010676736298058,0.5010676736298058,1,low
1116,0.5084401810798553,0.5084401810798553,1,low
1117,0.5134900521146003,0.5134900521146003,1,medium
1118,0.508190066600552,0.508190066600552,1,low
1119,0.509575490268683,0.509575490268683,1,low
1120,0.5158900675537129,0.5158900675537129,1,high
1121,0.5127336521249021,0.5127336521249021,1,medium
1122,0.5119084752529075,0.5119084752529075,1,medium
1123,0.5204593464156005,0.5204593464156005,1,high
1124,0.5121355179838666,0.5121355179838666,1,medium
1125,0.5037077017096746,0.5037077017096746,1,low
1126,0.5121255181096696,0.5121255181096696,1,medium
1127,0.5064431405023674,0.5064431405023674,1,low
1128,0.5362733435917658,0.5362733435917658,1,critical
1129,0.5219849294097336,0.5219849294097336,1,critical
1130,0.5147357991179935,0.5147357991179935,1,medium
1131,0.5078688299547034,0.5078688299547034,1,low
1132,0.5142975478287201,0.5142975478287201,1,medium
1133,0.5085293539133722,0.5085293539133722,1,low
1134,0.5088689346708376,0.5088689346708376,1,low
1135,0.5055241911906526,0.5055241911906526,1,low
1136,0.5087091947589055,0.5087091947589055,1,low
1137,0.5235557124446277,0.5235557124446277,1,critical
1138,0.5176818063000296,0.5176818063000296,1,high
1139,0.5118138781292719,0.5118138781292719,1,medium
1140,0.5057880792500072,0.5057880792500072,1,low
1141,0.51114507847095,0.51114507847095,1,medium
1142,0.5037358463856104,0.5037358463856104,1,low
1143,0.5123840622874251,0.5123840622874251,1,medium
1144,0.5118988371153309,0.5118988371153309,1,medium
1145,0.5018722326016937,0.5018722326016937,1,low
1146,0.49539075867896915,0.49539075867896915,1,low
1147,0.512563929383592,0.512563929383592,1,medium
1148,0.5130408018359387,0.5130408018359387,1,medium
1149,0.5091988518291429,0.5091988518291429,1,low
1150,0.5184125341242957,0.5184125341242957,1,high
1151,0.516795174164595,0.516795174164595,1,high
1152,0.51916287584254,0.51916287584254,1,high
1153,0.5124376163745675,0.5124376163745675,1,medium
1154,0.5150623352044607,0.5150623352044607,1,medium
1155,0.5105370832246044,0.5105370832246044,1,low
1156,0.5121516711477119,0.5121516711477119,1,medium
1157,0.5187129922284469,0.5187129922284469,1,high
1158,0.5226859778112204,0.5226859778112204,1,critical
1159,0.5115535223018739,0.5115535223018739,1,medium
1160,0.5061800196999511,0.5061800196999511,1,low
1161,0.513616788317807,0.513616788317807,1,medium
1162,0.5324107998953942,0.5324107998953942,1,critical
1163,0.5145048022551496,0.5145048022551496,1,medium
1164,0.5113981231165411,0.5113981231165411,1,medium
1165,0.5153707891719422,0.5153707891719422,1,medium
1166,0.5157545455967615,0.5157545455967615,1,high
1167,0.5185171307593014,0.5185171307593014,1,high
1168,0.5136360710853802,0.5136360710853802,1,medium
1169,0.5086814265442211,0.5086814265442211,1,low
1170,0.5088706997698664,0.5088706997698664,1,low
1171,0.511477036171264,0.511477036171264,1,medium
1172,0.505484267805464,0.505484267805464,1,low
1173,0.5130021168196134,0.5130021168196134,1,medium
1174,0.516345828366893,0.516345828366893,1,high
1175,0.5089751055371938,0.5089751055371938,1,low
1176,0.5114453421565632,0.5114453421565632,1,medium
1177,0.5080484143500839,0.5080484143500839,1,low
1178,0.5036675162930165,0.5036675162930165,1,low
1179,0.4954076509499223,0.4954076509499223,1,low
1180,0.5396306674328336,0.5396306674328336,1,critical
1181,0.5136316592573088,0.5136316592573088,1,medium
1182,0.503022820603104,0.503022820603104,1,low
1183,0.5082103107055566,0.5082103107055566,1,low
1184,0.5053107662051662,0.5053107662051662,1,low
1185,0.5037001878973212,0.5037001878973212,1,low
1186,0.514860799018375,0.514860799018375,1,medium
1187,0.511503275434873,0.511503275434873,1,medium
1188,0.5189438362200623,0.5189438362200623,1,high
1189,0.5087369283174078,0.5087369283174078,1,low
1190,0.5161327468813447,0.5161327468813447,1,high
1191,0.5133983968626813,0.5133983968626813,1,medium
1192,0.5050540034933649,0.5050540034933649,1,low
1193,0.5083091966048497,0.5083091966048497,1,low
1194,0.5127178521682816,0.5127178521682816,1,medium
1195,0.5091275021692258,0.5091275021692258,1,low
1196,0.5087191446180097,0.5087191446180097,1,low
1197,0.5048617870891231,0.5048617870891231,1,low
1198,0.5200799417562773,0.5200799417562773,1,high
1199,0.5123756270781442,0.5123756270781442,1,medium
1200,0.5114310819842962,0.5114310819842962,1,medium
1201,0.5121861194210661,0.5121861194210661,1,medium
1202,0.5068721054715634,0.5068721054715634,1,low
1203,0.5124376163745675,0.5124376163745675,1,medium
1204,0.5184827056815967,0.5184827056815967,1,high
1205,0.5059925251933596,0.5059925251933596,1,low
1206,0.5165849166402192,0.5165849166402192,1,high
1207,0.5101927729309489,0.5101927729309489,1,low
1208,0.5075517655864087,0.5075517655864087,1,low
1209,0.514782867587522,0.514782867587522,1,medium
1210,0.5073072496519583,0.5073072496519583,1,low
1211,0.5142743877194436,0.5142743877194436,1,medium
1212,0.5093684551753018,0.5093684551753018,1,low
1213,0.5183713638147783,0.5183713638147783,1,high
1214,0.5167161144036455,0.5167161144036455,1,high
1215,0.5118653482353811,0.5118653482353811,1,medium
1216,0.5139482641453156,0.5139482641453156,1,medium
1217,0.5082707798564806,0.5082707798564806,1,low
1218,0.5054972770493267,0.5054972770493267,1,low
1219,0.4920269144460853,0.4920269144460853,1,low
1220,0.5110169956717524,0.5110169956717524,1,medium
1221,0.5132737581819614,0.5132737581819614,1,medium
1222,0.5124376163745675,0.5124376163745675,1,medium
1223,0.506196252446894,0.506196252446894,1,low
1224,0.5179759454768073,0.5179759454768073,1,high
1225,0.5100694758535274,0.5100694758535274,1,low
1226,0.5042836634471649,0.5042836634471649,1,low
1227,0.5103761728819914,0.5103761728819914,1,low
1228,0.5080282867712614,0.5080282867712614,1,low
1229,0.5113798000112132,0.5113798000112132,1,medium
1230,0.5123656478864869,0.5123656478864869,1,medium
1231,0.5046158968560133,0.5046158968560133,1,low
1232,0.5116785615974483,0.5116785615974483,1,medium
1233,0.5025970360633191,0.5025970360633191,1,low
1234,0.515977197658006,0.515977197658006,1,high
1235,0.5109846338405113,0.5109846338405113,1,medium
1236,0.5176818063000296,0.5176818063000296,1,high
1237,0.5056070508286158,0.5056070508286158,1,low
1238,0.517937447507022,0.517937447507022,1,high
1239,0.5120578693113366,0.5120578693113366,1,medium
1240,0.5014041207127983,0.5014041207127983,1,low
1241,0.505715038689408,0.505715038689408,1,low
1242,0.5061798807356653,0.5061798807356653,1,low
1243,0.5147529431540749,0.5147529431540749,1,medium
1244,0.5007242750848128,0.5007242750848128,1,low
1245,0.5073548084384304,0.5073548084384304,1,low
1246,0.5111720760118302,0.5111720760118302,1,medium
1247,0.5180344145716258,0.5180344145716258,1,high
1248,0.49290898630451824,0.49290898630451824,1,low
1249,0.5067815900187392,0.5067815900187392,1,low
1250,0.5138314376303842,0.5138314376303842,1,medium
1251,0.5168425668989031,0.5168425668989031,1,high
1252,0.5042614991676021,0.5042614991676021,1,low
1253,0.5091646687371217,0.5091646687371217,1,low
1254,0.5166720072565911,0.5166720072565911,1,high
1255,0.5135127777725549,0.5135127777725549,1,medium
1256,0.5066689312386599,0.5066689312386599,1,low
1257,0.5156692163423299,0.5156692163423299,1,high
1258,0.5094809256981887,0.5094809256981887,1,low
1259,0.516696377414787,0.516696377414787,1,high
1260,0.5073281173399126,0.5073281173399126,1,low
1261,0.4978926148652029,0.4978926148652029,1,low
1262,0.5112913628904338,0.5112913628904338,1,medium
1263,0.5091138453919605,0.5091138453919605,1,low
1264,0.5062321826083697,0.5062321826083697,1,low
1265,0.502795796312134,0.502795796312134,1,low
1266,0.512110717643198,0.512110717643198,1,medium
1267,0.5095062639510299,0.5095062639510299,1,low
1268,0.5098888794004509,0.5098888794004509,1,low
1269,0.5070940979967045,0.5070940979967045,1,low
1270,0.5094258519513778,0.5094258519513778,1,low
1271,0.5129206605690267,0.5129206605690267,1,medium
1272,0.5089118051984182,0.5089118051984182,1,low
1273,0.5150956114021693,0.5150956114021693,1,medium
1274,0.5048610812344031,0.5048610812344031,1,low
1275,0.5134714984816363,0.5134714984816363,1,medium
1276,0.5121207717134689,0.5121207717134689,1,medium
1277,0.5123785632229096,0.5123785632229096,1,medium
1278,0.509405206245686,0.509405206245686,1,low
1279,0.5201551314671912,0.5201551314671912,1,high
1280,0.5124633999307064,0.5124633999307064,1,medium
1281,0.49923474962597925,0.49923474962597925,1,low
1282,0.5034976401602753,0.5034976401602753,1,low
1283,0.5066936762481281,0.5066936762481281,1,low
1284,0.512520660784546,0.512520660784546,1,medium
1285,0.504252077302387,0.504252077302387,1,low
1286,0.5010676736298058,0.5010676736298058,1,low
1287,0.505715036657609,0.505715036657609,1,low
1288,0.5064418403973182,0.5064418403973182,1,low
1289,0.5046434342075191,0.5046434342075191,1,low
1290,0.5098551033373137,0.5098551033373137,1,low
1291,0.5220150793724828,0.5220150793724828,1,critical
1292,0.5138504713539634,0.5138504713539634,1,medium
1293,0.508950224122242,0.508950224122242,1,low
1294,0.505351255993483,0.505351255993483,1,low
1295,0.5071231178182661,0.5071231178182661,1,low
1296,0.5103173268973903,0.5103173268973903,1,low
1297,0.5028168254376643,0.5028168254376643,1,low
1298,0.4958424912444775,0.4958424912444775,1,low
1299,0.5111491746286032,0.5111491746286032,1,medium
1300,0.5130671918398861,0.5130671918398861,1,medium
1301,0.5094039045301205,0.5094039045301205,1,low
1302,0.49180188661976887,0.49180188661976887,1,low
1303,0.5066667235354313,0.5066667235354313,1,low
1304,0.5184061393563888,0.5184061393563888,1,high
1305,0.5228819933403183,0.5228819933403183,1,critical
1306,0.5123688058024933,0.5123688058024933,1,medium
1307,0.5119114763464553,0.5119114763464553,1,medium
1308,0.5089124578405343,0.5089124578405343,1,low
1309,0.506374286902261,0.506374286902261,1,low
1310,0.5157813647866837,0.5157813647866837,1,high
1311,0.5037189661687294,0.5037189661687294,1,low
1312,0.510094255607653,0.510094255607653,1,low
1313,0.5055477354423734,0.5055477354423734,1,low
1314,0.5028733215515021,0.5028733215515021,1,low
1315,0.5071102438432842,0.5071102438432842,1,low
1316,0.533704343196069,0.533704343196069,1,critical
1317,0.5132484465519075,0.5132484465519075,1,medium
1318,0.5100694758535274,0.5100694758535274,1,low
1319,0.5104966879607854,0.5104966879607854,1,low
1320,0.5119287031140749,0.5119287031140749,1,medium
1321,0.5131593476587217,0.5131593476587217,1,medium
1322,0.5089501449976753,0.5089501449976753,1,low
1323,0.5087754146148907,0.5087754146148907,1,low
1324,0.5059622164254588,0.5059622164254588,1,low
1325,0.5125482545852665,0.5125482545852665,1,medium
1326,0.5036198504132209,0.5036198504132209,1,low
1327,0.5081351657320321,0.5081351657320321,1,low
1328,0.5112231298686393,0.5112231298686393,1,medium
1329,0.5117864969294121,0.5117864969294121,1,medium
1330,0.5187167738544529,0.5187167738544529,1,high
1331,0.5172202354653227,0.5172202354653227,1,high
1332,0.5206488025495849,0.5206488025495849,1,high
1333,0.5021031375992454,0.5021031375992454,1,low
1334,0.5055956873221352,0.5055956873221352,1,low
1335,0.5062147519362185,0.5062147519362185,1,low
1336,0.5061310420007258,0.5061310420007258,1,low
1337,0.5114508051165199,0.5114508051165199,1,medium
1338,0.5059524196545553,0.5059524196545553,1,low
1339,0.5135892914954617,0.5135892914954617,1,medium
1340,0.5103739631448154,0.5103739631448154,1,low
1341,0.5104853375457832,0.5104853375457832,1,low
1342,0.5114515080575915,0.5114515080575915,1,medium
1343,0.5175640195864447,0.5175640195864447,1,high
1344,0.5124616340615066,0.5124616340615066,1,medium
1345,0.5113811171569403,0.5113811171569403,1,medium
1346,0.5049173745842357,0.5049173745842357,1,low
1347,0.5087575662059237,0.5087575662059237,1,low
1348,0.5242471584714513,0.5242471584714513,1,critical
1349,0.5072088674096521,0.5072088674096521,1,low
1350,0.5076828004335049,0.5076828004335049,1,low
1351,0.5153389627315154,0.5153389627315154,1,medium
1352,0.5157764689535207,0.5157764689535207,1,high
1353,0.5089085116049402,0.5089085116049402,1,low
1354,0.50915764256548,0.50915764256548,1,low
1355,0.5101164961478134,0.5101164961478134,1,low
1356,0.5365516459525885,0.5365516459525885,1,critical
1357,0.5035402734576949,0.5035402734576949,1,low
1358,0.5011007308856875,0.5011007308856875,1,low
1359,0.5037077017096746,0.5037077017096746,1,low
1360,0.5124376163745675,0.5124376163745675,1,medium
1361,0.5080068874520057,0.5080068874520057,1,low
1362,0.511368244106501,0.511368244106501,1,medium
1363,0.514868687239078,0.514868687239078,1,medium
1364,0.5033505847221814,0.5033505847221814,1,low
1365,0.5096795312928776,0.5096795312928776,1,low
1366,0.5128194048335023,0.5128194048335023,1,medium
1367,0.5093296551749432,0.5093296551749432,1,low
1368,0.5046289122362647,0.5046289122362647,1,low
1369,0.510878546161182,0.510878546161182,1,medium
1370,0.5277904872627198,0.5277904872627198,1,critical
1371,0.5133932302598011,0.5133932302598011,1,medium
1372,0.5123333309099043,0.5123333309099043,1,medium
1373,0.5146782786779993,0.5146782786779993,1,medium
1374,0.5166976837277056,0.5166976837277056,1,high
1375,0.5096014547839763,0.5096014547839763,1,low
1376,0.5048856362033114,0.5048856362033114,1,low
1377,0.5103429683892032,0.5103429683892032,1,low
1378,0.5164723856940364,0.5164723856940364,1,high
1379,0.5098935896039253,0.5098935896039253,1,low
1380,0.5148186011261809,0.5148186011261809,1,medium
1381,0.5091772257844153,0.5091772257844153,1,low
1382,0.519273572772403,0.519273572772403,1,high
1383,0.5080559313976085,0.5080559313976085,1,low
1384,0.5124376163745675,0.5124376163745675,1,medium
1385,0.5173490734835426,0.5173490734835426,1,high
1386,0.5121725577780256,0.5121725577780256,1,medium
1387,0.504702650054193,0.504702650054193,1,low
1388,0.5115371741983118,0.5115371741983118,1,medium
1389,0.5067507855678094,0.5067507855678094,1,low
1390,0.5184741335543716,0.5184741335543716,1,high
1391,0.5146087172765674,0.5146087172765674,1,medium
1392,0.5051078171143472,0.5051078171143472,1,low
1393,0.5171059200846893,0.5171059200846893,1,high
1394,0.5103409108205587,0.5103409108205587,1,low
1395,0.5036844173136698,0.5036844173136698,1,low
1396,0.5172532743982011,0.5172532743982011,1,high
1397,0.49991400518391643,0.49991400518391643,1,low
1398,0.5200636820924236,0.5200636820924236,1,high
1399,0.5126490044397024,0.5126490044397024,1,medium
1400,0.507500549790023,0.507500549790023,1,low
1401,0.5058647858992115,0.5058647858992115,1,low
1402,0.5195425030893659,0.5195425030893659,1,high
1403,0.5135247606248775,0.5135247606248775,1,medium
1404,0.511451188307526,0.511451188307526,1,medium
1405,0.5164543114879879,0.5164543114879879,1,high
1406,0.5042005756960722,0.5042005756960722,1,low
1407,0.510295542439651,0.510295542439651,1,low
1408,0.5354297482034331,0.5354297482034331,1,critical
1409,0.5096346606146137,0.5096346606146137,1,low
1410,0.5085781315142017,0.5085781315142017,1,low
1411,0.5073709346379197,0.5073709346379197,1,low
1412,0.511672378094366,0.511672378094366,1,medium
1413,0.4994611413169105,0.4994611413169105,1,low
1414,0.5121488166950163,0.5121488166950163,1,medium
1415,0.5064812661957795,0.5064812661957795,1,low
1416,0.5141493832314389,0.5141493832314389,1,medium
1417,0.5165445753330359,0.5165445753330359,1,high
1418,0.5107667372392052,0.5107667372392052,1,low
1419,0.4967624874204107,0.4967624874204107,1,low
1420,0.5164887564855801,0.5164887564855801,1,high
1421,0.5144107863361799,0.5144107863361799,1,medium
1422,0.5107585555408244,0.5107585555408244,1,low
1423,0.5124026762747973,0.5124026762747973,1,medium
1424,0.4983294640517753,0.4983294640517753,1,low
1425,0.5124376163745675,0.5124376163745675,1,medium
1426,0.5216949643506744,0.5216949643506744,1,critical
1427,0.5067476151122918,0.5067476151122918,1,low
1428,0.5116721345514424,0.5116721345514424,1,medium
1429,0.5073337022266924,0.5073337022266924,1,low
1430,0.5171435437541195,0.5171435437541195,1,high
1431,0.507484279552063,0.507484279552063,1,low
1432,0.5083531771209003,0.5083531771209003,1,low
1433,0.5041216831996697,0.5041216831996697,1,low
1434,0.5103428855589103,0.5103428855589103,1,low
1435,0.5119936920385829,0.5119936920385829,1,medium
1436,0.5059674195881114,0.5059674195881114,1,low
1437,0.5154482350345811,0.5154482350345811,1,medium
1438,0.5097909474177772,0.5097909474177772,1,low
1439,0.5038685050183038,0.5038685050183038,1,low
1440,0.5073787020868837,0.5073787020868837,1,low
1441,0.4990261420755601,0.4990261420755601,1,low
1442,0.507140245675355,0.507140245675355,1,low
1443,0.5094912445289044,0.5094912445289044,1,low
1444,0.5069168678992975,0.5069168678992975,1,low
1445,0.5098702754257728,0.5098702754257728,1,low
1446,0.50914655871004,0.50914655871004,1,low
1447,0.5166859045887884,0.5166859045887884,1,high
1448,0.5114387260264861,0.5114387260264861,1,medium
1449,0.508950224122242,0.508950224122242,1,low
1450,0.5066327662821606,0.5066327662821606,1,low
1451,0.5169672581937882,0.5169672581937882,1,high
1452,0.5133425248316018,0.5133425248316018,1,medium
1453,0.5041216831996697,0.5041216831996697,1,low
1454,0.5078664248013535,0.5078664248013535,1,low
1455,0.5135081899407802,0.5135081899407802,1,medium
1456,0.5026218891881095,0.5026218891881095,1,low
1457,0.5116129983080089,0.5116129983080089,1,medium
1458,0.5139213566098949,0.5139213566098949,1,medium
1459,0.5229208724069773,0.5229208724069773,1,critical
1460,0.5238245276164069,0.5238245276164069,1,critical
1461,0.521040436138713,0.521040436138713,1,high
1462,0.5055838193141095,0.5055838193141095,1,low
1463,0.514933248595303,0.514933248595303,1,medium
1464,0.513931952681972,0.513931952681972,1,medium
1465,0.514661623490829,0.514661623490829,1,medium
1466,0.5082415099270955,0.5082415099270955,1,low
1467,0.510313160686472,0.510313160686472,1,low
1468,0.5105551589131876,0.5105551589131876,1,low
1469,0.5010466084941972,0.5010466084941972,1,low
1470,0.5069132186066784,0.5069132186066784,1,low
1471,0.5141907233974911,0.5141907233974911,1,medium
1472,0.5130364361169715,0.5130364361169715,1,medium
1473,0.5071499433638266,0.5071499433638266,1,low
1474,0.5043851345287564,0.5043851345287564,1,low
1475,0.5172759662909129,0.5172759662909129,1,high
1476,0.5066995079360682,0.5066995079360682,1,low
1477,0.5113840222029974,0.5113840222029974,1,medium
1478,0.5156921481183587,0.5156921481183587,1,high
1479,0.5132048027038308,0.5132048027038308,1,medium
1480,0.5081162133598611,0.5081162133598611,1,low
1481,0.5188404916069093,0.5188404916069093,1,high
1482,0.5104389807835608,0.5104389807835608,1,low
1483,0.5025263941781672,0.5025263941781672,1,low
1484,0.5086814265442211,0.5086814265442211,1,low
1485,0.5059529442051587,0.5059529442051587,1,low
1486,0.5160992143995932,0.5160992143995932,1,high
1487,0.507094473278368,0.507094473278368,1,low
1488,0.5087593110997212,0.5087593110997212,1,low
1489,0.5080243163173933,0.5080243163173933,1,low
1490,0.501674345948659,0.501674345948659,1,low
1491,0.5139981757305484,0.5139981757305484,1,medium
1492,0.5053079203255965,0.5053079203255965,1,low
1493,0.5123712368537792,0.5123712368537792,1,medium
1494,0.5110185856493414,0.5110185856493414,1,medium
1495,0.512466937607924,0.512466937607924,1,medium
1496,0.5073841496270005,0.5073841496270005,1,low
1497,0.5083833302213397,0.5083833302213397,1,low
1498,0.5092872166973863,0.5092872166973863,1,low
1499,0.5127019790214635,0.5127019790214635,1,medium
1500,0.5199166287318735,0.5199166287318735,1,high
1501,0.5211777589307804,0.5211777589307804,1,critical
1502,0.5201156940646933,0.5201156940646933,1,high
1503,0.5119165562106596,0.5119165562106596,1,medium
1504,0.5240665784063673,0.5240665784063673,1,critical
1505,0.5126902410468749,0.5126902410468749,1,medium
1506,0.509050120265257,0.509050120265257,1,low
1507,0.5085001918197283,0.5085001918197283,1,low
1508,0.5124376163745675,0.5124376163745675,1,medium
1509,0.5116403505557134,0.5116403505557134,1,medium
1510,0.5126837379427395,0.5126837379427395,1,medium
1511,0.5037358463856104,0.5037358463856104,1,low
1512,0.5082094106217633,0.5082094106217633,1,low
1513,0.520531934193074,0.520531934193074,1,high
1514,0.5097610272252129,0.5097610272252129,1,low
1515,0.5203480353515503,0.5203480353515503,1,high
1516,0.5075923916889931,0.5075923916889931,1,low
1517,0.5066306427006747,0.5066306427006747,1,low
1518,0.5191519340205982,0.5191519340205982,1,high
1519,0.5124376163745675,0.5124376163745675,1,medium
1520,0.5026263247010392,0.5026263247010392,1,low
1521,0.5161124162212517,0.5161124162212517,1,high
1522,0.5203452129837788,0.5203452129837788,1,high
1523,0.5068758265211081,0.5068758265211081,1,low
1524,0.5185970314399334,0.5185970314399334,1,high
1525,0.5176421126193269,0.5176421126193269,1,high
1526,0.5121574288279234,0.5121574288279234,1,medium
1527,0.5093394944899637,0.5093394944899637,1,low
1528,0.5124376163745675,0.5124376163745675,1,medium
1529,0.5066989565821155,0.5066989565821155,1,low
1530,0.5151219624911035,0.5151219624911035,1,medium
1531,0.5178060662973275,0.5178060662973275,1,high
1532,0.5191809388595172,0.5191809388595172,1,high
1533,0.5070627263915507,0.5070627263915507,1,low
1534,0.5197187775149109,0.5197187775149109,1,high
1535,0.5071056944040501,0.5071056944040501,1,low
1536,0.5148875764630211,0.5148875764630211,1,medium
1537,0.509567743851883,0.509567743851883,1,low
1538,0.5124376163745675,0.5124376163745675,1,medium
1539,0.5094208354158264,0.5094208354158264,1,low
1540,0.5124376163745675,0.5124376163745675,1,medium
1541,0.5165933475428326,0.5165933475428326,1,high
1542,0.5141469762731267,0.5141469762731267,1,medium
1543,0.5204143786194594,0.5204143786194594,1,high
1544,0.5183867841931188,0.5183867841931188,1,high
1545,0.5213273041767684,0.5213273041767684,1,critical
1546,0.5135106844030316,0.5135106844030316,1,medium
1547,0.5048689737494428,0.5048689737494428,1,low
1548,0.5046418211209281,0.5046418211209281,1,low
1549,0.5178330521619691,0.5178330521619691,1,high
1550,0.50288336645779,0.50288336645779,1,low
1551,0.5140662823373559,0.5140662823373559,1,medium
1552,0.5046178760368897,0.5046178760368897,1,low
1553,0.5154550245163855,0.5154550245163855,1,medium
1554,0.5098092739280095,0.5098092739280095,1,low
1555,0.51294560553998,0.51294560553998,1,medium
1556,0.509264288593524,0.509264288593524,1,low
1557,0.5124376163745675,0.5124376163745675,1,medium
1558,0.49674638187814635,0.49674638187814635,1,low
1559,0.49923474962597925,0.49923474962597925,1,low
1560,0.5072956176861335,0.5072956176861335,1,low
1561,0.5087263608315513,0.5087263608315513,1,low
1562,0.5078328060278086,0.5078328060278086,1,low
1563,0.5057315886820485,0.5057315886820485,1,low
1564,0.5026644950331439,0.5026644950331439,1,low
1565,0.5172146200437384,0.5172146200437384,1,high
1566,0.5052161834048097,0.5052161834048097,1,low
1567,0.5086635453165188,0.5086635453165188,1,low
1568,0.5099617936369577,0.5099617936369577,1,low
1569,0.4996875600207456,0.4996875600207456,1,low
1570,0.5075354547185188,0.5075354547185188,1,low
1571,0.506544285226983,0.506544285226983,1,low
1572,0.503026642019278,0.503026642019278,1,low
1573,0.5102418782442483,0.5102418782442483,1,low
1574,0.5132673808721958,0.5132673808721958,1,medium
1575,0.5217626279797081,0.5217626279797081,1,critical
1576,0.5074150499127928,0.5074150499127928,1,low
1577,0.5180279336813903,0.5180279336813903,1,high
1578,0.5128960903569236,0.5128960903569236,1,medium
1579,0.5064216267146321,0.5064216267146321,1,low
1580,0.5149606117980908,0.5149606117980908,1,medium
1581,0.5090887775452851,0.5090887775452851,1,low
1582,0.5116814273443656,0.5116814273443656,1,medium
1583,0.5082203005566175,0.5082203005566175,1,low
1584,0.5148591756808282,0.5148591756808282,1,medium
1585,0.5081616365093307,0.5081616365093307,1,low
1586,0.5126902902335155,0.5126902902335155,1,medium
1587,0.5073709346379197,0.5073709346379197,1,low
1588,0.5086672556275939,0.5086672556275939,1,low
1589,0.51304155082084,0.51304155082084,1,medium
1590,0.5093430286220603,0.5093430286220603,1,low
1591,0.5148592646359608,0.5148592646359608,1,medium
1592,0.5114410804482861,0.5114410804482861,1,medium
1593,0.5131458901234528,0.5131458901234528,1,medium
1594,0.5062321826083697,0.5062321826083697,1,low
1595,0.5112399920346639,0.5112399920346639,1,medium
1596,0.508924180377076,0.508924180377076,1,low
1597,0.5177033870322921,0.5177033870322921,1,high
1598,0.5075680302073318,0.5075680302073318,1,low
1599,0.5074045552764912,0.5074045552764912,1,low
1600,0.5160818233655435,0.5160818233655435,1,high
1601,0.5089383638363708,0.5089383638363708,1,low
1602,0.5133826349808474,0.5133826349808474,1,medium
1603,0.5186930454002355,0.5186930454002355,1,high
1604,0.5119390251714745,0.5119390251714745,1,medium
1605,0.5102980597201722,0.5102980597201722,1,low
1606,0.5048731849203317,0.5048731849203317,1,low
1607,0.5066366616729844,0.5066366616729844,1,low
1608,0.5034498449645112,0.5034498449645112,1,low
1609,0.5064829324386158,0.5064829324386158,1,low
1610,0.5093460099505381,0.5093460099505381,1,low
1611,0.5153627523806839,0.5153627523806839,1,medium
1612,0.5067530606312048,0.5067530606312048,1,low
1613,0.5116680172046828,0.5116680172046828,1,medium
1614,0.5129130509373053,0.5129130509373053,1,medium
1615,0.5082722176632032,0.5082722176632032,1,low
1616,0.5052786662402111,0.5052786662402111,1,low
1617,0.5145701950167277,0.5145701950167277,1,medium
1618,0.5168986013459341,0.5168986013459341,1,high
1619,0.5068924535122116,0.5068924535122116,1,low
1620,0.5078289112011982,0.5078289112011982,1,low
1621,0.5086093999566085,0.5086093999566085,1,low
1622,0.5100584776683433,0.5100584776683433,1,low
1623,0.5182223442482309,0.5182223442482309,1,high
1624,0.521776766960452,0.521776766960452,1,critical
1625,0.5050933149825111,0.5050933149825111,1,low
1626,0.5197465024166804,0.5197465024166804,1,high
1627,0.49787699771171184,0.49787699771171184,1,low
1628,0.5147028594680725,0.5147028594680725,1,medium
1629,0.5122338993248741,0.5122338993248741,1,medium
1630,0.5073010754785233,0.5073010754785233,1,low
1631,0.5043487732980138,0.5043487732980138,1,low
1632,0.508993846503183,0.508993846503183,1,low
1633,0.5075375197041736,0.5075375197041736,1,low
1634,0.5056348520755104,0.5056348520755104,1,low
1635,0.5080257556781059,0.5080257556781059,1,low
1636,0.5124376163745675,0.5124376163745675,1,medium
1637,0.5215487873914673,0.5215487873914673,1,critical
1638,0.5091355950333117,0.5091355950333117,1,low
1639,0.5136257843483625,0.5136257843483625,1,medium
1640,0.5093997991658673,0.5093997991658673,1,low
1641,0.5129002949437095,0.5129002949437095,1,medium
1642,0.5040792434589165,0.5040792434589165,1,low
1643,0.49427968025008456,0.49427968025008456,1,low
1644,0.5158359056653296,0.5158359056653296,1,high
1645,0.5181244998763216,0.5181244998763216,1,high
1646,0.512512662926185,0.512512662926185,1,medium
1647,0.5066524054226679,0.5066524054226679,1,low
1648,0.521093394422187,0.521093394422187,1,high
1649,0.5171451940436184,0.5171451940436184,1,high
1650,0.510996325457937,0.510996325457937,1,medium
1651,0.5143839380940286,0.5143839380940286,1,medium
1652,0.5073479705664685,0.5073479705664685,1,low
1653,0.5122514315716616,0.5122514315716616,1,medium
1654,0.5107667372392052,0.5107667372392052,1,low
1655,0.5041580649883953,0.5041580649883953,1,low
1656,0.5191605060595403,0.5191605060595403,1,high
1657,0.5042275184382854,0.5042275184382854,1,low
1658,0.5024091312167015,0.5024091312167015,1,low
1659,0.5112464051005999,0.5112464051005999,1,medium
1660,0.5143531554086281,0.5143531554086281,1,medium
1661,0.5062160837146424,0.5062160837146424,1,low
1662,0.5213189484608959,0.5213189484608959,1,critical
1663,0.5100324711779539,0.5100324711779539,1,low
1664,0.5044476040631509,0.5044476040631509,1,low
1665,0.5171059200846893,0.5171059200846893,1,high
1666,0.5215296323827902,0.5215296323827902,1,critical
1667,0.5124376163745675,0.5124376163745675,1,medium
1668,0.5081429390170534,0.5081429390170534,1,low
1669,0.5131178971599617,0.5131178971599617,1,medium
1670,0.5068022762512902,0.5068022762512902,1,low
1671,0.5125088260733366,0.5125088260733366,1,medium
1672,0.5162328798513142,0.5162328798513142,1,high
1673,0.5066617397103109,0.5066617397103109,1,low
1674,0.5177729553732332,0.5177729553732332,1,high
1675,0.5089467834021998,0.5089467834021998,1,low
1676,0.5048618741479755,0.5048618741479755,1,low
1677,0.5104090362677098,0.5104090362677098,1,low
1678,0.5111523779234793,0.5111523779234793,1,medium
1679,0.5146120734614927,0.5146120734614927,1,medium
1680,0.5124376163745675,0.5124376163745675,1,medium
1681,0.5046122096489115,0.5046122096489115,1,low
1682,0.5189700815842607,0.5189700815842607,1,high
1683,0.4967624874204107,0.4967624874204107,1,low
1684,0.5100438659006618,0.5100438659006618,1,low
1685,0.5069106874016431,0.5069106874016431,1,low
1686,0.5111813791872061,0.5111813791872061,1,medium
1687,0.5075318361602084,0.5075318361602084,1,low
1688,0.5068914012702777,0.5068914012702777,1,low
1689,0.5117997191063944,0.5117997191063944,1,medium
1690,0.5120998923626942,0.5120998923626942,1,medium
1691,0.5151043154434636,0.5151043154434636,1,medium
1692,0.5126651866502006,0.5126651866502006,1,medium
1693,0.5085043928160811,0.5085043928160811,1,low
1694,0.5085083220506464,0.5085083220506464,1,low
1695,0.5036675162930165,0.5036675162930165,1,low
1696,0.5154843954158213,0.5154843954158213,1,medium
1697,0.5133536641086477,0.5133536641086477,1,medium
1698,0.5057738791649788,0.5057738791649788,1,low
1699,0.5068705116932302,0.5068705116932302,1,low
1700,0.5339475613322088,0.5339475613322088,1,critical
1701,0.5223448379103591,0.5223448379103591,1,critical
1702,0.5224532936796353,0.5224532936796353,1,critical
1703,0.5135264910661744,0.5135264910661744,1,medium
1704,0.5104432760685852,0.5104432760685852,1,low
1705,0.5029881404945726,0.5029881404945726,1,low
1706,0.5150532766426869,0.5150532766426869,1,medium
1707,0.5095278069083059,0.5095278069083059,1,low
1708,0.5052249524808204,0.5052249524808204,1,low
1709,0.5206867569281375,0.5206867569281375,1,high
1710,0.5134090119846751,0.5134090119846751,1,medium
1711,0.5117974123444239,0.5117974123444239,1,medium
1712,0.509421872693656,0.509421872693656,1,low
1713,0.5163894509502679,0.5163894509502679,1,high
1714,0.5060730550972706,0.5060730550972706,1,low
1715,0.5053027991641524,0.5053027991641524,1,low
1716,0.5056629043648122,0.5056629043648122,1,low
1717,0.5260868672719675,0.5260868672719675,1,critical
1718,0.5098388409461655,0.5098388409461655,1,low
1719,0.506665355314068,0.506665355314068,1,low
1720,0.5140700746293957,0.5140700746293957,1,medium
1721,0.5134817254856276,0.5134817254856276,1,medium
1722,0.5126189550245737,0.5126189550245737,1,medium
1723,0.5052774491387649,0.5052774491387649,1,low
1724,0.5132511805910768,0.5132511805910768,1,medium
1725,0.5153992511911852,0.5153992511911852,1,medium
1726,0.5017264525007086,0.5017264525007086,1,low
1727,0.5121530563415182,0.5121530563415182,1,medium
1728,0.5100763824005706,0.5100763824005706,1,low
1729,0.5146199126678409,0.5146199126678409,1,medium
1730,0.5098987260910791,0.5098987260910791,1,low
1731,0.5111380102155626,0.5111380102155626,1,medium
1732,0.5042853898860459,0.5042853898860459,1,low
1733,0.5060896768647184,0.5060896768647184,1,low
1734,0.5089739500383622,0.5089739500383622,1,low
1735,0.5214701279361031,0.5214701279361031,1,critical
1736,0.5055132096294261,0.5055132096294261,1,low
1737,0.5130242303283791,0.5130242303283791,1,medium
1738,0.5107050278022697,0.5107050278022697,1,low
1739,0.5349688856944925,0.5349688856944925,1,critical
1740,0.5087581073684223,0.5087581073684223,1,low
1741,0.502593831436556,0.502593831436556,1,low
1742,0.5091740240489916,0.5091740240489916,1,low
1743,0.5077918357409831,0.5077918357409831,1,low
1744,0.508505699349798,0.508505699349798,1,low
1745,0.4985726687492607,0.4985726687492607,1,low
1746,0.5057655011627329,0.5057655011627329,1,low
1747,0.5080292340756082,0.5080292340756082,1,low
1748,0.5095138888280814,0.5095138888280814,1,low
1749,0.5118283919172643,0.5118283919172643,1,medium
1750,0.5051072695934259,0.5051072695934259,1,low
1751,0.5080712411985023,0.5080712411985023,1,low
1752,0.5151308177579277,0.5151308177579277,1,medium
1753,0.5065944731575606,0.5065944731575606,1,low
1754,0.5124376163745675,0.5124376163745675,1,medium
1755,0.5105705440733838,0.5105705440733838,1,low
1756,0.5048703644608002,0.5048703644608002,1,low
1757,0.5041617846421196,0.5041617846421196,1,low
1758,0.5222342994918434,0.5222342994918434,1,critical
1759,0.5105389321199246,0.5105389321199246,1,low
1760,0.5064382577542615,0.5064382577542615,1,low
1761,0.5048502605064963,0.5048502605064963,1,low
1762,0.5226938557789249,0.5226938557789249,1,critical
1763,0.5404347919283937,0.5404347919283937,1,critical
1764,0.5118985536887529,0.5118985536887529,1,medium
1765,0.5139281622380952,0.5139281622380952,1,medium
1766,0.508068368592666,0.508068368592666,1,low
1767,0.5111949555572473,0.5111949555572473,1,medium
1768,0.5105715899482192,0.5105715899482192,1,low
1769,0.509721291486876,0.509721291486876,1,low
1770,0.495869173260528,0.495869173260528,1,low
1771,0.5104356847224588,0.5104356847224588,1,low
1772,0.5164383582293177,0.5164383582293177,1,high
1773,0.5187482746557093,0.5187482746557093,1,high
1774,0.518139463870171,0.518139463870171,1,high
1775,0.5166630356359296,0.5166630356359296,1,high
1776,0.5125689850429674,0.5125689850429674,1,medium
1777,0.5180543123082348,0.5180543123082348,1,high
1778,0.5055278029716752,0.5055278029716752,1,low
1779,0.5081710707682907,0.5081710707682907,1,low
1780,0.5106452460600664,0.5106452460600664,1,low
1781,0.5066197842515687,0.5066197842515687,1,low
1782,0.5116978423003297,0.5116978423003297,1,medium
1783,0.5050829935808815,0.5050829935808815,1,low
1784,0.5159972987996947,0.5159972987996947,1,high
1785,0.5124376163745675,0.5124376163745675,1,medium
1786,0.5172461111817711,0.5172461111817711,1,high
1787,0.5032422744255696,0.5032422744255696,1,low
1788,0.5018894452032392,0.5018894452032392,1,low
1789,0.5124376163745675,0.5124376163745675,1,medium
1790,0.5179175465628051,0.5179175465628051,1,high
1791,0.511451188307526,0.511451188307526,1,medium
1792,0.511675524180499,0.511675524180499,1,medium
1793,0.515765107197322,0.515765107197322,1,high
1794,0.5059521652087435,0.5059521652087435,1,low
1795,0.5080104569831478,0.5080104569831478,1,low
1796,0.5151195296063001,0.5151195296063001,1,medium
1797,0.5176463213987423,0.5176463213987423,1,high
1798,0.509819120836299,0.509819120836299,1,low
1799,0.5062063100928991,0.5062063100928991,1,low
1800,0.511876677042585,0.511876677042585,1,medium
1801,0.5170255230863469,0.5170255230863469,1,high
1802,0.5145979263917376,0.5145979263917376,1,medium
1803,0.5107606446700719,0.5107606446700719,1,low
1804,0.5122076366715025,0.5122076366715025,1,medium
1805,0.5153825726427551,0.5153825726427551,1,medium
1806,0.5138097310840677,0.5138097310840677,1,medium
1807,0.5158463048102337,0.5158463048102337,1,high
1808,0.5113572918356873,0.5113572918356873,1,medium
1809,0.5199691060407785,0.5199691060407785,1,high
1810,0.5188416982933153,0.5188416982933153,1,high
1811,0.5115812911593275,0.5115812911593275,1,medium
1812,0.5453775784766929,0.5453775784766929,1,critical
1813,0.5141997889879608,0.5141997889879608,1,medium
1814,0.5096153439870422,0.5096153439870422,1,low
1815,0.5080106169234683,0.5080106169234683,1,low
1816,0.5151532779494706,0.5151532779494706,1,medium
1817,0.5143427749958267,0.5143427749958267,1,medium
1818,0.5010676736298058,0.5010676736298058,1,low
1819,0.5242630885571794,0.5242630885571794,1,critical
1820,0.5116782365929814,0.5116782365929814,1,medium
1821,0.5130335249179762,0.5130335249179762,1,medium
1822,0.5057738723925967,0.5057738723925967,1,low
1823,0.5118857152464836,0.5118857152464836,1,medium
1824,0.5127858989139175,0.5127858989139175,1,medium
1825,0.5082084996308261,0.5082084996308261,1,low
1826,0.5155757939359291,0.5155757939359291,1,high
1827,0.5106588889708311,0.5106588889708311,1,low
1828,0.5043925305324578,0.5043925305324578,1,low
1829,0.5091189513046035,0.5091189513046035,1,low
1830,0.5075818735905321,0.5075818735905321,1,low
1831,0.5046195713827025,0.5046195713827025,1,low
1832,0.5168547198513597,0.5168547198513597,1,high
1833,0.5004977055207469,0.5004977055207469,1,low
1834,0.5166152928408537,0.5166152928408537,1,high
1835,0.5076038750864763,0.5076038750864763,1,low
1836,0.5158455605689176,0.5158455605689176,1,high
1837,0.5130703634812673,0.5130703634812673,1,medium
1838,0.5200227693355494,0.5200227693355494,1,high
1839,0.5070700815113588,0.5070700815113588,1,low
1840,0.50918128296049,0.50918128296049,1,low
1841,0.5121743309344574,0.5121743309344574,1,medium
1842,0.5111409040968659,0.5111409040968659,1,medium
1843,0.517931563973668,0.517931563973668,1,high
1844,0.5095897547491558,0.5095897547491558,1,low
1845,0.5082773838577377,0.5082773838577377,1,low
1846,0.5052673898037048,0.5052673898037048,1,low
1847,0.5124045192444706,0.5124045192444706,1,medium
1848,0.5140633327644558,0.5140633327644558,1,medium
1849,0.5104835963272017,0.5104835963272017,1,low
1850,0.5144782878924059,0.5144782878924059,1,medium
1851,0.5057207210618454,0.5057207210618454,1,low
1852,0.509401726363203,0.509401726363203,1,low
1853,0.5042207522728821,0.5042207522728821,1,low
1854,0.5163054265184246,0.5163054265184246,1,high
1855,0.5119781472880793,0.5119781472880793,1,medium
1856,0.5195087095193704,0.5195087095193704,1,high
1857,0.5066560442892355,0.5066560442892355,1,low
1858,0.5050772962751015,0.5050772962751015,1,low
1859,0.5026466603497101,0.5026466603497101,1,low
1860,0.5139431628685587,0.5139431628685587,1,medium
1861,0.5116449478790501,0.5116449478790501,1,medium
1862,0.5146199126678409,0.5146199126678409,1,medium
1863,0.5052571649049601,0.5052571649049601,1,low
1864,0.5043888373691112,0.5043888373691112,1,low
1865,0.5038418954550523,0.5038418954550523,1,low
1866,0.505777732572026,0.505777732572026,1,low
1867,0.5116587164129012,0.5116587164129012,1,medium
1868,0.5043812862216978,0.5043812862216978,1,low
1869,0.5113794507091125,0.5113794507091125,1,medium
1870,0.5235557124446277,0.5235557124446277,1,critical
1871,0.5124376163745675,0.5124376163745675,1,medium
1872,0.5162329722804753,0.5162329722804753,1,high
1873,0.5056433474059023,0.5056433474059023,1,low
1874,0.5075498752517965,0.5075498752517965,1,low
1875,0.5146420422294234,0.5146420422294234,1,medium
1876,0.5155448651064597,0.5155448651064597,1,medium
1877,0.5365191239870744,0.5365191239870744,1,critical
1878,0.5106439370190019,0.5106439370190019,1,low
1879,0.5104619813889353,0.5104619813889353,1,low
1880,0.5055241911906526,0.5055241911906526,1,low
1881,0.5050228028261557,0.5050228028261557,1,low
1882,0.513771546168515,0.513771546168515,1,medium
1883,0.5171674647608687,0.5171674647608687,1,high
1884,0.503026642019278,0.503026642019278,1,low
1885,0.5272032850413638,0.5272032850413638,1,critical
1886,0.5020344181976514,0.5020344181976514,1,low
1887,0.508897976731954,0.508897976731954,1,low
1888,0.5072222993425398,0.5072222993425398,1,low
1889,0.5086873562025823,0.5086873562025823,1,low
1890,0.5124376163745675,0.5124376163745675,1,medium
1891,0.5037914711977594,0.5037914711977594,1,low
1892,0.5114280431681144,0.5114280431681144,1,medium
1893,0.5096396246538444,0.5096396246538444,1,low
1894,0.51898517943628,0.51898517943628,1,high
1895,0.5075296426104483,0.5075296426104483,1,low
1896,0.5067967553752941,0.5067967553752941,1,low
1897,0.5125702938111626,0.5125702938111626,1,medium
1898,0.507635654744666,0.507635654744666,1,low
1899,0.5089782669556917,0.5089782669556917,1,low
1900,0.5145004294538932,0.5145004294538932,1,medium
1901,0.5154319769745652,0.5154319769745652,1,medium
1902,0.5067801468408052,0.5067801468408052,1,low
1903,0.5073581516178235,0.5073581516178235,1,low
1904,0.5080222190414747,0.5080222190414747,1,low
1905,0.5071399724965144,0.5071399724965144,1,low
1906,0.5211131204817518,0.5211131204817518,1,critical
1907,0.5189483481882717,0.5189483481882717,1,high
1908,0.5053043394819314,0.5053043394819314,1,low
1909,0.5112241347854021,0.5112241347854021,1,medium
1910,0.507791533138927,0.507791533138927,1,low
1911,0.507210474959098,0.507210474959098,1,low
1912,0.5178122977327618,0.5178122977327618,1,high
1913,0.5139065692437694,0.5139065692437694,1,medium
1914,0.5048631920146023,0.5048631920146023,1,low
1915,0.5195015419933312,0.5195015419933312,1,high
1916,0.5137012786194026,0.5137012786194026,1,medium
1917,0.5052971102703124,0.5052971102703124,1,low
1918,0.50799169554569,0.50799169554569,1,low
1919,0.5081324285658955,0.5081324285658955,1,low
1920,0.5072665418757075,0.5072665418757075,1,low
1921,0.5089049998417488,0.5089049998417488,1,low
1922,0.5100855352364785,0.5100855352364785,1,low
1923,0.5085997853741803,0.5085997853741803,1,low
1924,0.5124376163745675,0.5124376163745675,1,medium
1925,0.5393436654074423,0.5393436654074423,1,critical
1926,0.5163312321067907,0.5163312321067907,1,high
1927,0.5123840622874251,0.5123840622874251,1,medium
1928,0.5165445753330359,0.5165445753330359,1,high
1929,0.5096081387719132,0.5096081387719132,1,low
1930,0.5124376163745675,0.5124376163745675,1,medium
1931,0.5041654976218846,0.5041654976218846,1,low
1932,0.5109833634051206,0.5109833634051206,1,medium
1933,0.5141841420396124,0.5141841420396124,1,medium
1934,0.5146637619004005,0.5146637619004005,1,medium
1935,0.5123840622874251,0.5123840622874251,1,medium
1936,0.5141599666525253,0.5141599666525253,1,medium
1937,0.5150615263003666,0.5150615263003666,1,medium
1938,0.5062892929009112,0.5062892929009112,1,low
1939,0.5093846602167279,0.5093846602167279,1,low
1940,0.4996875600207456,0.4996875600207456,1,low
1941,0.5124633999307064,0.5124633999307064,1,medium
1942,0.5047361315331221,0.5047361315331221,1,low
1943,0.5028871414874543,0.5028871414874543,1,low
1944,0.5121400021863433,0.5121400021863433,1,medium
1945,0.5099047536338488,0.5099047536338488,1,low
1946,0.50698198725494,0.50698198725494,1,low
1947,0.5075607961234111,0.5075607961234111,1,low
1948,0.5092856052537169,0.5092856052537169,1,low
1949,0.5043598878925724,0.5043598878925724,1,low
1950,0.5124376163745675,0.5124376163745675,1,medium
1951,0.5062090325638323,0.5062090325638323,1,low
1952,0.5413283951898009,0.5413283951898009,1,critical
1953,0.5196705816624858,0.5196705816624858,1,high
1954,0.5067353827172593,0.5067353827172593,1,low
1955,0.5124376163745675,0.5124376163745675,1,medium
1956,0.506154221015498,0.506154221015498,1,low
1957,0.5057421962038184,0.5057421962038184,1,low
1958,0.513724234631988,0.513724234631988,1,medium
1959,0.5136206062425969,0.5136206062425969,1,medium
1960,0.5097873688719897,0.5097873688719897,1,low
1961,0.5071467601544598,0.5071467601544598,1,low
1962,0.5048595791462422,0.5048595791462422,1,low
1963,0.5032422744255696,0.5032422744255696,1,low
1964,0.5132778017315941,0.5132778017315941,1,medium
1965,0.5161816376205537,0.5161816376205537,1,high
1966,0.5096417113862627,0.5096417113862627,1,low
1967,0.5124376163745675,0.5124376163745675,1,medium
1968,0.51304155082084,0.51304155082084,1,medium
1969,0.5091928907971064,0.5091928907971064,1,low
1970,0.5145100258296168,0.5145100258296168,1,medium
1971,0.5078147485710248,0.5078147485710248,1,low
1972,0.5191380670961414,0.5191380670961414,1,high
1973,0.5204174506955356,0.5204174506955356,1,high
1974,0.5066898213246374,0.5066898213246374,1,low
1975,0.5147186745472934,0.5147186745472934,1,medium
1976,0.5222132552519544,0.5222132552519544,1,critical
1977,0.5122861172670236,0.5122861172670236,1,medium
1978,0.5157020948579116,0.5157020948579116,1,high
1979,0.5088860823577547,0.5088860823577547,1,low
1980,0.5166651632453562,0.5166651632453562,1,high
1981,0.5121089817034344,0.5121089817034344,1,medium
1982,0.5040946755627725,0.5040946755627725,1,low
1983,0.5035124052063158,0.5035124052063158,1,low
1984,0.5089269511411235,0.5089269511411235,1,low
1985,0.5090686039378757,0.5090686039378757,1,low
1986,0.513687927927421,0.513687927927421,1,medium
1987,0.5118447542965777,0.5118447542965777,1,medium
1988,0.5034536152609322,0.5034536152609322,1,low
1989,0.49448774094285824,0.49448774094285824,1,low
1990,0.5166651632453562,0.5166651632453562,1,high
1991,0.5093649798909158,0.5093649798909158,1,low
1992,0.5124376163745675,0.5124376163745675,1,medium
1993,0.5097469933644705,0.5097469933644705,1,low
1994,0.5103771980294652,0.5103771980294652,1,low
1995,0.5075818735905321,0.5075818735905321,1,low
1996,0.5054370501724987,0.5054370501724987,1,low
1997,0.5124376163745675,0.5124376163745675,1,medium
1998,0.5057386900739599,0.5057386900739599,1,low
1999,0.5124376163745675,0.5124376163745675,1,medium
