pair_index,label,orig_id,anon_id,euclidean_distance,manhattan_distance,cosine_similarity,age_diff,age_equal,birth_year_diff,birth_year_equal,birth_month_diff,birth_month_equal,education_match,marital_status_match,sex_match,ethnicity_match,religion_match,overall_similarity,attack_score
0,1,0.0,0.0,0.0,0.0,1.0,0.0,1,0.0,1,0.0,1,1,1,1,1,1,1.0,0.9162504728530324
1,1,2.0,2.0,0.0,0.0,1.0,0.0,1,0.0,1,0.0,1,1,1,1,1,1,1.0,0.9162504728530324
2,1,78.0,3.0,0.0,0.0,1.0,0.0,1,0.0,1,0.0,1,1,1,1,1,1,1.0,0.9162504728530324
3,1,79.0,4.0,0.0,0.0,1.0,0.0,1,0.0,1,0.0,1,1,1,1,1,1,1.0,0.9162504728530324
4,1,6.0,6.0,0.0,0.0,1.0,0.0,1,0.0,1,0.0,1,1,1,1,1,1,1.0,0.9162504728530324
5,1,7.0,7.0,0.0,0.0,1.0,0.0,1,0.0,1,0.0,1,1,1,1,1,1,1.0,0.9162504728530324
6,1,9.0,9.0,0.0,0.0,1.0,0.0,1,0.0,1,0.0,1,1,1,1,1,1,1.0,0.9162504728530324
7,1,10.0,10.0,0.0,0.0,1.0,0.0,1,0.0,1,0.0,1,1,1,1,1,1,1.0,0.9162504728530324
8,1,11.0,11.0,0.0,0.0,1.0,0.0,1,0.0,1,0.0,1,1,1,1,1,1,1.0,0.9162504728530324
9,1,13.0,13.0,0.0,0.0,1.0,0.0,1,0.0,1,0.0,1,1,1,1,1,1,1.0,0.9162504728530324
10,1,15.0,15.0,0.0,0.0,1.0,0.0,1,0.0,1,0.0,1,1,1,1,1,1,1.0,0.9162504728530324
11,1,16.0,16.0,0.0,0.0,1.0,0.0,1,0.0,1,0.0,1,1,1,1,1,1,1.0,0.9162504728530324
12,1,19.0,19.0,0.0,0.0,1.0,0.0,1,0.0,1,0.0,1,1,1,1,1,1,1.0,0.9162504728530324
13,1,20.0,20.0,0.0,0.0,1.0,0.0,1,0.0,1,0.0,1,1,1,1,1,1,1.0,0.9162504728530324
14,1,24.0,24.0,0.0,0.0,1.0,0.0,1,0.0,1,0.0,1,1,1,1,1,1,1.0,0.9162504728530324
15,1,26.0,26.0,10.0,10.0,0.9992536694476112,0.0,1,10.0,0,0.0,1,1,1,1,1,1,0.875,0.8514609366062268
16,1,30.0,30.0,0.0,0.0,1.0,0.0,1,0.0,1,0.0,1,1,1,1,1,1,1.0,0.9162504728530324
17,1,31.0,31.0,28.0,28.0,0.9772729812687764,28.0,0,0.0,1,0.0,1,1,1,1,1,1,0.875,0.41093493663544906
18,1,33.0,33.0,0.0,0.0,1.0,0.0,1,0.0,1,0.0,1,1,1,1,1,1,1.0,0.9162504728530324
19,1,34.0,34.0,0.0,0.0,1.0,0.0,1,0.0,1,0.0,1,1,1,1,1,1,1.0,0.9162504728530324
20,1,38.0,38.0,0.0,0.0,1.0,0.0,1,0.0,1,0.0,1,1,1,1,1,1,1.0,0.9162504728530324
21,1,40.0,40.0,0.0,0.0,1.0,0.0,1,0.0,1,0.0,1,1,1,1,1,1,1.0,0.9162504728530324
22,1,43.0,43.0,0.0,0.0,1.0,0.0,1,0.0,1,0.0,1,1,1,1,1,1,1.0,0.9162504728530324
23,1,44.0,44.0,0.0,0.0,1.0,0.0,1,0.0,1,0.0,1,1,1,1,1,1,1.0,0.9162504728530324
24,1,45.0,45.0,0.0,0.0,1.0,0.0,1,0.0,1,0.0,1,1,1,1,1,1,1.0,0.9162504728530324
25,1,47.0,47.0,0.0,0.0,1.0,0.0,1,0.0,1,0.0,1,1,1,1,1,1,1.0,0.9162504728530324
26,1,49.0,49.0,0.0,0.0,1.0,0.0,1,0.0,1,0.0,1,1,1,1,1,1,1.0,0.9162504728530324
27,1,51.0,51.0,0.0,0.0,1.0,0.0,1,0.0,1,0.0,1,1,1,1,1,1,1.0,0.9162504728530324
28,1,54.0,54.0,0.0,0.0,1.0,0.0,1,0.0,1,0.0,1,1,1,1,1,1,1.0,0.9162504728530324
29,1,56.0,56.0,0.0,0.0,1.0,0.0,1,0.0,1,0.0,1,1,1,1,1,1,1.0,0.9162504728530324
30,1,60.0,60.0,0.0,0.0,1.0,0.0,1,0.0,1,0.0,1,1,1,1,1,1,1.0,0.9162504728530324
31,1,61.0,61.0,0.0,0.0,1.0,0.0,1,0.0,1,0.0,1,1,1,1,1,1,1.0,0.9162504728530324
32,1,63.0,63.0,0.0,0.0,1.0,0.0,1,0.0,1,0.0,1,1,1,1,1,1,1.0,0.9162504728530324
33,1,64.0,64.0,0.0,0.0,1.0,0.0,1,0.0,1,0.0,1,1,1,1,1,1,1.0,0.9162504728530324
34,1,65.0,65.0,0.0,0.0,1.0,0.0,1,0.0,1,0.0,1,1,1,1,1,1,1.0,0.9162504728530324
35,1,69.0,69.0,0.0,0.0,1.0,0.0,1,0.0,1,0.0,1,1,1,1,1,1,1.0,0.9162504728530324
36,1,70.0,70.0,0.0,0.0,1.0,0.0,1,0.0,1,0.0,1,1,1,1,1,1,1.0,0.9162504728530324
37,1,71.0,71.0,0.0,0.0,1.0,0.0,1,0.0,1,0.0,1,1,1,1,1,1,1.0,0.9162504728530324
38,1,73.0,73.0,0.0,0.0,1.0,0.0,1,0.0,1,0.0,1,1,1,1,1,1,1.0,0.9162504728530324
39,1,76.0,74.0,18.384776310850235,26.0,0.4670858208140853,13.0,0,13.0,0,0.0,1,0,1,1,1,1,0.625,0.272459429562344
40,1,75.0,82.0,28.284271247461906,40.0,0.9467029447750814,20.0,0,20.0,0,0.0,1,0,1,1,0,1,0.5,0.08614862739641405
41,1,4.0,85.0,10.3440804327886,17.0,0.9925722905150948,7.0,0,7.0,0,3.0,0,0,1,1,0,1,0.375,0.11102788089393519
42,1,22.0,88.0,2.449489742783178,4.0,0.9895530451750576,2.0,0,1.0,0,1.0,0,0,1,1,1,0,0.375,0.21053810696323935
43,1,1.0,1.0,0.0,0.0,1.0,0.0,1,0.0,1,0.0,1,1,1,1,1,1,1.0,0.9162504728530324
44,1,5.0,5.0,0.0,0.0,1.0,0.0,1,0.0,1,0.0,1,1,1,1,1,1,1.0,0.9162504728530324
45,1,8.0,8.0,0.0,0.0,1.0,0.0,1,0.0,1,0.0,1,1,0,1,1,1,0.875,0.7542392665939311
46,1,12.0,12.0,0.0,0.0,1.0,0.0,1,0.0,1,0.0,1,1,1,1,1,1,1.0,0.9162504728530324
47,1,14.0,14.0,0.0,0.0,1.0,0.0,1,0.0,1,0.0,1,1,1,1,1,1,1.0,0.9162504728530324
48,1,17.0,17.0,0.0,0.0,1.0,0.0,1,0.0,1,0.0,1,1,1,1,1,1,1.0,0.9162504728530324
49,1,18.0,18.0,0.0,0.0,1.0,0.0,1,0.0,1,0.0,1,1,1,1,1,1,1.0,0.9162504728530324
50,1,21.0,21.0,0.0,0.0,1.0,0.0,1,0.0,1,0.0,1,1,1,1,1,1,1.0,0.9162504728530324
51,1,52.0,22.0,10.816653826391969,17.0,0.8478227519967948,7.0,0,8.0,0,2.0,0,0,1,1,1,1,0.5,0.2701279481582327
52,1,23.0,23.0,0.0,0.0,1.0,0.0,1,0.0,1,0.0,1,1,1,1,1,1,1.0,0.9162504728530324
53,1,25.0,25.0,0.0,0.0,1.0,0.0,1,0.0,1,0.0,1,1,1,1,1,1,1.0,0.9162504728530324
54,1,27.0,27.0,5.0,5.0,0.9985973798550968,0.0,1,0.0,1,5.0,0,1,1,1,1,1,0.875,0.8345357023755519
55,1,28.0,28.0,0.0,0.0,1.0,0.0,1,0.0,1,0.0,1,1,1,1,1,1,1.0,0.9162504728530324
56,1,29.0,29.0,0.0,0.0,1.0,0.0,1,0.0,1,0.0,1,1,1,1,1,1,1.0,0.9162504728530324
57,1,32.0,32.0,0.0,0.0,1.0,0.0,1,0.0,1,0.0,1,1,1,1,1,1,1.0,0.9162504728530324
58,1,35.0,35.0,0.0,0.0,1.0,0.0,1,0.0,1,0.0,1,1,1,1,1,1,1.0,0.9162504728530324
59,1,36.0,36.0,0.0,0.0,1.0,0.0,1,0.0,1,0.0,1,1,1,1,1,1,1.0,0.9162504728530324
60,1,37.0,37.0,0.0,0.0,1.0,0.0,1,0.0,1,0.0,1,1,1,1,1,1,1.0,0.9162504728530324
61,1,39.0,39.0,0.0,0.0,1.0,0.0,1,0.0,1,0.0,1,1,1,1,1,1,1.0,0.9162504728530324
62,1,41.0,41.0,0.0,0.0,1.0,0.0,1,0.0,1,0.0,1,1,1,1,1,1,1.0,0.9162504728530324
63,1,42.0,42.0,0.0,0.0,1.0,0.0,1,0.0,1,0.0,1,1,1,1,1,1,1.0,0.9162504728530324
64,1,46.0,46.0,0.0,0.0,1.0,0.0,1,0.0,1,0.0,1,1,1,1,1,1,1.0,0.9162504728530324
65,1,48.0,48.0,0.0,0.0,1.0,0.0,1,0.0,1,0.0,1,1,1,1,1,1,1.0,0.9162504728530324
66,1,50.0,50.0,0.0,0.0,1.0,0.0,1,0.0,1,0.0,1,1,1,1,1,1,1.0,0.9162504728530324
67,1,53.0,52.0,6.164414002968976,8.0,0.9569321102069628,1.0,0,1.0,0,6.0,0,0,1,1,1,1,0.5,0.40112063026244466
68,1,55.0,55.0,0.0,0.0,1.0,0.0,1,0.0,1,0.0,1,1,1,1,1,1,1.0,0.9162504728530324
69,1,57.0,57.0,0.0,0.0,1.0,0.0,1,0.0,1,0.0,1,1,1,1,1,1,1.0,0.9162504728530324
70,1,58.0,58.0,0.0,0.0,1.0,0.0,1,0.0,1,0.0,1,1,1,1,1,1,1.0,0.9162504728530324
71,1,59.0,59.0,0.0,0.0,1.0,0.0,1,0.0,1,0.0,1,1,1,1,1,1,1.0,0.9162504728530324
72,1,62.0,62.0,0.0,0.0,1.0,0.0,1,0.0,1,0.0,1,1,1,1,1,1,1.0,0.9162504728530324
73,1,66.0,66.0,0.0,0.0,1.0,0.0,1,0.0,1,0.0,1,1,1,1,1,1,1.0,0.9162504728530324
74,1,67.0,67.0,0.0,0.0,1.0,0.0,1,0.0,1,0.0,1,1,1,1,1,1,1.0,0.9162504728530324
75,1,68.0,68.0,0.0,0.0,1.0,0.0,1,0.0,1,0.0,1,1,1,1,1,1,1.0,0.9162504728530324
76,1,72.0,72.0,0.0,0.0,1.0,0.0,1,0.0,1,0.0,1,1,1,1,1,1,1.0,0.9162504728530324
77,1,77.0,87.0,4.123105625617661,5.0,0.998954706590238,0.0,1,1.0,0,4.0,0,0,1,1,1,0,0.5,0.38738100487127136
78,0,,,6.48074069840786,10.0,0.9975914847443916,4.0,0,5.0,0,1.0,0,0,1,1,0,1,0.375,0.13626932473138328
79,0,,,1.4142135623730951,2.0,0.9999135799520368,1.0,0,1.0,0,0.0,1,0,1,1,0,0,0.375,0.14495038198923696
80,0,,,12.727922061357855,18.0,0.9889898009640532,9.0,0,9.0,0,0.0,1,0,1,0,1,1,0.5,0.09347171048526892
81,0,,,91.44397191723463,100.0,0.5595724447202213,9.0,0,91.0,0,0.0,1,0,1,1,1,1,0.625,0.03643115777339376
82,0,,,91.44397191723463,100.0,0.5595724447202213,9.0,0,91.0,0,0.0,1,0,1,1,1,1,0.625,0.03643115777339376
83,0,,,9.9498743710662,15.0,0.99310220401898,7.0,0,7.0,0,1.0,0,0,1,0,1,1,0.375,0.05791613810597016
84,0,,,6.48074069840786,10.0,0.9975914847443916,4.0,0,5.0,0,1.0,0,0,1,1,0,1,0.375,0.13626932473138328
85,0,,,32.07802986469088,49.0,0.9431426404063946,22.0,0,23.0,0,4.0,0,0,1,1,1,1,0.5,0.0863187527541014
86,0,,,10.63014581273465,15.0,0.9943932943270188,8.0,0,7.0,0,0.0,1,0,1,1,1,0,0.5,0.2297005978172791
87,0,,,20.518284528683196,29.0,0.4087700137316487,15.0,0,14.0,0,0.0,1,0,1,1,1,1,0.625,0.23909098877317334
88,0,,,98.066304100848,103.0,0.2308490609119428,2.0,0,98.0,0,3.0,0,1,0,1,1,1,0.5,0.01798886678911788
89,0,,,9.273618495495704,14.0,0.9941893842960952,6.0,0,7.0,0,1.0,0,0,0,1,1,1,0.375,0.12000326620457903
90,0,,,5.0990195135927845,8.0,0.9991783452539504,3.0,0,4.0,0,1.0,0,1,0,0,1,1,0.375,0.061530531541542983
91,0,,,10.63014581273465,15.0,0.9920203014953938,8.0,0,7.0,0,0.0,1,0,1,0,1,1,0.5,0.1043074042339439
92,0,,,7.3484692283495345,12.0,0.9962276338952196,5.0,0,5.0,0,2.0,0,0,1,1,0,1,0.375,0.12896470966999926
93,0,,,94.26027795418386,101.0,0.3017071549418645,7.0,0,94.0,0,0.0,1,0,0,1,0,0,0.25,0.0010588281261078704
94,0,,,95.3205119583398,106.0,0.343960660518422,5.0,0,95.0,0,6.0,0,1,1,1,1,1,0.625,0.0495854261409678
95,0,,,51.39066063011839,79.0,0.8400929036393389,36.0,0,36.0,0,7.0,0,1,1,1,1,1,0.625,0.05009822111793744
96,0,,,10.677078252031311,16.0,0.9920665169317966,7.0,0,8.0,0,1.0,0,0,1,1,1,0,0.375,0.14053189416484907
97,0,,,26.851443164195103,43.0,0.9574355776451664,18.0,0,19.0,0,6.0,0,0,1,1,1,1,0.5,0.12156045729440194
98,0,,,10.677078252031311,16.0,0.9943644089105016,7.0,0,8.0,0,1.0,0,0,0,1,1,1,0.375,0.1103893496817518
99,0,,,98.066304100848,103.0,0.2308490609119428,2.0,0,98.0,0,3.0,0,1,0,1,1,1,0.5,0.01798886678911788
100,0,,,76.89603370785778,99.0,0.6360659722080415,27.0,0,72.0,0,0.0,1,1,0,1,1,1,0.625,0.017690282064267936
101,0,,,2.449489742783178,4.0,0.9919976730359152,1.0,0,1.0,0,2.0,0,0,1,1,1,1,0.5,0.4093412671791186
102,0,,,91.11531155629112,110.0,0.4650980943945244,11.0,0,90.0,0,9.0,0,0,0,0,0,0,0.0,7.166809368268287e-05
103,0,,,2.23606797749979,3.0,0.9942338501412048,1.0,0,0.0,1,2.0,0,0,1,1,1,0,0.5,0.24799817673800664
104,0,,,13.45362404707371,19.0,0.9879592565152756,10.0,0,9.0,0,0.0,1,0,1,1,0,1,0.5,0.17661048870787077
105,0,,,15.556349186104043,22.0,0.9831493711075876,11.0,0,11.0,0,0.0,1,0,1,1,1,0,0.5,0.18323398011162498
106,0,,,17.944358444926362,28.0,0.979553141421482,13.0,0,12.0,0,3.0,0,0,1,1,1,1,0.5,0.19106310208302055
107,0,,,3.0,5.0,0.9875414397573884,2.0,0,2.0,0,1.0,0,1,1,1,1,0,0.5,0.3640250308555466
108,0,,,26.851443164195103,43.0,0.9574355776451664,18.0,0,19.0,0,6.0,0,0,1,1,1,1,0.5,0.12156045729440194
109,0,,,10.816653826391969,17.0,0.8478227519967948,7.0,0,8.0,0,2.0,0,0,1,1,1,1,0.5,0.2701279481582327
110,0,,,20.518284528683196,29.0,0.4087700137316487,15.0,0,14.0,0,0.0,1,0,1,1,1,1,0.625,0.23909098877317334
111,0,,,14.866068747318506,21.0,0.9867228533562428,11.0,0,10.0,0,0.0,1,0,1,1,1,0,0.5,0.18776421648514466
112,0,,,2.449489742783178,4.0,0.9895530451750576,2.0,0,1.0,0,1.0,0,0,1,1,1,0,0.375,0.21053810696323935
113,0,,,36.78314831549904,53.0,0.927365844127374,26.0,0,26.0,0,1.0,0,1,0,1,1,1,0.5,0.049164374086153595
114,0,,,9.9498743710662,15.0,0.99310220401898,7.0,0,7.0,0,1.0,0,0,1,0,1,1,0.375,0.05791613810597016
115,0,,,15.556349186104043,22.0,0.9831493711075876,11.0,0,11.0,0,0.0,1,0,1,1,1,0,0.5,0.18323398011162498
116,0,,,7.874007874011811,12.0,0.997144827904021,6.0,0,5.0,0,1.0,0,0,1,1,1,0,0.375,0.15918874931028965
117,0,,,98.20386957752734,106.0,0.2526082621640158,2.0,0,98.0,0,6.0,0,0,1,0,0,0,0.125,0.00026345197633983374
118,0,,,4.69041575982343,8.0,0.9985005611860543,3.0,0,3.0,0,2.0,0,0,0,1,1,1,0.375,0.15421924989944513
119,0,,,4.123105625617661,5.0,0.9989165893910794,1.0,0,0.0,1,4.0,0,0,1,0,1,1,0.5,0.11960087449902995
120,0,,,83.43860018001261,102.0,0.9588654486345096,20.0,0,81.0,0,1.0,0,1,1,1,1,1,0.625,0.04150221829053626
121,0,,,19.79898987322333,28.0,0.9726228778947068,14.0,0,14.0,0,0.0,1,0,0,1,1,1,0.5,0.11475634711553694
122,0,,,36.78314831549904,53.0,0.927365844127374,26.0,0,26.0,0,1.0,0,1,0,1,1,1,0.5,0.049164374086153595
123,0,,,9.273618495495704,14.0,0.9941893842960952,6.0,0,7.0,0,1.0,0,0,0,1,1,1,0.375,0.12000326620457903
124,0,,,3.0,5.0,0.9875414397573884,2.0,0,2.0,0,1.0,0,1,1,1,1,0,0.5,0.3640250308555466
125,0,,,30.298514815086232,48.0,0.9392629939174926,21.0,0,21.0,0,6.0,0,0,1,1,1,1,0.5,0.09691738481349055
126,0,,,5.0990195135927845,8.0,0.9987215053808164,4.0,0,3.0,0,1.0,0,1,0,1,0,1,0.375,0.09755140200964289
127,0,,,1.4142135623730951,2.0,0.9999135799520368,1.0,0,1.0,0,0.0,1,0,1,1,0,0,0.375,0.14495038198923696
128,0,,,4.123105625617661,5.0,0.9989165893910794,1.0,0,0.0,1,4.0,0,0,1,0,1,1,0.5,0.11960087449902995
129,0,,,40.36087214122113,59.0,0.916342807491128,29.0,0,28.0,0,2.0,0,0,1,1,1,1,0.5,0.052176147002464694
130,0,,,31.25699921617557,47.0,0.9531033649645267,22.0,0,22.0,0,3.0,0,0,1,1,1,1,0.5,0.08996606124850065
131,0,,,12.083045973594572,18.0,0.9910023202511884,8.0,0,9.0,0,1.0,0,0,0,1,1,1,0.375,0.10128889643351853
132,0,,,85.7962703152066,105.0,0.8929513859515076,17.0,0,84.0,0,4.0,0,1,1,1,1,1,0.625,0.037151405420679864
133,0,,,33.421549934136806,49.0,0.9484901053352496,18.0,0,28.0,0,3.0,0,0,1,1,1,1,0.5,0.09426960252990617
134,0,,,17.944358444926362,28.0,0.979553141421482,13.0,0,12.0,0,3.0,0,0,1,1,1,1,0.5,0.19106310208302055
135,0,,,19.1049731745428,27.0,0.3447176592270999,13.0,0,14.0,0,0.0,1,1,1,1,1,0,0.625,0.21753292421291937
136,0,,,4.0,4.0,0.9847836031767524,0.0,1,0.0,1,4.0,0,0,1,1,0,1,0.625,0.4379172329317964
137,0,,,54.46099521676041,78.0,0.8249288832944606,39.0,0,38.0,0,1.0,0,0,1,1,1,1,0.5,0.022624938266691912
138,0,,,2.449489742783178,4.0,0.9919976730359152,1.0,0,1.0,0,2.0,0,0,1,1,1,1,0.5,0.4093412671791186
139,0,,,4.0,4.0,0.9847836031767524,0.0,1,0.0,1,4.0,0,0,1,1,0,1,0.625,0.4379172329317964
140,0,,,31.25699921617557,47.0,0.9531033649645267,22.0,0,22.0,0,3.0,0,0,1,1,1,1,0.5,0.08996606124850065
141,0,,,7.810249675906654,11.0,0.8561964001774857,6.0,0,5.0,0,0.0,1,0,1,1,1,1,0.625,0.4631956372400244
142,0,,,15.0,23.0,0.9854192080836606,11.0,0,10.0,0,2.0,0,1,1,0,1,1,0.5,0.08888370198768765
143,0,,,3.0,3.0,0.9994048377490354,0.0,1,0.0,1,3.0,0,0,1,0,1,1,0.625,0.27949493382635054
144,0,,,10.392304845413264,18.0,0.9924422446551682,6.0,0,6.0,0,6.0,0,1,1,1,1,0,0.5,0.25714001112237844
145,0,,,98.066304100848,103.0,0.2308490609119428,2.0,0,98.0,0,3.0,0,1,0,1,1,1,0.5,0.01798886678911788
146,0,,,3.0,5.0,0.9994121992167508,2.0,0,2.0,0,1.0,0,0,1,0,1,1,0.375,0.09007454491236871
147,0,,,12.083045973594572,18.0,0.9910023202511884,8.0,0,9.0,0,1.0,0,0,0,1,1,1,0.375,0.10128889643351853
148,0,,,1.0,1.0,0.9982776033569812,0.0,1,0.0,1,1.0,0,1,1,1,0,0,0.625,0.35858118001195116
149,0,,,76.89603370785778,99.0,0.6360659722080415,27.0,0,72.0,0,0.0,1,1,0,1,1,1,0.625,0.017690282064267936
150,0,,,12.083045973594572,18.0,0.9910023202511884,8.0,0,9.0,0,1.0,0,0,0,1,1,1,0.375,0.10128889643351853
151,0,,,51.39066063011839,79.0,0.8400929036393389,36.0,0,36.0,0,7.0,0,1,1,1,1,1,0.625,0.05009822111793744
152,0,,,54.46099521676041,78.0,0.8249288832944606,39.0,0,38.0,0,1.0,0,0,1,1,1,1,0.5,0.022624938266691912
153,0,,,10.63014581273465,15.0,0.9943932943270188,8.0,0,7.0,0,0.0,1,0,1,1,1,0,0.5,0.2297005978172791
154,0,,,92.35258523723093,101.0,0.4902898560412062,8.0,0,92.0,0,1.0,0,0,1,1,1,1,0.5,0.019053508223290393
155,0,,,10.816653826391969,17.0,0.8478227519967948,7.0,0,8.0,0,2.0,0,0,1,1,1,1,0.5,0.2701279481582327
