pair_index,label,orig_id,anon_id,euclidean_distance,manhattan_distance,cosine_similarity,sector_diff,sector_equal,type_of_school_match,r2_school_education_match,overall_similarity,attack_score
0,1,0.0,0.0,0.0,0.0,1.0,0.0,1,1,1,1.0,0.9648474887814732
1,1,5.0,5.0,0.0,0.0,1.0,0.0,1,1,1,1.0,0.9648474887814732
2,1,15.0,15.0,0.0,0.0,1.0,0.0,1,1,1,1.0,0.9648474887814732
3,1,24.0,24.0,0.0,0.0,1.0,0.0,1,1,1,1.0,0.9648474887814732
4,1,31.0,31.0,0.0,0.0,1.0,0.0,1,1,1,1.0,0.9648474887814732
5,1,45.0,45.0,0.0,0.0,1.0,0.0,1,1,1,1.0,0.9648474887814732
6,1,59.0,59.0,0.0,0.0,1.0,0.0,1,1,1,1.0,0.9648474887814732
7,1,65.0,65.0,0.0,0.0,1.0,0.0,1,1,1,1.0,0.9648474887814732
8,1,73.0,73.0,0.0,0.0,1.0,0.0,1,1,1,1.0,0.9648474887814732
9,1,79.0,79.0,0.0,0.0,1.0,0.0,1,1,1,1.0,0.9648474887814732
10,1,80.0,80.0,0.0,0.0,1.0,0.0,1,1,1,1.0,0.9648474887814732
11,1,85.0,85.0,0.0,0.0,1.0,0.0,1,1,1,1.0,0.9648474887814732
12,1,89.0,89.0,0.0,0.0,1.0,0.0,1,1,1,1.0,0.9648474887814732
13,1,1.0,1.0,0.0,0.0,1.0,0.0,1,1,1,1.0,0.9648474887814732
14,1,2.0,2.0,0.0,0.0,1.0,0.0,1,1,1,1.0,0.9648474887814732
15,1,3.0,3.0,0.0,0.0,1.0,0.0,1,1,1,1.0,0.9648474887814732
16,1,4.0,4.0,0.0,0.0,1.0,0.0,1,1,1,1.0,0.9648474887814732
17,1,6.0,6.0,0.0,0.0,1.0,0.0,1,1,1,1.0,0.9648474887814732
18,1,7.0,7.0,0.0,0.0,1.0,0.0,1,1,1,1.0,0.9648474887814732
19,1,8.0,8.0,0.0,0.0,1.0,0.0,1,1,1,1.0,0.9648474887814732
20,1,9.0,9.0,0.0,0.0,1.0,0.0,1,1,1,1.0,0.9648474887814732
21,1,10.0,10.0,0.0,0.0,1.0,0.0,1,1,1,1.0,0.9648474887814732
22,1,11.0,11.0,0.0,0.0,1.0,0.0,1,1,1,1.0,0.9648474887814732
23,1,12.0,12.0,0.0,0.0,1.0,0.0,1,1,1,1.0,0.9648474887814732
24,1,13.0,13.0,0.0,0.0,1.0,0.0,1,1,1,1.0,0.9648474887814732
25,1,14.0,14.0,0.0,0.0,1.0,0.0,1,1,1,1.0,0.9648474887814732
26,1,16.0,16.0,0.0,0.0,1.0,0.0,1,1,1,1.0,0.9648474887814732
27,1,17.0,17.0,0.0,0.0,1.0,0.0,1,1,1,1.0,0.9648474887814732
28,1,18.0,18.0,0.0,0.0,1.0,0.0,1,1,1,1.0,0.9648474887814732
29,1,19.0,19.0,0.0,0.0,1.0,0.0,1,1,1,1.0,0.9648474887814732
30,1,20.0,20.0,0.0,0.0,1.0,0.0,1,1,1,1.0,0.9648474887814732
31,1,21.0,21.0,0.0,0.0,1.0,0.0,1,1,1,1.0,0.9648474887814732
32,1,22.0,22.0,0.0,0.0,1.0,0.0,1,1,1,1.0,0.9648474887814732
33,1,23.0,23.0,0.0,0.0,1.0,0.0,1,1,1,1.0,0.9648474887814732
34,1,25.0,25.0,0.0,0.0,1.0,0.0,1,1,1,1.0,0.9648474887814732
35,1,26.0,26.0,0.0,0.0,1.0,0.0,1,1,1,1.0,0.9648474887814732
36,1,27.0,27.0,0.0,0.0,1.0,0.0,1,1,1,1.0,0.9648474887814732
37,1,28.0,28.0,0.0,0.0,1.0,0.0,1,1,1,1.0,0.9648474887814732
38,1,29.0,29.0,0.0,0.0,1.0,0.0,1,1,1,1.0,0.9648474887814732
39,1,30.0,30.0,0.0,0.0,1.0,0.0,1,1,1,1.0,0.9648474887814732
40,1,32.0,32.0,0.0,0.0,1.0,0.0,1,1,1,1.0,0.9648474887814732
41,1,33.0,33.0,0.0,0.0,1.0,0.0,1,1,1,1.0,0.9648474887814732
42,1,34.0,34.0,0.0,0.0,1.0,0.0,1,1,1,1.0,0.9648474887814732
43,1,35.0,35.0,0.0,0.0,1.0,0.0,1,1,1,1.0,0.9648474887814732
44,1,36.0,36.0,0.0,0.0,1.0,0.0,1,1,1,1.0,0.9648474887814732
45,1,37.0,37.0,0.0,0.0,1.0,0.0,1,1,1,1.0,0.9648474887814732
46,1,38.0,38.0,0.0,0.0,1.0,0.0,1,1,1,1.0,0.9648474887814732
47,1,39.0,39.0,0.0,0.0,1.0,0.0,1,1,1,1.0,0.9648474887814732
48,1,40.0,40.0,0.0,0.0,1.0,0.0,1,1,1,1.0,0.9648474887814732
49,1,41.0,41.0,0.0,0.0,1.0,0.0,1,1,1,1.0,0.9648474887814732
50,1,42.0,42.0,0.0,0.0,1.0,0.0,1,1,1,1.0,0.9648474887814732
51,1,43.0,43.0,0.0,0.0,1.0,0.0,1,1,1,1.0,0.9648474887814732
52,1,44.0,44.0,0.0,0.0,1.0,0.0,1,1,1,1.0,0.9648474887814732
53,1,46.0,46.0,0.0,0.0,1.0,0.0,1,1,1,1.0,0.9648474887814732
54,1,48.0,48.0,0.0,0.0,1.0,0.0,1,1,1,1.0,0.9648474887814732
55,1,49.0,49.0,0.0,0.0,1.0,0.0,1,1,1,1.0,0.9648474887814732
56,1,50.0,50.0,0.0,0.0,1.0,0.0,1,1,1,1.0,0.9648474887814732
57,1,51.0,51.0,0.0,0.0,1.0,0.0,1,1,1,1.0,0.9648474887814732
58,1,52.0,52.0,0.0,0.0,1.0,0.0,1,1,1,1.0,0.9648474887814732
59,1,53.0,53.0,0.0,0.0,1.0,0.0,1,1,1,1.0,0.9648474887814732
60,1,54.0,54.0,0.0,0.0,1.0,0.0,1,1,1,1.0,0.9648474887814732
61,1,55.0,55.0,0.0,0.0,1.0,0.0,1,1,1,1.0,0.9648474887814732
62,1,56.0,56.0,0.0,0.0,1.0,0.0,1,1,1,1.0,0.9648474887814732
63,1,57.0,57.0,0.0,0.0,1.0,0.0,1,1,1,1.0,0.9648474887814732
64,1,58.0,58.0,0.0,0.0,1.0,0.0,1,1,1,1.0,0.9648474887814732
65,1,60.0,60.0,0.0,0.0,1.0,0.0,1,1,1,1.0,0.9648474887814732
66,1,61.0,61.0,0.0,0.0,1.0,0.0,1,1,1,1.0,0.9648474887814732
67,1,62.0,62.0,0.0,0.0,1.0,0.0,1,1,1,1.0,0.9648474887814732
68,1,63.0,63.0,0.0,0.0,1.0,0.0,1,1,1,1.0,0.9648474887814732
69,1,64.0,64.0,0.0,0.0,1.0,0.0,1,1,1,1.0,0.9648474887814732
70,1,66.0,66.0,0.0,0.0,1.0,0.0,1,1,1,1.0,0.9648474887814732
71,1,67.0,67.0,0.0,0.0,1.0,0.0,1,1,1,1.0,0.9648474887814732
72,1,68.0,68.0,0.0,0.0,1.0,0.0,1,1,1,1.0,0.9648474887814732
73,1,69.0,69.0,0.0,0.0,1.0,0.0,1,1,1,1.0,0.9648474887814732
74,1,70.0,70.0,0.0,0.0,1.0,0.0,1,1,1,1.0,0.9648474887814732
75,1,71.0,71.0,0.0,0.0,1.0,0.0,1,1,1,1.0,0.9648474887814732
76,1,72.0,72.0,0.0,0.0,1.0,0.0,1,1,1,1.0,0.9648474887814732
77,1,74.0,74.0,0.0,0.0,1.0,0.0,1,1,1,1.0,0.9648474887814732
78,1,75.0,75.0,0.0,0.0,1.0,0.0,1,1,1,1.0,0.9648474887814732
79,1,77.0,77.0,0.0,0.0,1.0,0.0,1,1,1,1.0,0.9648474887814732
80,1,78.0,78.0,0.0,0.0,1.0,0.0,1,1,1,1.0,0.9648474887814732
81,1,81.0,81.0,0.0,0.0,1.0,0.0,1,1,1,1.0,0.9648474887814732
82,1,82.0,82.0,0.0,0.0,1.0,0.0,1,1,1,1.0,0.9648474887814732
83,1,83.0,83.0,0.0,0.0,1.0,0.0,1,1,1,1.0,0.9648474887814732
84,1,84.0,84.0,0.0,0.0,1.0,0.0,1,1,1,1.0,0.9648474887814732
85,1,86.0,86.0,0.0,0.0,1.0,0.0,1,1,1,1.0,0.9648474887814732
86,1,87.0,87.0,0.0,0.0,1.0,0.0,1,1,1,1.0,0.9648474887814732
87,1,88.0,88.0,0.0,0.0,1.0,0.0,1,1,1,1.0,0.9648474887814732
88,1,90.0,90.0,0.0,0.0,1.0,0.0,1,1,1,1.0,0.9648474887814732
89,1,91.0,91.0,0.0,0.0,1.0,0.0,1,1,1,1.0,0.9648474887814732
90,1,92.0,92.0,0.0,0.0,1.0,0.0,1,1,1,1.0,0.9648474887814732
91,1,93.0,93.0,0.0,0.0,1.0,0.0,1,1,1,1.0,0.9648474887814732
92,1,94.0,94.0,0.0,0.0,1.0,0.0,1,1,1,1.0,0.9648474887814732
93,1,95.0,95.0,0.0,0.0,1.0,0.0,1,1,1,1.0,0.9648474887814732
94,1,96.0,96.0,0.0,0.0,1.0,0.0,1,1,1,1.0,0.9648474887814732
95,1,97.0,97.0,0.0,0.0,1.0,0.0,1,1,1,1.0,0.9648474887814732
96,1,98.0,98.0,0.0,0.0,1.0,0.0,1,1,1,1.0,0.9648474887814732
97,1,99.0,99.0,0.0,0.0,1.0,0.0,1,1,1,1.0,0.9648474887814732
98,1,47.0,47.0,0.0,0.0,1.0,0.0,1,1,1,1.0,0.9648474887814732
99,1,76.0,76.0,0.0,0.0,1.0,0.0,1,1,1,1.0,0.9648474887814732
100,0,,,0.0,0.0,1.0,0.0,1,1,0,0.6666666666666666,0.038498740264799367
101,0,,,1.0,1.0,1.0,1.0,0,1,1,0.6666666666666666,0.020466820935602408
102,0,,,1.0,1.0,1.0,1.0,0,1,1,0.6666666666666666,0.020466820935602408
103,0,,,0.0,0.0,1.0,0.0,1,1,0,0.6666666666666666,0.038498740264799367
104,0,,,0.0,0.0,1.0,0.0,1,1,0,0.6666666666666666,0.038498740264799367
105,0,,,0.0,0.0,1.0,0.0,1,1,0,0.6666666666666666,0.038498740264799367
106,0,,,0.0,0.0,1.0,0.0,1,1,0,0.6666666666666666,0.038498740264799367
107,0,,,1.0,1.0,1.0,1.0,0,1,1,0.6666666666666666,0.020466820935602408
108,0,,,1.0,1.0,1.0,1.0,0,1,1,0.6666666666666666,0.020466820935602408
109,0,,,0.0,0.0,1.0,0.0,1,1,0,0.6666666666666666,0.038498740264799367
110,0,,,0.0,0.0,1.0,0.0,1,1,0,0.6666666666666666,0.038498740264799367
111,0,,,0.0,0.0,1.0,0.0,1,1,0,0.6666666666666666,0.038498740264799367
112,0,,,0.0,0.0,1.0,0.0,1,1,0,0.6666666666666666,0.038498740264799367
113,0,,,0.0,0.0,1.0,0.0,1,1,0,0.6666666666666666,0.038498740264799367
114,0,,,1.0,1.0,1.0,1.0,0,1,1,0.6666666666666666,0.020466820935602408
115,0,,,1.0,1.0,1.0,1.0,0,1,1,0.6666666666666666,0.020466820935602408
116,0,,,0.0,0.0,1.0,0.0,1,1,0,0.6666666666666666,0.038498740264799367
117,0,,,0.0,0.0,1.0,0.0,1,1,0,0.6666666666666666,0.038498740264799367
118,0,,,0.0,0.0,1.0,0.0,1,1,0,0.6666666666666666,0.038498740264799367
119,0,,,0.0,0.0,1.0,0.0,1,1,0,0.6666666666666666,0.038498740264799367
120,0,,,0.0,0.0,1.0,0.0,1,1,0,0.6666666666666666,0.038498740264799367
121,0,,,0.0,0.0,1.0,0.0,1,1,0,0.6666666666666666,0.038498740264799367
122,0,,,0.0,0.0,1.0,0.0,1,1,0,0.6666666666666666,0.038498740264799367
123,0,,,0.0,0.0,1.0,0.0,1,1,0,0.6666666666666666,0.038498740264799367
124,0,,,1.0,1.0,1.0,1.0,0,1,1,0.6666666666666666,0.020466820935602408
125,0,,,1.0,1.0,1.0,1.0,0,1,1,0.6666666666666666,0.020466820935602408
126,0,,,1.0,1.0,1.0,1.0,0,1,1,0.6666666666666666,0.020466820935602408
127,0,,,0.0,0.0,1.0,0.0,1,1,0,0.6666666666666666,0.038498740264799367
128,0,,,0.0,0.0,1.0,0.0,1,1,0,0.6666666666666666,0.038498740264799367
129,0,,,0.0,0.0,1.0,0.0,1,1,0,0.6666666666666666,0.038498740264799367
130,0,,,0.0,0.0,1.0,0.0,1,1,0,0.6666666666666666,0.038498740264799367
131,0,,,0.0,0.0,1.0,0.0,1,1,0,0.6666666666666666,0.038498740264799367
132,0,,,0.0,0.0,1.0,0.0,1,1,0,0.6666666666666666,0.038498740264799367
133,0,,,0.0,0.0,1.0,0.0,1,1,0,0.6666666666666666,0.038498740264799367
134,0,,,0.0,0.0,1.0,0.0,1,1,0,0.6666666666666666,0.038498740264799367
135,0,,,0.0,0.0,1.0,0.0,1,1,0,0.6666666666666666,0.038498740264799367
136,0,,,0.0,0.0,1.0,0.0,1,1,0,0.6666666666666666,0.038498740264799367
137,0,,,0.0,0.0,1.0,0.0,1,1,0,0.6666666666666666,0.038498740264799367
138,0,,,0.0,0.0,1.0,0.0,1,1,0,0.6666666666666666,0.038498740264799367
139,0,,,1.0,1.0,1.0,1.0,0,1,1,0.6666666666666666,0.020466820935602408
140,0,,,0.0,0.0,1.0,0.0,1,1,0,0.6666666666666666,0.038498740264799367
141,0,,,0.0,0.0,1.0,0.0,1,1,0,0.6666666666666666,0.038498740264799367
142,0,,,1.0,1.0,1.0,1.0,0,1,1,0.6666666666666666,0.020466820935602408
143,0,,,0.0,0.0,1.0,0.0,1,1,0,0.6666666666666666,0.038498740264799367
144,0,,,0.0,0.0,1.0,0.0,1,1,0,0.6666666666666666,0.038498740264799367
145,0,,,0.0,0.0,1.0,0.0,1,1,0,0.6666666666666666,0.038498740264799367
146,0,,,0.0,0.0,1.0,0.0,1,1,0,0.6666666666666666,0.038498740264799367
147,0,,,0.0,0.0,1.0,0.0,1,1,0,0.6666666666666666,0.038498740264799367
148,0,,,1.0,1.0,1.0,1.0,0,1,1,0.6666666666666666,0.020466820935602408
149,0,,,1.0,1.0,1.0,1.0,0,1,1,0.6666666666666666,0.020466820935602408
150,0,,,0.0,0.0,1.0,0.0,1,1,0,0.6666666666666666,0.038498740264799367
151,0,,,1.0,1.0,1.0,1.0,0,1,1,0.6666666666666666,0.020466820935602408
152,0,,,0.0,0.0,1.0,0.0,1,1,0,0.6666666666666666,0.038498740264799367
153,0,,,0.0,0.0,1.0,0.0,1,1,0,0.6666666666666666,0.038498740264799367
154,0,,,0.0,0.0,1.0,0.0,1,1,0,0.6666666666666666,0.038498740264799367
155,0,,,0.0,0.0,1.0,0.0,1,1,0,0.6666666666666666,0.038498740264799367
156,0,,,0.0,0.0,1.0,0.0,1,1,0,0.6666666666666666,0.038498740264799367
157,0,,,0.0,0.0,1.0,0.0,1,1,0,0.6666666666666666,0.038498740264799367
158,0,,,0.0,0.0,1.0,0.0,1,1,0,0.6666666666666666,0.038498740264799367
159,0,,,0.0,0.0,1.0,0.0,1,1,0,0.6666666666666666,0.038498740264799367
160,0,,,0.0,0.0,1.0,0.0,1,1,0,0.6666666666666666,0.038498740264799367
161,0,,,0.0,0.0,1.0,0.0,1,1,0,0.6666666666666666,0.038498740264799367
162,0,,,0.0,0.0,1.0,0.0,1,1,0,0.6666666666666666,0.038498740264799367
163,0,,,0.0,0.0,1.0,0.0,1,1,0,0.6666666666666666,0.038498740264799367
164,0,,,1.0,1.0,1.0,1.0,0,1,1,0.6666666666666666,0.020466820935602408
165,0,,,0.0,0.0,1.0,0.0,1,1,0,0.6666666666666666,0.038498740264799367
166,0,,,0.0,0.0,1.0,0.0,1,1,0,0.6666666666666666,0.038498740264799367
167,0,,,0.0,0.0,1.0,0.0,1,1,0,0.6666666666666666,0.038498740264799367
168,0,,,0.0,0.0,1.0,0.0,1,1,0,0.6666666666666666,0.038498740264799367
169,0,,,0.0,0.0,1.0,0.0,1,1,0,0.6666666666666666,0.038498740264799367
170,0,,,0.0,0.0,1.0,0.0,1,1,0,0.6666666666666666,0.038498740264799367
171,0,,,0.0,0.0,1.0,0.0,1,1,0,0.6666666666666666,0.038498740264799367
172,0,,,0.0,0.0,1.0,0.0,1,1,0,0.6666666666666666,0.038498740264799367
173,0,,,0.0,0.0,1.0,0.0,1,1,0,0.6666666666666666,0.038498740264799367
174,0,,,1.0,1.0,1.0,1.0,0,1,1,0.6666666666666666,0.020466820935602408
175,0,,,0.0,0.0,1.0,0.0,1,1,0,0.6666666666666666,0.038498740264799367
176,0,,,0.0,0.0,1.0,0.0,1,1,0,0.6666666666666666,0.038498740264799367
177,0,,,0.0,0.0,1.0,0.0,1,1,0,0.6666666666666666,0.038498740264799367
178,0,,,0.0,0.0,1.0,0.0,1,1,0,0.6666666666666666,0.038498740264799367
179,0,,,1.0,1.0,1.0,1.0,0,1,1,0.6666666666666666,0.020466820935602408
180,0,,,0.0,0.0,1.0,0.0,1,1,0,0.6666666666666666,0.038498740264799367
181,0,,,0.0,0.0,1.0,0.0,1,1,0,0.6666666666666666,0.038498740264799367
182,0,,,0.0,0.0,1.0,0.0,1,1,0,0.6666666666666666,0.038498740264799367
183,0,,,0.0,0.0,1.0,0.0,1,1,0,0.6666666666666666,0.038498740264799367
184,0,,,1.0,1.0,1.0,1.0,0,1,1,0.6666666666666666,0.020466820935602408
185,0,,,1.0,1.0,1.0,1.0,0,1,1,0.6666666666666666,0.020466820935602408
186,0,,,0.0,0.0,1.0,0.0,1,1,0,0.6666666666666666,0.038498740264799367
187,0,,,0.0,0.0,1.0,0.0,1,1,0,0.6666666666666666,0.038498740264799367
188,0,,,0.0,0.0,1.0,0.0,1,1,0,0.6666666666666666,0.038498740264799367
189,0,,,0.0,0.0,1.0,0.0,1,1,0,0.6666666666666666,0.038498740264799367
190,0,,,0.0,0.0,1.0,0.0,1,1,0,0.6666666666666666,0.038498740264799367
191,0,,,0.0,0.0,1.0,0.0,1,1,0,0.6666666666666666,0.038498740264799367
192,0,,,0.0,0.0,1.0,0.0,1,1,0,0.6666666666666666,0.038498740264799367
193,0,,,1.0,1.0,1.0,1.0,0,1,1,0.6666666666666666,0.020466820935602408
194,0,,,0.0,0.0,1.0,0.0,1,1,0,0.6666666666666666,0.038498740264799367
195,0,,,0.0,0.0,1.0,0.0,1,1,0,0.6666666666666666,0.038498740264799367
196,0,,,0.0,0.0,1.0,0.0,1,1,0,0.6666666666666666,0.038498740264799367
197,0,,,0.0,0.0,1.0,0.0,1,1,0,0.6666666666666666,0.038498740264799367
198,0,,,1.0,1.0,1.0,1.0,0,1,1,0.6666666666666666,0.020466820935602408
199,0,,,0.0,0.0,1.0,0.0,1,1,0,0.6666666666666666,0.038498740264799367
