pair_index,label,orig_id,anon_id,euclidean_distance,manhattan_distance,cosine_similarity,education_diff,education_equal,marital_status_diff,marital_status_equal,sex_diff,sex_equal,age_match,industry_match,overall_similarity,industry_diff,industry_equal,education_match,age_diff,age_equal,anon_index,aux_index,attack_score
0,1,0.0,0.0,4.242640687119285,6.0,0.9862393362677776,4.0,0.0,1.0,0,1.0,0,0.0,0.0,0.0,0.0,0.0,0.0,0.0,0.0,0.0,0.0,0.9515001599588838
1,1,1.0,1.0,2.23606797749979,3.0,0.9932659166648444,2.0,0.0,0.0,1,1.0,0,0.0,0.0,0.2,0.0,0.0,0.0,0.0,0.0,1.0,1.0,0.864219033594272
2,1,2.0,2.0,85212.0002933859,85220.0,-0.1541512376585392,7.0,0.0,1.0,0,0.0,1,0.0,0.0,0.2,85212.0,0.0,0.0,0.0,0.0,2.0,2.0,0.9331879609601895
3,1,3.0,3.0,7.0,7.0,0.9826786937727112,7.0,0.0,0.0,1,0.0,1,0.0,0.0,0.4,0.0,0.0,0.0,0.0,0.0,3.0,3.0,0.7878929456195719
4,1,4.0,4.0,1.0,1.0,0.9486832980505138,0.0,0.0,1.0,0,0.0,1,0.0,0.0,0.2,0.0,0.0,0.0,0.0,0.0,4.0,4.0,0.9237717208050485
5,1,5.0,5.0,2.449489742783178,4.0,0.9767725810110088,1.0,0.0,2.0,0,1.0,0,0.0,0.0,0.0,0.0,0.0,0.0,0.0,0.0,5.0,5.0,0.9407455128073732
6,1,6.0,6.0,5.196152422706632,7.0,0.9621404708847278,5.0,0.0,1.0,0,1.0,0,0.0,0.0,0.0,0.0,0.0,0.0,0.0,0.0,6.0,6.0,0.9514077919304665
7,1,7.0,7.0,35277.00001417354,35278.0,0.9999998621663828,0.0,1.0,1.0,0,0.0,1,0.0,0.0,0.4,35277.0,0.0,0.0,0.0,0.0,7.0,7.0,0.7429338319027177
8,1,8.0,8.0,11.0,11.0,-0.0641500299099584,11.0,0.0,0.0,1,0.0,1,0.0,0.0,0.4,0.0,0.0,0.0,0.0,0.0,8.0,8.0,0.8615074152438685
9,1,9.0,9.0,84231.00015433748,84237.0,-0.1168882961107229,5.0,0.0,1.0,0,0.0,1,0.0,0.0,0.2,84231.0,0.0,0.0,0.0,0.0,9.0,9.0,0.9320465257103908
10,1,10.0,10.0,29310.00030706244,29316.0,0.9999997392532036,4.0,0.0,1.0,0,1.0,0,0.0,0.0,0.0,29310.0,0.0,0.0,0.0,0.0,10.0,10.0,0.940711372202964
11,1,11.0,11.0,16621.000030082425,16622.0,0.9999761700708184,0.0,1.0,1.0,0,0.0,1,0.0,0.0,0.4,16621.0,0.0,0.0,0.0,0.0,11.0,11.0,0.7012004078939628
12,1,12.0,12.0,4.123105625617661,5.0,0.9959873727522464,4.0,0.0,0.0,1,1.0,0,0.0,0.0,0.2,0.0,0.0,0.0,0.0,0.0,12.0,12.0,0.9153683141222472
13,1,13.0,13.0,4.123105625617661,5.0,0.9944577973205988,4.0,0.0,0.0,1,1.0,0,0.0,0.0,0.2,0.0,0.0,0.0,0.0,0.0,13.0,13.0,0.9198314161284626
14,1,14.0,14.0,6.324555320336759,8.0,0.9689627902499088,6.0,0.0,2.0,0,0.0,1,0.0,0.0,0.2,0.0,0.0,0.0,0.0,0.0,14.0,14.0,0.9493676431835714
15,1,15.0,15.0,25114.000039818427,25116.0,-0.0953859579897984,0.0,1.0,1.0,0,1.0,0,0.0,0.0,0.2,25114.0,0.0,0.0,0.0,0.0,15.0,15.0,0.9204363543475743
16,1,16.0,16.0,22891.000021842647,22892.0,0.999999919208692,0.0,1.0,0.0,1,1.0,0,0.0,0.0,0.4,22891.0,0.0,0.0,0.0,0.0,16.0,16.0,0.37922356772520005
17,1,17.0,17.0,14303.000349577009,14307.0,-0.0963271844731001,1.0,0.0,3.0,0,0.0,1,0.0,0.0,0.2,14303.0,0.0,0.0,0.0,0.0,17.0,17.0,0.9270804573600323
18,1,18.0,18.0,95112.00004731264,95115.0,-0.0616418496610768,3.0,0.0,0.0,1,0.0,1,0.0,0.0,0.4,95112.0,0.0,0.0,0.0,0.0,18.0,18.0,0.8582023104974755
19,1,19.0,19.0,47998.000104171006,48002.0,0.999999998304386,3.0,0.0,0.0,1,1.0,0,0.0,0.0,0.2,47998.0,0.0,0.0,0.0,0.0,19.0,19.0,0.8660047802391256
20,1,20.0,20.0,84121.00005943819,84125.0,-0.0969750175179986,3.0,0.0,0.0,1,1.0,0,0.0,0.0,0.2,84121.0,0.0,0.0,0.0,0.0,20.0,20.0,0.9307675163409913
21,1,21.0,21.0,3.1622776601683795,4.0,0.9516357291821832,1.0,0.0,3.0,0,0.0,1,0.0,0.0,0.2,0.0,0.0,0.0,0.0,0.0,21.0,21.0,0.9423194536534106
22,1,22.0,22.0,3.1622776601683795,4.0,0.993263139087243,3.0,0.0,1.0,0,0.0,1,0.0,0.0,0.2,0.0,0.0,0.0,0.0,0.0,22.0,22.0,0.9424070066942044
23,1,23.0,23.0,4.47213595499958,6.0,0.9946351544273336,4.0,0.0,2.0,0,0.0,1,0.0,0.0,0.2,0.0,0.0,0.0,0.0,0.0,23.0,23.0,0.947531571182148
24,1,24.0,24.0,156.01281998605114,158.0,0.9999999894471204,0.0,1.0,2.0,0,0.0,1,0.0,0.0,0.4,156.0,0.0,0.0,0.0,0.0,24.0,24.0,0.7233858252021652
25,1,25.0,25.0,1.4142135623730951,2.0,0.996709240304503,1.0,0.0,0.0,1,1.0,0,0.0,0.0,0.2,0.0,0.0,0.0,0.0,0.0,25.0,25.0,0.7710247552984075
26,1,26.0,26.0,11012.000090810025,11014.0,-0.0804705716803226,1.0,0.0,1.0,0,0.0,1,0.0,0.0,0.2,11012.0,0.0,0.0,0.0,0.0,26.0,26.0,0.9241924102373722
27,1,27.0,27.0,1.4142135623730951,2.0,0.9932885906040269,0.0,1.0,1.0,0,1.0,0,0.0,0.0,0.2,0.0,0.0,0.0,0.0,0.0,27.0,27.0,0.9259915300826576
28,1,28.0,28.0,719.0,719.0,0.999999999996114,0.0,1.0,0.0,1,0.0,1,0.0,0.0,0.6,719.0,0.0,0.0,0.0,0.0,28.0,28.0,0.27019006185140076
29,1,29.0,29.0,7.280109889280518,9.0,0.964056618014988,7.0,0.0,2.0,0,0.0,1,0.0,0.0,0.2,0.0,0.0,0.0,0.0,0.0,29.0,29.0,0.9478690423992077
30,1,30.0,30.0,3.1622776601683795,4.0,0.9975694083904584,3.0,0.0,1.0,0,0.0,1,0.0,0.0,0.2,0.0,0.0,0.0,0.0,0.0,30.0,30.0,0.9180210553292701
31,1,31.0,31.0,1.4142135623730951,2.0,0.944911182523068,1.0,0.0,0.0,1,1.0,0,0.0,0.0,0.2,0.0,0.0,0.0,0.0,0.0,31.0,31.0,0.8103458471813004
32,1,32.0,32.0,36270.00034463744,36275.0,0.999999999430461,5.0,0.0,0.0,1,0.0,1,0.0,0.0,0.4,36270.0,0.0,0.0,0.0,0.0,32.0,32.0,0.41142156851270784
33,1,33.0,33.0,5.0990195135927845,6.0,0.9973600960790272,5.0,0.0,0.0,1,1.0,0,0.0,0.0,0.2,0.0,0.0,0.0,0.0,0.0,33.0,33.0,0.8612267652333179
34,1,34.0,34.0,47818.00021958258,47825.0,-0.0814686568732121,4.0,0.0,2.0,0,1.0,0,0.0,0.0,0.0,47818.0,0.0,0.0,0.0,0.0,34.0,34.0,0.9312550493988586
35,1,35.0,35.0,43303.00012701198,43308.0,-0.0814384705592432,3.0,0.0,1.0,0,1.0,0,0.0,0.0,0.0,43303.0,0.0,0.0,0.0,0.0,35.0,35.0,0.9440848783767567
36,1,36.0,36.0,7.071067811865476,8.0,0.9258200997725514,7.0,0.0,1.0,0,0.0,1,0.0,0.0,0.2,0.0,0.0,0.0,0.0,0.0,36.0,36.0,0.9485960268823237
37,1,37.0,37.0,1.0,1.0,0.9971391490106832,0.0,1.0,1.0,0,0.0,1,0.0,0.0,0.4,0.0,0.0,0.0,0.0,0.0,37.0,37.0,0.8202879437717611
38,1,38.0,38.0,1.0,1.0,0.9997128499581862,1.0,0.0,0.0,1,0.0,1,0.0,0.0,0.4,0.0,0.0,0.0,0.0,0.0,38.0,38.0,0.2977469722247344
39,1,39.0,39.0,49223.00037584056,49230.0,-0.0761036699017625,6.0,0.0,1.0,0,0.0,1,0.0,0.0,0.2,49223.0,0.0,0.0,0.0,0.0,39.0,39.0,0.9370144707198061
40,1,40.0,40.0,2.0,2.0,0.9968410582470292,2.0,0.0,0.0,1,0.0,1,0.0,0.0,0.4,0.0,0.0,0.0,0.0,0.0,40.0,40.0,0.07234130672047417
41,1,41.0,41.0,30092.00001661571,30093.0,0.999999937412584,1.0,0.0,0.0,1,0.0,1,0.0,0.0,0.4,30092.0,0.0,0.0,0.0,0.0,41.0,41.0,0.32260792025846063
42,1,42.0,42.0,47820.00010455876,47824.0,-0.0969742159989941,3.0,0.0,0.0,1,1.0,0,0.0,0.0,0.2,47820.0,0.0,0.0,0.0,0.0,42.0,42.0,0.928093385719813
43,1,43.0,43.0,1.7320508075688772,3.0,0.991117008818872,1.0,0.0,1.0,0,1.0,0,0.0,0.0,0.0,0.0,0.0,0.0,0.0,0.0,43.0,43.0,0.9405641681035907
44,1,44.0,44.0,7.280109889280518,9.0,0.6491134836118732,7.0,0.0,2.0,0,0.0,1,0.0,0.0,0.2,0.0,0.0,0.0,0.0,0.0,44.0,44.0,0.947304596859194
45,1,45.0,45.0,9.055385138137416,10.0,0.9178146529232246,9.0,0.0,1.0,0,0.0,1,0.0,0.0,0.2,0.0,0.0,0.0,0.0,0.0,45.0,45.0,0.9443112846804449
46,1,46.0,46.0,1.7320508075688772,3.0,0.978231976089037,1.0,0.0,1.0,0,1.0,0,0.0,0.0,0.0,0.0,0.0,0.0,0.0,0.0,46.0,46.0,0.9424234941100624
47,1,47.0,47.0,85493.00009942334,85498.0,-0.0896261787594765,4.0,0.0,1.0,0,0.0,1,0.0,0.0,0.2,85493.0,0.0,0.0,0.0,0.0,47.0,47.0,0.9311165543344263
48,1,48.0,48.0,30920.000420439843,30926.0,0.9999999997549752,5.0,0.0,0.0,1,1.0,0,0.0,0.0,0.2,30920.0,0.0,0.0,0.0,0.0,48.0,48.0,0.8560372449979295
49,1,49.0,49.0,1.0,1.0,0.9971391490106832,0.0,1.0,1.0,0,0.0,1,0.0,0.0,0.4,0.0,0.0,0.0,0.0,0.0,49.0,49.0,0.8202879437717611
50,1,50.0,50.0,1.4142135623730951,2.0,0.9961359100851456,1.0,0.0,1.0,0,0.0,1,0.0,0.0,0.2,0.0,0.0,0.0,0.0,0.0,50.0,50.0,0.9158234790801772
51,1,51.0,51.0,49233.000111713685,49238.0,-0.1070021941833252,1.0,0.0,3.0,0,1.0,0,0.0,0.0,0.0,49233.0,0.0,0.0,0.0,0.0,51.0,51.0,0.8814963895549752
52,1,52.0,52.0,18221.00016464519,18225.0,0.9999999798068496,2.0,0.0,1.0,0,1.0,0,0.0,0.0,0.0,18221.0,0.0,0.0,0.0,0.0,52.0,52.0,0.9191059047463104
53,1,53.0,53.0,12800.00324218709,12811.0,0.9999999886097176,9.0,0.0,1.0,0,1.0,0,0.0,0.0,0.0,12800.0,0.0,0.0,0.0,0.0,53.0,53.0,0.9175059907912693
54,1,54.0,54.0,4.123105625617661,5.0,0.9969405307028008,4.0,0.0,1.0,0,0.0,1,0.0,0.0,0.2,0.0,0.0,0.0,0.0,0.0,54.0,54.0,0.9398125787439392
55,1,55.0,55.0,2.449489742783178,4.0,0.9542374472273958,2.0,0.0,1.0,0,1.0,0,0.0,0.0,0.0,0.0,0.0,0.0,0.0,0.0,55.0,55.0,0.946729249134779
56,1,56.0,56.0,0.0,0.0,1.0,0.0,0.0,0.0,1,0.0,1,0.0,0.0,0.4,0.0,0.0,0.0,0.0,0.0,56.0,56.0,0.24851979310767222
57,1,57.0,57.0,35131.000042697335,35134.0,0.9999998257122552,1.0,0.0,1.0,0,1.0,0,0.0,0.0,0.0,35131.0,0.0,0.0,0.0,0.0,57.0,57.0,0.9200260863409725
58,1,58.0,58.0,10506.000475918512,10510.0,-0.0605216176475011,3.0,0.0,1.0,0,0.0,1,0.0,0.0,0.2,10506.0,0.0,0.0,0.0,0.0,58.0,58.0,0.9329885787621581
59,1,59.0,59.0,10.0,10.0,0.1400280084028009,10.0,0.0,0.0,1,0.0,1,0.0,0.0,0.4,0.0,0.0,0.0,0.0,0.0,59.0,59.0,0.8643452834538405
60,1,60.0,60.0,8.602325267042627,12.0,0.9931695968516404,8.0,0.0,3.0,0,1.0,0,0.0,0.0,0.0,0.0,0.0,0.0,0.0,0.0,60.0,60.0,0.9394543835098935
61,1,61.0,61.0,47114.00004245023,47116.0,-0.1888338179161703,2.0,0.0,0.0,1,0.0,1,0.0,0.0,0.4,47114.0,0.0,0.0,0.0,0.0,61.0,61.0,0.8125338352144779
62,1,62.0,62.0,46413.00021545688,46419.0,-0.1002309282906228,4.0,0.0,2.0,0,0.0,1,0.0,0.0,0.2,46413.0,0.0,0.0,0.0,0.0,62.0,62.0,0.9321477531338279
63,1,63.0,63.0,8.0,8.0,0.9551668842409458,8.0,0.0,0.0,1,0.0,1,0.0,0.0,0.4,0.0,0.0,0.0,0.0,0.0,63.0,63.0,0.7837693205390571
64,1,64.0,64.0,4.0,4.0,0.9961017296304552,4.0,0.0,0.0,1,0.0,1,0.0,0.0,0.4,0.0,0.0,0.0,0.0,0.0,64.0,64.0,0.5177235705612404
65,1,65.0,65.0,1.7320508075688772,3.0,0.986581038661854,1.0,0.0,1.0,0,1.0,0,0.0,0.0,0.0,0.0,0.0,0.0,0.0,0.0,65.0,65.0,0.9417375658048918
66,1,66.0,66.0,4.242640687119285,6.0,0.9984038297885895,4.0,0.0,1.0,0,1.0,0,0.0,0.0,0.0,0.0,0.0,0.0,0.0,0.0,66.0,66.0,0.936339888364997
67,1,67.0,67.0,3.3166247903554,5.0,0.9999999977299046,3.0,0.0,1.0,0,1.0,0,0.0,0.0,0.2,0.0,1.0,0.0,0.0,0.0,67.0,67.0,0.8973869597291766
68,1,68.0,68.0,3.0,3.0,0.9941348467724342,3.0,0.0,0.0,1,0.0,1,0.0,0.0,0.4,0.0,0.0,0.0,0.0,0.0,68.0,68.0,0.37944365836146177
69,1,69.0,69.0,41003.00010974806,41006.0,-0.0954602489118416,3.0,0.0,0.0,1,0.0,1,0.0,0.0,0.4,41003.0,0.0,0.0,0.0,0.0,69.0,69.0,0.8423845393151158
70,1,70.0,70.0,55104.000018147504,55106.0,-0.1089247947872467,1.0,0.0,1.0,0,0.0,1,0.0,0.0,0.2,55104.0,0.0,0.0,0.0,0.0,70.0,70.0,0.9190629552008961
71,1,71.0,71.0,41003.00002438846,41005.0,-0.0805257825951051,1.0,0.0,0.0,1,1.0,0,0.0,0.0,0.2,41003.0,0.0,0.0,0.0,0.0,71.0,71.0,0.901196693331081
72,1,72.0,72.0,4.0,4.0,0.9959289952477496,4.0,0.0,0.0,1,0.0,1,0.0,0.0,0.4,0.0,0.0,0.0,0.0,0.0,72.0,72.0,0.5841872746129716
73,1,73.0,73.0,5.0990195135927845,6.0,0.9912407071619304,5.0,0.0,1.0,0,0.0,1,0.0,0.0,0.2,0.0,0.0,0.0,0.0,0.0,73.0,73.0,0.949954766117694
74,1,74.0,74.0,3.1622776601683795,4.0,0.6507913734559685,0.0,0.0,3.0,0,1.0,0,0.0,0.0,0.0,0.0,0.0,0.0,0.0,0.0,74.0,74.0,0.9377567954809117
75,1,75.0,75.0,7508.003329780828,7516.0,0.999999993346269,7.0,0.0,0.0,1,1.0,0,0.0,0.0,0.2,7508.0,0.0,0.0,0.0,0.0,75.0,75.0,0.6412984562540847
76,1,76.0,76.0,2.23606797749979,3.0,0.9945274832335644,2.0,0.0,0.0,1,1.0,0,0.0,0.0,0.2,0.0,0.0,0.0,0.0,0.0,76.0,76.0,0.8612808360039209
77,1,77.0,77.0,5.0990195135927845,6.0,0.995403900013586,5.0,0.0,0.0,1,1.0,0,0.0,0.0,0.2,0.0,0.0,0.0,0.0,0.0,77.0,77.0,0.9144972707187412
78,1,78.0,78.0,10.0,10.0,0.5819143739626463,10.0,0.0,0.0,1,0.0,1,0.0,0.0,0.4,0.0,0.0,0.0,0.0,0.0,78.0,78.0,0.8506498488714315
79,1,79.0,79.0,14102.000567295408,14106.0,-0.1213203390719528,4.0,0.0,0.0,1,0.0,1,0.0,0.0,0.4,14102.0,0.0,0.0,0.0,0.0,79.0,79.0,0.747555675284528
80,1,80.0,80.0,47592.00002101193,47594.0,-0.1311353691312682,1.0,0.0,0.0,1,1.0,0,0.0,0.0,0.2,47592.0,0.0,0.0,0.0,0.0,80.0,80.0,0.8966441814170666
81,1,81.0,81.0,64192.00003894566,64195.0,-0.0814893875646336,2.0,0.0,1.0,0,0.0,1,0.0,0.0,0.2,64192.0,0.0,0.0,0.0,0.0,81.0,81.0,0.9318273371603293
82,1,82.0,82.0,17078.00032205176,17083.0,0.9999999995422288,3.0,0.0,1.0,0,1.0,0,0.0,0.0,0.0,17078.0,0.0,0.0,0.0,0.0,82.0,82.0,0.92751542420085
83,1,83.0,83.0,84131.00010697602,84137.0,-0.1070570555474819,4.0,0.0,1.0,0,1.0,0,0.0,0.0,0.0,84131.0,0.0,0.0,0.0,0.0,83.0,83.0,0.9294789748344391
84,1,84.0,84.0,36400.000013736266,36401.0,0.9999995194658244,1.0,0.0,0.0,1,0.0,1,0.0,0.0,0.4,36400.0,0.0,0.0,0.0,0.0,84.0,84.0,0.481916767914315
85,1,85.0,85.0,69202.00007225225,69206.0,-0.0822604956617294,3.0,0.0,0.0,1,1.0,0,0.0,0.0,0.2,69202.0,0.0,0.0,0.0,0.0,85.0,85.0,0.9329637083149005
86,1,86.0,86.0,47919.00006260565,47923.0,0.9999996265697616,2.0,0.0,1.0,0,1.0,0,0.0,0.0,0.0,47919.0,0.0,0.0,0.0,0.0,86.0,86.0,0.926264578769727
87,1,87.0,87.0,49234.00051793476,49243.0,-0.1540463445609723,7.0,0.0,1.0,0,1.0,0,0.0,0.0,0.0,49234.0,0.0,0.0,0.0,0.0,87.0,87.0,0.9284581859830635
88,1,88.0,88.0,10.099504938362076,12.0,0.9666913176095692,10.0,0.0,1.0,0,1.0,0,0.0,0.0,0.0,0.0,0.0,0.0,0.0,0.0,88.0,88.0,0.9376670093621348
89,1,89.0,89.0,2.23606797749979,3.0,0.9766244823564244,1.0,0.0,2.0,0,0.0,1,0.0,0.0,0.2,0.0,0.0,0.0,0.0,0.0,89.0,89.0,0.9398294624813816
90,1,90.0,90.0,2.0,2.0,0.9601486977992116,0.0,1.0,2.0,0,0.0,1,0.0,0.0,0.4,0.0,0.0,0.0,0.0,0.0,90.0,90.0,0.8425297943525026
91,1,91.0,91.0,11.090536506409418,13.0,-0.2390457218668786,11.0,0.0,1.0,0,1.0,0,0.0,0.0,0.0,0.0,0.0,0.0,0.0,0.0,91.0,91.0,0.9342531137289892
92,1,92.0,92.0,2.23606797749979,3.0,0.991741279639108,2.0,0.0,0.0,1,1.0,0,0.0,0.0,0.2,0.0,0.0,0.0,0.0,0.0,92.0,92.0,0.8643737472159932
93,1,93.0,93.0,5.0,5.0,0.9146591207600472,5.0,0.0,0.0,1,0.0,1,0.0,0.0,0.4,0.0,0.0,0.0,0.0,0.0,93.0,93.0,0.7749339180242675
94,1,94.0,94.0,6.164414002968976,8.0,0.8411910241920598,6.0,0.0,1.0,0,1.0,0,0.0,0.0,0.0,0.0,0.0,0.0,0.0,0.0,94.0,94.0,0.9508584461482738
95,1,95.0,95.0,49407.00010120023,49411.0,0.9999999982760744,3.0,0.0,0.0,1,1.0,0,0.0,0.0,0.2,49407.0,0.0,0.0,0.0,0.0,95.0,95.0,0.8639407239395904
96,1,96.0,96.0,5.0990195135927845,8.0,0.9722857292609522,4.0,0.0,3.0,0,1.0,0,0.0,0.0,0.0,0.0,0.0,0.0,0.0,0.0,96.0,96.0,0.9480502473644274
97,1,97.0,97.0,1.4142135623730951,2.0,0.996765700247014,1.0,0.0,1.0,0,0.0,1,0.0,0.0,0.2,0.0,0.0,0.0,0.0,0.0,97.0,97.0,0.913626603565953
98,1,98.0,98.0,4.242640687119285,6.0,0.9673753912650253,4.0,0.0,1.0,0,1.0,0,0.0,0.0,0.0,0.0,0.0,0.0,0.0,0.0,98.0,98.0,0.9515001599588838
99,1,99.0,99.0,1.0,1.0,0.9997128499581862,1.0,0.0,0.0,1,0.0,1,0.0,0.0,0.4,0.0,0.0,0.0,0.0,0.0,99.0,99.0,0.2977469722247344
100,0,,,3.0,3.0,0.9981149841863164,3.0,0.0,0.0,1,0.0,1,0.0,0.0,0.4,0.0,0.0,0.0,0.0,0.0,,,0.06990351283753111
101,0,,,1.0,1.0,0.9979402655783318,1.0,0.0,0.0,1,0.0,1,0.0,0.0,0.4,0.0,0.0,0.0,0.0,0.0,,,0.18493371789606194
102,0,,,3.0,3.0,0.9994838709333604,3.0,0.0,0.0,1,0.0,1,0.0,0.0,0.4,0.0,0.0,0.0,0.0,0.0,,,0.06254055577066095
103,0,,,2.0,2.0,0.999076724020674,2.0,0.0,0.0,1,0.0,1,0.0,0.0,0.4,0.0,0.0,0.0,0.0,0.0,,,0.05728044138339831
104,0,,,2.0,2.0,0.999076724020674,2.0,0.0,0.0,1,0.0,1,0.0,0.0,0.4,0.0,0.0,0.0,0.0,0.0,,,0.05728044138339831
105,0,,,4291.001864366875,4295.0,0.9999999988793355,4.0,0.0,0.0,1,0.0,1,0.0,0.0,0.4,4291.0,0.0,0.0,0.0,0.0,,,0.09468712413016851
106,0,,,3.0,3.0,0.9981149841863164,3.0,0.0,0.0,1,0.0,1,0.0,0.0,0.4,0.0,0.0,0.0,0.0,0.0,,,0.06990351283753111
107,0,,,14099.00031917157,14102.0,0.9999999906542314,3.0,0.0,0.0,1,0.0,1,0.0,0.0,0.4,14099.0,0.0,0.0,0.0,0.0,,,0.07329944715696073
108,0,,,10.04987562112089,11.0,0.9999999999293068,0.0,1.0,0.0,1,1.0,0,0.0,0.0,0.4,10.0,0.0,0.0,0.0,0.0,,,0.29608292580480655
109,0,,,12776.000352222913,12779.0,0.999999998680458,3.0,0.0,0.0,1,0.0,1,0.0,0.0,0.4,12776.0,0.0,0.0,0.0,0.0,,,0.06945723468908047
110,0,,,35879.00001393573,35880.0,0.9999999942017792,1.0,0.0,0.0,1,0.0,1,0.0,0.0,0.4,35879.0,0.0,0.0,0.0,0.0,,,0.3900645099424507
111,0,,,3.0,3.0,0.9994838709333604,3.0,0.0,0.0,1,0.0,1,0.0,0.0,0.4,0.0,0.0,0.0,0.0,0.0,,,0.06254055577066095
112,0,,,2.0,2.0,0.9941348467724342,2.0,0.0,0.0,1,0.0,1,0.0,0.0,0.4,0.0,0.0,0.0,0.0,0.0,,,0.1607069984851284
113,0,,,2.0,2.0,0.9986054207456784,2.0,0.0,0.0,1,0.0,1,0.0,0.0,0.4,0.0,0.0,0.0,0.0,0.0,,,0.05728044138339831
114,0,,,43128.0,43128.0,0.999999986400405,0.0,1.0,0.0,1,0.0,1,0.0,0.0,0.6,43128.0,0.0,0.0,0.0,0.0,,,0.4481316714616839
115,0,,,7.280109889280518,9.0,0.220192753025272,2.0,0.0,0.0,1,0.0,1,0.0,0.0,0.4,0.0,0.0,0.0,0.0,0.0,,,0.57284092916605
116,0,,,49233.00006093474,49237.0,-0.0874920222712494,1.0,0.0,2.0,0,1.0,0,0.0,0.0,0.0,49233.0,0.0,0.0,0.0,0.0,,,0.8721088296217174
117,0,,,2.0,2.0,0.9986187838711752,2.0,0.0,0.0,1,0.0,1,0.0,0.0,0.4,0.0,0.0,0.0,0.0,0.0,,,0.05728044138339831
118,0,,,1362.0091776489614,1367.0,0.9999999981426568,5.0,0.0,0.0,1,0.0,1,0.0,0.0,0.4,1362.0,0.0,0.0,0.0,0.0,,,0.15719399903969947
119,0,,,1.0,1.0,0.9960238411119948,1.0,0.0,0.0,1,0.0,1,0.0,0.0,0.4,0.0,0.0,0.0,0.0,0.0,,,0.19532574305414893
120,0,,,2.0,2.0,0.9995437747834997,2.0,0.0,0.0,1,0.0,1,0.0,0.0,0.4,0.0,0.0,0.0,0.0,0.0,,,0.05728044138339831
121,0,,,2.0,2.0,0.9995437747834997,2.0,0.0,0.0,1,0.0,1,0.0,0.0,0.4,0.0,0.0,0.0,0.0,0.0,,,0.05728044138339831
122,0,,,10010.00044955044,10013.0,0.9999999998123366,3.0,0.0,0.0,1,0.0,1,0.0,0.0,0.4,10010.0,0.0,0.0,0.0,0.0,,,0.06448750770188603
123,0,,,2.0,2.0,0.999076724020674,2.0,0.0,0.0,1,0.0,1,0.0,0.0,0.4,0.0,0.0,0.0,0.0,0.0,,,0.05728044138339831
124,0,,,10.04987562112089,11.0,0.5153471216826172,10.0,0.0,0.0,1,1.0,0,0.0,0.0,0.2,0.0,0.0,0.0,0.0,0.0,,,0.822281614331541
125,0,,,2.0,2.0,0.9993606137453732,2.0,0.0,0.0,1,0.0,1,0.0,0.0,0.4,0.0,0.0,0.0,0.0,0.0,,,0.05728044138339831
126,0,,,2.0,2.0,0.9968410582470292,2.0,0.0,0.0,1,0.0,1,0.0,0.0,0.4,0.0,0.0,0.0,0.0,0.0,,,0.07234130672047417
127,0,,,7981.000062648791,7982.0,0.9999999993767436,0.0,1.0,1.0,0,0.0,1,0.0,0.0,0.4,7981.0,0.0,0.0,0.0,0.0,,,0.6069780929383367
128,0,,,2.0,2.0,0.999076724020674,2.0,0.0,0.0,1,0.0,1,0.0,0.0,0.4,0.0,0.0,0.0,0.0,0.0,,,0.05728044138339831
129,0,,,2.0,2.0,0.9986054207456784,2.0,0.0,0.0,1,0.0,1,0.0,0.0,0.4,0.0,0.0,0.0,0.0,0.0,,,0.05728044138339831
130,0,,,1.0,1.0,0.9914601339836672,1.0,0.0,0.0,1,0.0,1,0.0,0.0,0.4,0.0,0.0,0.0,0.0,0.0,,,0.2464787073818737
131,0,,,2.0,2.0,0.9964589123924024,2.0,0.0,0.0,1,0.0,1,0.0,0.0,0.4,0.0,0.0,0.0,0.0,0.0,,,0.07902996566504605
132,0,,,100.00999950005,102.0,0.99999999986071,1.0,0.0,1.0,0,0.0,1,0.0,0.0,0.2,100.0,0.0,0.0,0.0,0.0,,,0.7736993220175631
133,0,,,1.0,1.0,0.997965409896352,1.0,0.0,0.0,1,0.0,1,0.0,0.0,0.4,0.0,0.0,0.0,0.0,0.0,,,0.18493371789606194
134,0,,,3.0,3.0,0.9995044352735956,3.0,0.0,0.0,1,0.0,1,0.0,0.0,0.4,0.0,0.0,0.0,0.0,0.0,,,0.06254055577066095
135,0,,,1.0,1.0,0.997965409896352,1.0,0.0,0.0,1,0.0,1,0.0,0.0,0.4,0.0,0.0,0.0,0.0,0.0,,,0.18493371789606194
136,0,,,14929.000535869774,14933.0,0.9999999962847148,4.0,0.0,0.0,1,0.0,1,0.0,0.0,0.4,14929.0,0.0,0.0,0.0,0.0,,,0.10868052126284215
137,0,,,17888.0,17888.0,0.999999996848798,0.0,1.0,0.0,1,0.0,1,0.0,0.0,0.6,17888.0,0.0,0.0,0.0,0.0,,,0.19740817226614712
138,0,,,2.0,2.0,0.9993606137453732,2.0,0.0,0.0,1,0.0,1,0.0,0.0,0.4,0.0,0.0,0.0,0.0,0.0,,,0.05728044138339831
139,0,,,2.0,2.0,0.9992990141526302,2.0,0.0,0.0,1,0.0,1,0.0,0.0,0.4,0.0,0.0,0.0,0.0,0.0,,,0.05728044138339831
140,0,,,4010.0001246882775,4011.0,0.9999999908813216,1.0,0.0,0.0,1,0.0,1,0.0,0.0,0.4,4010.0,0.0,0.0,0.0,0.0,,,0.1032682097712763
141,0,,,29995.000066677778,29997.0,0.9999999948722226,2.0,0.0,0.0,1,0.0,1,0.0,0.0,0.4,29995.0,0.0,0.0,0.0,0.0,,,0.15670404495568768
142,0,,,9807.001835423504,9813.0,0.9999999978676116,6.0,0.0,0.0,1,0.0,1,0.0,0.0,0.4,9807.0,0.0,0.0,0.0,0.0,,,0.11657789558145308
143,0,,,11799.001525552914,11805.0,0.9999999978661652,6.0,0.0,0.0,1,0.0,1,0.0,0.0,0.4,11799.0,0.0,0.0,0.0,0.0,,,0.11106577994430118
144,0,,,2.0,2.0,0.9938079899999064,2.0,0.0,0.0,1,0.0,1,0.0,0.0,0.4,0.0,0.0,0.0,0.0,0.0,,,0.16121643607253444
145,0,,,3.0,3.0,0.9994838709333604,3.0,0.0,0.0,1,0.0,1,0.0,0.0,0.4,0.0,0.0,0.0,0.0,0.0,,,0.06254055577066095
146,0,,,2.0,2.0,0.9986054207456784,2.0,0.0,0.0,1,0.0,1,0.0,0.0,0.4,0.0,0.0,0.0,0.0,0.0,,,0.05728044138339831
147,0,,,3.0,3.0,0.9981149841863164,3.0,0.0,0.0,1,0.0,1,0.0,0.0,0.4,0.0,0.0,0.0,0.0,0.0,,,0.06990351283753111
148,0,,,8220.000547445237,8223.0,0.9999999934723208,3.0,0.0,0.0,1,0.0,1,0.0,0.0,0.4,8220.0,0.0,0.0,0.0,0.0,,,0.0675608399433988
149,0,,,2.0,2.0,0.9970909029271466,2.0,0.0,0.0,1,0.0,1,0.0,0.0,0.4,0.0,0.0,0.0,0.0,0.0,,,0.06950334339958016
150,0,,,29995.000066677778,29997.0,0.9999999948722226,2.0,0.0,0.0,1,0.0,1,0.0,0.0,0.4,29995.0,0.0,0.0,0.0,0.0,,,0.15670404495568768
151,0,,,1893.0169043090973,1901.0,0.9999999967826992,8.0,0.0,0.0,1,0.0,1,0.0,0.0,0.4,1893.0,0.0,0.0,0.0,0.0,,,0.2044825748075755
152,0,,,3.0,3.0,0.9981149841863164,3.0,0.0,0.0,1,0.0,1,0.0,0.0,0.4,0.0,0.0,0.0,0.0,0.0,,,0.06990351283753111
153,0,,,2.0,2.0,0.9994056463070784,2.0,0.0,0.0,1,0.0,1,0.0,0.0,0.4,0.0,0.0,0.0,0.0,0.0,,,0.05728044138339831
154,0,,,2.0,2.0,0.9998098045724798,2.0,0.0,0.0,1,0.0,1,0.0,0.0,0.4,0.0,0.0,0.0,0.0,0.0,,,0.08209590417730321
155,0,,,0.0,0.0,1.0,0.0,0.0,0.0,1,0.0,1,0.0,0.0,0.4,0.0,0.0,0.0,0.0,0.0,,,0.24851979310767222
156,0,,,3.0,3.0,0.9982425637157208,3.0,0.0,0.0,1,0.0,1,0.0,0.0,0.4,0.0,0.0,0.0,0.0,0.0,,,0.06438679740890312
157,0,,,43988.0,43988.0,0.999999967230284,0.0,1.0,0.0,1,0.0,1,0.0,0.0,0.6,43988.0,0.0,0.0,0.0,0.0,,,0.4466594722238532
158,0,,,0.0,0.0,1.0,0.0,0.0,0.0,1,0.0,1,0.0,0.0,0.4,0.0,0.0,0.0,0.0,0.0,,,0.24851979310767222
159,0,,,3.0,3.0,0.9981149841863164,3.0,0.0,0.0,1,0.0,1,0.0,0.0,0.4,0.0,0.0,0.0,0.0,0.0,,,0.06990351283753111
160,0,,,2.0,2.0,0.999076724020674,2.0,0.0,0.0,1,0.0,1,0.0,0.0,0.4,0.0,0.0,0.0,0.0,0.0,,,0.05728044138339831
161,0,,,0.0,0.0,1.0,0.0,0.0,0.0,1,0.0,1,0.0,0.0,0.4,0.0,0.0,0.0,0.0,0.0,,,0.24851979310767222
162,0,,,3.0,3.0,0.9981149841863164,3.0,0.0,0.0,1,0.0,1,0.0,0.0,0.4,0.0,0.0,0.0,0.0,0.0,,,0.06990351283753111
163,0,,,2.0,2.0,0.9968410582470292,2.0,0.0,0.0,1,0.0,1,0.0,0.0,0.4,0.0,0.0,0.0,0.0,0.0,,,0.07234130672047417
164,0,,,2916.000171467759,2917.0,0.9999999997754164,0.0,1.0,0.0,1,1.0,0,0.0,0.0,0.4,2916.0,0.0,0.0,0.0,0.0,,,0.21724714804674927
165,0,,,390.0012820491748,391.0,0.9999999999300012,0.0,1.0,0.0,1,1.0,0,0.0,0.0,0.4,390.0,0.0,0.0,0.0,0.0,,,0.2829617648458049
166,0,,,2.0,2.0,0.9914573982080404,2.0,0.0,0.0,1,0.0,1,0.0,0.0,0.4,0.0,0.0,0.0,0.0,0.0,,,0.17003333464189974
167,0,,,3.0,3.0,0.9995044352735956,3.0,0.0,0.0,1,0.0,1,0.0,0.0,0.4,0.0,0.0,0.0,0.0,0.0,,,0.06254055577066095
168,0,,,27058.0,27058.0,0.99999988243389,0.0,1.0,0.0,1,0.0,1,0.0,0.0,0.6,27058.0,0.0,0.0,0.0,0.0,,,0.20389750983390378
169,0,,,2.0,2.0,0.9994056463070784,2.0,0.0,0.0,1,0.0,1,0.0,0.0,0.4,0.0,0.0,0.0,0.0,0.0,,,0.05728044138339831
170,0,,,3472.000288018421,3474.0,0.9999999236420016,1.0,0.0,0.0,1,1.0,0,0.0,0.0,0.2,3472.0,0.0,0.0,0.0,0.0,,,0.40705251582670887
171,0,,,30201.0,30201.0,0.999999997918017,0.0,1.0,0.0,1,0.0,1,0.0,0.0,0.6,30201.0,0.0,0.0,0.0,0.0,,,0.3416188030070373
172,0,,,2.0,2.0,0.9994056463070784,2.0,0.0,0.0,1,0.0,1,0.0,0.0,0.4,0.0,0.0,0.0,0.0,0.0,,,0.05728044138339831
173,0,,,2.0,2.0,0.9986187838711752,2.0,0.0,0.0,1,0.0,1,0.0,0.0,0.4,0.0,0.0,0.0,0.0,0.0,,,0.05728044138339831
174,0,,,3.0,3.0,0.9981149841863164,3.0,0.0,0.0,1,0.0,1,0.0,0.0,0.4,0.0,0.0,0.0,0.0,0.0,,,0.06990351283753111
175,0,,,1362.0018355347397,1365.0,0.9999999997079372,2.0,0.0,0.0,1,1.0,0,0.0,0.0,0.2,1362.0,0.0,0.0,0.0,0.0,,,0.44559997858942285
176,0,,,4.0,4.0,0.9992553376127098,4.0,0.0,0.0,1,0.0,1,0.0,0.0,0.4,0.0,0.0,0.0,0.0,0.0,,,0.17928239894326378
177,0,,,2.0,2.0,0.9964589123924024,2.0,0.0,0.0,1,0.0,1,0.0,0.0,0.4,0.0,0.0,0.0,0.0,0.0,,,0.07902996566504605
178,0,,,0.0,0.0,1.0,0.0,0.0,0.0,1,0.0,1,0.0,0.0,0.4,0.0,0.0,0.0,0.0,0.0,,,0.24851979310767222
179,0,,,2.0,2.0,0.9994056463070784,2.0,0.0,0.0,1,0.0,1,0.0,0.0,0.4,0.0,0.0,0.0,0.0,0.0,,,0.05728044138339831
180,0,,,1.0,1.0,0.9428090415820636,1.0,0.0,0.0,1,0.0,1,0.0,0.0,0.4,0.0,0.0,0.0,0.0,0.0,,,0.3011396090410168
181,0,,,2.0,2.0,0.999076724020674,2.0,0.0,0.0,1,0.0,1,0.0,0.0,0.4,0.0,0.0,0.0,0.0,0.0,,,0.05728044138339831
182,0,,,4010.0,4010.0,0.99999997892005,0.0,1.0,0.0,1,0.0,1,0.0,0.0,0.6,4010.0,0.0,0.0,0.0,0.0,,,0.17714289121374338
183,0,,,971.0046343864688,974.0,0.9999999993148868,3.0,0.0,0.0,1,0.0,1,0.0,0.0,0.4,971.0,0.0,0.0,0.0,0.0,,,0.09602194265655117
184,0,,,2809.0028479871644,2813.0,0.9999999952673236,4.0,0.0,0.0,1,0.0,1,0.0,0.0,0.4,2809.0,0.0,0.0,0.0,0.0,,,0.09529494161943715
185,0,,,9900.000454545445,9903.0,0.9999999943305008,3.0,0.0,0.0,1,0.0,1,0.0,0.0,0.4,9900.0,0.0,0.0,0.0,0.0,,,0.0662034081334893
186,0,,,1.0,1.0,0.9999999999295248,0.0,1.0,1.0,0,0.0,1,0.0,0.0,0.6,0.0,1.0,0.0,0.0,0.0,,,0.7655112055775911
187,0,,,2.0,2.0,0.9941348467724342,2.0,0.0,0.0,1,0.0,1,0.0,0.0,0.4,0.0,0.0,0.0,0.0,0.0,,,0.1607069984851284
188,0,,,2.0,2.0,0.9986054207456784,2.0,0.0,0.0,1,0.0,1,0.0,0.0,0.4,0.0,0.0,0.0,0.0,0.0,,,0.05728044138339831
189,0,,,27920.00007163324,27922.0,0.9999999990652904,2.0,0.0,0.0,1,0.0,1,0.0,0.0,0.4,27920.0,0.0,0.0,0.0,0.0,,,0.09613944533395291
190,0,,,2.0,2.0,0.999076724020674,2.0,0.0,0.0,1,0.0,1,0.0,0.0,0.4,0.0,0.0,0.0,0.0,0.0,,,0.05728044138339831
191,0,,,130.00384609695206,131.0,0.9999999997815276,0.0,1.0,0.0,1,1.0,0,0.0,0.0,0.4,130.0,0.0,0.0,0.0,0.0,,,0.2981791166067558
192,0,,,3209.001402305708,3212.0,0.9999998755101424,3.0,0.0,0.0,1,0.0,1,0.0,0.0,0.4,3209.0,0.0,0.0,0.0,0.0,,,0.06994198542731
193,0,,,2.0,2.0,0.9992990141526302,2.0,0.0,0.0,1,0.0,1,0.0,0.0,0.4,0.0,0.0,0.0,0.0,0.0,,,0.05728044138339831
194,0,,,3.0,3.0,0.9981149841863164,3.0,0.0,0.0,1,0.0,1,0.0,0.0,0.4,0.0,0.0,0.0,0.0,0.0,,,0.06990351283753111
195,0,,,21020.000214081825,21023.0,0.9999999952882476,3.0,0.0,0.0,1,0.0,1,0.0,0.0,0.4,21020.0,0.0,0.0,0.0,0.0,,,0.08375219750719844
196,0,,,8.0,8.0,0.9216834022291704,8.0,0.0,0.0,1,0.0,1,0.0,0.0,0.4,0.0,0.0,0.0,0.0,0.0,,,0.7688269259345025
197,0,,,3.0,3.0,0.9981149841863164,3.0,0.0,0.0,1,0.0,1,0.0,0.0,0.4,0.0,0.0,0.0,0.0,0.0,,,0.06990351283753111
198,0,,,2.0,2.0,0.9992990141526302,2.0,0.0,0.0,1,0.0,1,0.0,0.0,0.4,0.0,0.0,0.0,0.0,0.0,,,0.05728044138339831
199,0,,,2.0,2.0,0.9978443605023736,2.0,0.0,0.0,1,0.0,1,0.0,0.0,0.4,0.0,0.0,0.0,0.0,0.0,,,0.05749052005320804
