anon_id,max_attack_score,mean_attack_score,pair_count,risk_level
0.0,0.9689202893220218,0.9689202893220218,1,high
1.0,0.9630524413134854,0.9630524413134854,1,medium
2.0,0.9681645539596636,0.9681645539596636,1,medium
3.0,0.935106909084494,0.935106909084494,1,low
4.0,0.9641301673644533,0.9641301673644533,1,medium
5.0,0.9682799996231085,0.9682799996231085,1,high
6.0,0.9688677499158177,0.9688677499158177,1,high
7.0,0.7771675553868876,0.7771675553868876,1,low
8.0,0.9478702938203529,0.9478702938203529,1,low
9.0,0.9681350007904151,0.9681350007904151,1,medium
10.0,0.9686737149866197,0.9686737149866197,1,high
11.0,0.7950455255308851,0.7950455255308851,1,low
12.0,0.9678051924754273,0.9678051924754273,1,medium
13.0,0.9682126987896865,0.9682126987896865,1,high
14.0,0.9515500627575165,0.9515500627575165,1,low
15.0,0.96871187898858,0.96871187898858,1,high
16.0,0.794298434550719,0.794298434550719,1,low
17.0,0.953110552091275,0.953110552091275,1,low
18.0,0.9664678799143148,0.9664678799143148,1,medium
19.0,0.9638091864218614,0.9638091864218614,1,medium
20.0,0.9691060217899924,0.9691060217899924,1,critical
21.0,0.9528931582301108,0.9528931582301108,1,low
22.0,0.966876403528398,0.966876403528398,1,medium
23.0,0.9624991938111744,0.9624991938111744,1,medium
24.0,0.23384373659723212,0.23384373659723212,1,low
25.0,0.9642337427167386,0.9642337427167386,1,medium
26.0,0.9618362141859028,0.9618362141859028,1,low
27.0,0.9686790342344692,0.9686790342344692,1,high
28.0,0.14849275895405367,0.14849275895405367,1,low
29.0,0.9604585742020363,0.9604585742020363,1,low
30.0,0.9605360913497148,0.9605360913497148,1,low
31.0,0.9511839888830135,0.9511839888830135,1,low
32.0,0.8395847651436178,0.8395847651436178,1,low
33.0,0.9679592237821791,0.9679592237821791,1,medium
34.0,0.9597357698617283,0.9597357698617283,1,low
35.0,0.9687835161993686,0.9687835161993686,1,high
36.0,0.9673319727564911,0.9673319727564911,1,medium
37.0,0.9199593242201566,0.9199593242201566,1,low
38.0,0.8741187998716665,0.8741187998716665,1,low
39.0,0.9689498783007601,0.9689498783007601,1,critical
40.0,0.10631628135445227,0.10631628135445227,1,low
41.0,0.0705946766150679,0.0705946766150679,1,low
42.0,0.9689866774918131,0.9689866774918131,1,critical
43.0,0.9689212155775037,0.9689212155775037,1,high
44.0,0.8914640874529501,0.8914640874529501,1,low
45.0,0.9422639255163429,0.9422639255163429,1,low
46.0,0.9682932401864877,0.9682932401864877,1,high
47.0,0.9679279639355619,0.9679279639355619,1,medium
48.0,0.9654972641363552,0.9654972641363552,1,medium
49.0,0.9199593242201566,0.9199593242201566,1,low
50.0,0.963617114649507,0.963617114649507,1,medium
51.0,0.9549285299251459,0.9549285299251459,1,low
52.0,0.9683305804235475,0.9683305804235475,1,high
53.0,0.9659119001532227,0.9659119001532227,1,medium
54.0,0.9666469083150847,0.9666469083150847,1,medium
55.0,0.9685668319724527,0.9685668319724527,1,high
56.0,0.07475133151412182,0.07475133151412182,1,low
57.0,0.967486126738256,0.967486126738256,1,medium
58.0,0.9662301328965984,0.9662301328965984,1,medium
59.0,0.853647714808905,0.853647714808905,1,low
60.0,0.8353377066752176,0.8353377066752176,1,low
61.0,0.9629009817470822,0.9629009817470822,1,medium
62.0,0.9657735331864282,0.9657735331864282,1,medium
63.0,0.9418804945020139,0.9418804945020139,1,low
64.0,0.9315752165638734,0.9315752165638734,1,low
65.0,0.9686403736790371,0.9686403736790371,1,high
66.0,0.9685722602816492,0.9685722602816492,1,high
67.0,0.9142286274222142,0.9142286274222142,1,low
68.0,0.5056570747781576,0.5056570747781576,1,low
69.0,0.9528139637443696,0.9528139637443696,1,low
70.0,0.9685517418608315,0.9685517418608315,1,high
71.0,0.9688425188353804,0.9688425188353804,1,high
72.0,0.9330064870110842,0.9330064870110842,1,low
73.0,0.9674397137634689,0.9674397137634689,1,medium
74.0,0.9260374172378943,0.9260374172378943,1,low
75.0,0.8938665484496205,0.8938665484496205,1,low
76.0,0.9668806986282176,0.9668806986282176,1,medium
77.0,0.9677718630834878,0.9677718630834878,1,medium
78.0,0.9094790870073157,0.9094790870073157,1,low
79.0,0.9411700486748141,0.9411700486748141,1,low
80.0,0.9691004355855987,0.9691004355855987,1,critical
81.0,0.9678654548801543,0.9678654548801543,1,medium
82.0,0.968590223985862,0.968590223985862,1,high
83.0,0.9681366983951198,0.9681366983951198,1,medium
84.0,0.7543260653741024,0.7543260653741024,1,low
85.0,0.9689956556687477,0.9689956556687477,1,critical
86.0,0.9681934795482627,0.9681934795482627,1,high
87.0,0.9690456588301913,0.9690456588301913,1,critical
88.0,0.9539743312820156,0.9539743312820156,1,low
89.0,0.9622671925579297,0.9622671925579297,1,medium
90.0,0.7633041813516405,0.7633041813516405,1,low
91.0,0.9180000178026116,0.9180000178026116,1,low
92.0,0.9626409425751142,0.9626409425751142,1,medium
93.0,0.697203649753236,0.697203649753236,1,low
94.0,0.9642371960975025,0.9642371960975025,1,medium
95.0,0.9652451605583602,0.9652451605583602,1,medium
96.0,0.9648672358176187,0.9648672358176187,1,medium
97.0,0.965564784386781,0.965564784386781,1,medium
98.0,0.9688618074512773,0.9688618074512773,1,high
99.0,0.8741187998716665,0.8741187998716665,1,low
100.0,0.896205847541612,0.896205847541612,1,low
101.0,0.966331936880525,0.966331936880525,1,medium
102.0,0.959882687150791,0.959882687150791,1,low
103.0,0.9634604080435082,0.9634604080435082,1,medium
104.0,0.9685470238845757,0.9685470238845757,1,high
105.0,0.907772776374263,0.907772776374263,1,low
106.0,0.9126033093825558,0.9126033093825558,1,low
107.0,0.9651182092308862,0.9651182092308862,1,medium
108.0,0.8936441178887836,0.8936441178887836,1,low
109.0,0.9690232585327507,0.9690232585327507,1,critical
110.0,0.16319007826771129,0.16319007826771129,1,low
111.0,0.9685471861434949,0.9685471861434949,1,high
112.0,0.9690304333653744,0.9690304333653744,1,critical
113.0,0.8865829229781133,0.8865829229781133,1,low
114.0,0.9057084493456832,0.9057084493456832,1,low
115.0,0.8215751811000618,0.8215751811000618,1,low
116.0,0.9664921868175721,0.9664921868175721,1,medium
117.0,0.8781295279307174,0.8781295279307174,1,low
118.0,0.965564784386781,0.965564784386781,1,medium
119.0,0.967667575783333,0.967667575783333,1,medium
120.0,0.9689139422967257,0.9689139422967257,1,high
121.0,0.9395143559706813,0.9395143559706813,1,low
122.0,0.9684089518144129,0.9684089518144129,1,high
123.0,0.9665433962549663,0.9665433962549663,1,medium
124.0,0.9671378956856039,0.9671378956856039,1,medium
125.0,0.8812276501511457,0.8812276501511457,1,low
126.0,0.9691157980961268,0.9691157980961268,1,critical
127.0,0.9445787305217168,0.9445787305217168,1,low
128.0,0.3480805067243445,0.3480805067243445,1,low
129.0,0.9398635140025772,0.9398635140025772,1,low
130.0,0.8311851966753471,0.8311851966753471,1,low
131.0,0.9674473197522312,0.9674473197522312,1,medium
132.0,0.06575713030991037,0.06575713030991037,1,low
133.0,0.9651601442356273,0.9651601442356273,1,medium
134.0,0.9687247110807414,0.9687247110807414,1,high
135.0,0.9488007076930405,0.9488007076930405,1,low
136.0,0.05105267353595114,0.05105267353595114,1,low
137.0,0.9669943391081901,0.9669943391081901,1,medium
138.0,0.9671850651566573,0.9671850651566573,1,medium
139.0,0.964835271212432,0.964835271212432,1,medium
140.0,0.8351263715881089,0.8351263715881089,1,low
141.0,0.9582347161332151,0.9582347161332151,1,low
142.0,0.8316876338518605,0.8316876338518605,1,low
143.0,0.9676230200791381,0.9676230200791381,1,medium
144.0,0.9504652420596118,0.9504652420596118,1,low
145.0,0.9660872073225534,0.9660872073225534,1,medium
146.0,0.9523919206120667,0.9523919206120667,1,low
147.0,0.9315752165638734,0.9315752165638734,1,low
148.0,0.969155023359789,0.969155023359789,1,critical
149.0,0.9585114788742216,0.9585114788742216,1,low
150.0,0.9679525628650598,0.9679525628650598,1,medium
151.0,0.10678198882670707,0.10678198882670707,1,low
152.0,0.9436551584056941,0.9436551584056941,1,low
153.0,0.9680756817379984,0.9680756817379984,1,medium
154.0,0.9632499297234581,0.9632499297234581,1,medium
155.0,0.861195319446607,0.861195319446607,1,low
156.0,0.9637094975613851,0.9637094975613851,1,medium
157.0,0.9413873311522144,0.9413873311522144,1,low
158.0,0.03876465038328342,0.03876465038328342,1,low
159.0,0.9689029793564418,0.9689029793564418,1,high
160.0,0.8033221522935029,0.8033221522935029,1,low
161.0,0.950137166377913,0.950137166377913,1,low
162.0,0.9685311528902615,0.9685311528902615,1,high
163.0,0.969168978694821,0.969168978694821,1,critical
164.0,0.9399722984795781,0.9399722984795781,1,low
165.0,0.966778933901157,0.966778933901157,1,medium
166.0,0.9356953120859269,0.9356953120859269,1,low
167.0,0.9295600974533823,0.9295600974533823,1,low
168.0,0.969168978694821,0.969168978694821,1,critical
169.0,0.9378611884661989,0.9378611884661989,1,low
170.0,0.9681049748814478,0.9681049748814478,1,medium
171.0,0.9689212155775037,0.9689212155775037,1,high
172.0,0.9689202893220218,0.9689202893220218,1,high
173.0,0.9689896431019059,0.9689896431019059,1,critical
174.0,0.9200670512388059,0.9200670512388059,1,low
175.0,0.9685722602816492,0.9685722602816492,1,high
176.0,0.9690232585327507,0.9690232585327507,1,critical
177.0,0.9641301673644533,0.9641301673644533,1,medium
178.0,0.9690318658185877,0.9690318658185877,1,critical
179.0,0.8852898787703131,0.8852898787703131,1,low
180.0,0.29468981550431533,0.29468981550431533,1,low
181.0,0.9669411289466464,0.9669411289466464,1,medium
182.0,0.853647714808905,0.853647714808905,1,low
183.0,0.8813714239176148,0.8813714239176148,1,low
184.0,0.16319007826771129,0.16319007826771129,1,low
185.0,0.08784850481710167,0.08784850481710167,1,low
186.0,0.9685598064258606,0.9685598064258606,1,high
187.0,0.8864192859297416,0.8864192859297416,1,low
188.0,0.9686512625717517,0.9686512625717517,1,high
189.0,0.939710884388194,0.939710884388194,1,low
190.0,0.8219179261852915,0.8219179261852915,1,low
191.0,0.9687771838751962,0.9687771838751962,1,high
192.0,0.9648954472057988,0.9648954472057988,1,medium
193.0,0.9264749147269368,0.9264749147269368,1,low
194.0,0.9686647459133924,0.9686647459133924,1,high
195.0,0.0779745472731763,0.0779745472731763,1,low
196.0,0.9295600974533823,0.9295600974533823,1,low
197.0,0.16319007826771129,0.16319007826771129,1,low
198.0,0.9443477356346358,0.9443477356346358,1,low
199.0,0.12103307282210977,0.12103307282210977,1,low
200.0,0.9603818172519375,0.9603818172519375,1,low
201.0,0.6312445250276045,0.6312445250276045,1,low
202.0,0.9684407190577425,0.9684407190577425,1,high
203.0,0.9687759777411126,0.9687759777411126,1,high
204.0,0.9538423052790472,0.9538423052790472,1,low
205.0,0.9675050227917071,0.9675050227917071,1,medium
206.0,0.07475133151412182,0.07475133151412182,1,low
207.0,0.9674672122026609,0.9674672122026609,1,medium
208.0,0.9676175273802965,0.9676175273802965,1,medium
209.0,0.9488007076930405,0.9488007076930405,1,low
210.0,0.9641301673644533,0.9641301673644533,1,medium
211.0,0.9595621242972433,0.9595621242972433,1,low
212.0,0.9659402911934505,0.9659402911934505,1,medium
213.0,0.9688293706188658,0.9688293706188658,1,high
214.0,0.9640476461309607,0.9640476461309607,1,medium
215.0,0.9556407948251477,0.9556407948251477,1,low
216.0,0.9516811966219724,0.9516811966219724,1,low
217.0,0.9560316355928258,0.9560316355928258,1,low
218.0,0.9682465217819769,0.9682465217819769,1,high
219.0,0.9588541986857125,0.9588541986857125,1,low
220.0,0.9641301673644533,0.9641301673644533,1,medium
221.0,0.9370687773018845,0.9370687773018845,1,low
222.0,0.9666015798249004,0.9666015798249004,1,medium
223.0,0.9690232585327507,0.9690232585327507,1,critical
224.0,0.9383487549906047,0.9383487549906047,1,low
225.0,0.9630639429578801,0.9630639429578801,1,medium
226.0,0.9199593242201566,0.9199593242201566,1,low
227.0,0.9690707098713799,0.9690707098713799,1,critical
228.0,0.8830550906764617,0.8830550906764617,1,low
229.0,0.07475133151412182,0.07475133151412182,1,low
230.0,0.9506445921520181,0.9506445921520181,1,low
231.0,0.968590223985862,0.968590223985862,1,high
232.0,0.9200716207366776,0.9200716207366776,1,low
233.0,0.15662928426166323,0.15662928426166323,1,low
234.0,0.9688181930549926,0.9688181930549926,1,high
235.0,0.9312438689706406,0.9312438689706406,1,low
236.0,0.9579056204189075,0.9579056204189075,1,low
237.0,0.9606746224652308,0.9606746224652308,1,low
238.0,0.9283694151891595,0.9283694151891595,1,low
239.0,0.9580955379602011,0.9580955379602011,1,low
240.0,0.9690533337195677,0.9690533337195677,1,critical
241.0,0.9687309785358144,0.9687309785358144,1,high
242.0,0.9605301426716698,0.9605301426716698,1,low
243.0,0.9685722602816492,0.9685722602816492,1,high
244.0,0.9504327354168521,0.9504327354168521,1,low
245.0,0.6533131604875203,0.6533131604875203,1,low
246.0,0.9488007076930405,0.9488007076930405,1,low
247.0,0.9684279631508295,0.9684279631508295,1,high
248.0,0.9202186168730533,0.9202186168730533,1,low
249.0,0.9678620080097858,0.9678620080097858,1,medium
250.0,0.9666126998399762,0.9666126998399762,1,medium
251.0,0.9688448311590054,0.9688448311590054,1,high
252.0,0.965257217403563,0.965257217403563,1,medium
253.0,0.9685598064258606,0.9685598064258606,1,high
254.0,0.9550881934937253,0.9550881934937253,1,low
255.0,0.9680777410253937,0.9680777410253937,1,medium
256.0,0.9398077233699333,0.9398077233699333,1,low
257.0,0.9691625241635143,0.9691625241635143,1,critical
258.0,0.9682126987896865,0.9682126987896865,1,high
259.0,0.9532215465823866,0.9532215465823866,1,low
260.0,0.9443419909540899,0.9443419909540899,1,low
261.0,0.9683936989536809,0.9683936989536809,1,high
262.0,0.0779745472731763,0.0779745472731763,1,low
263.0,0.9595515952920187,0.9595515952920187,1,low
264.0,0.9367540959505977,0.9367540959505977,1,low
265.0,0.0779745472731763,0.0779745472731763,1,low
266.0,0.9147420824789592,0.9147420824789592,1,low
267.0,0.9645549000477475,0.9645549000477475,1,medium
268.0,0.96691687044062,0.96691687044062,1,medium
269.0,0.962689070197674,0.962689070197674,1,medium
270.0,0.9554705432515956,0.9554705432515956,1,low
271.0,0.5762396711193766,0.5762396711193766,1,low
272.0,0.9544734917325851,0.9544734917325851,1,low
273.0,0.9689029793564418,0.9689029793564418,1,high
274.0,0.9684599502347707,0.9684599502347707,1,high
275.0,0.9617561824622228,0.9617561824622228,1,low
276.0,0.9657091690769283,0.9657091690769283,1,medium
277.0,0.9556407948251477,0.9556407948251477,1,low
278.0,0.9554634259861666,0.9554634259861666,1,low
279.0,0.9673042963360041,0.9673042963360041,1,medium
280.0,0.9341629309598245,0.9341629309598245,1,low
281.0,0.9622222887496874,0.9622222887496874,1,medium
282.0,0.9677754181396535,0.9677754181396535,1,medium
283.0,0.9674478046203282,0.9674478046203282,1,medium
284.0,0.6834542268543798,0.6834542268543798,1,low
285.0,0.9677035731086135,0.9677035731086135,1,medium
286.0,0.9690304333653744,0.9690304333653744,1,critical
287.0,0.9060298988866108,0.9060298988866108,1,low
288.0,0.9689896431019059,0.9689896431019059,1,critical
289.0,0.5336298448297394,0.5336298448297394,1,low
290.0,0.9436409510111142,0.9436409510111142,1,low
291.0,0.9641301673644533,0.9641301673644533,1,medium
292.0,0.965564784386781,0.965564784386781,1,medium
293.0,0.9638453292844108,0.9638453292844108,1,medium
294.0,0.8821676198478118,0.8821676198478118,1,low
295.0,0.9689212155775037,0.9689212155775037,1,high
296.0,0.946445288058046,0.946445288058046,1,low
297.0,0.9641301673644533,0.9641301673644533,1,medium
298.0,0.9667281430139506,0.9667281430139506,1,medium
299.0,0.9682932401864877,0.9682932401864877,1,high
300.0,0.579806952439209,0.579806952439209,1,low
301.0,0.07105733776291641,0.07105733776291641,1,low
302.0,0.9668334873341999,0.9668334873341999,1,medium
303.0,0.8033221522935029,0.8033221522935029,1,low
304.0,0.16319007826771129,0.16319007826771129,1,low
305.0,0.9480228078303415,0.9480228078303415,1,low
306.0,0.8767604047315851,0.8767604047315851,1,low
307.0,0.9654199752097364,0.9654199752097364,1,medium
308.0,0.9190717388478614,0.9190717388478614,1,low
309.0,0.9082920155688387,0.9082920155688387,1,low
310.0,0.9651625483792383,0.9651625483792383,1,medium
311.0,0.9610486706995292,0.9610486706995292,1,low
312.0,0.03851849190380636,0.03851849190380636,1,low
313.0,0.956303185730083,0.956303185730083,1,low
314.0,0.6330634383868089,0.6330634383868089,1,low
315.0,0.9541506822754101,0.9541506822754101,1,low
316.0,0.5693279559813093,0.5693279559813093,1,low
317.0,0.962430553387733,0.962430553387733,1,medium
318.0,0.6576340869461167,0.6576340869461167,1,low
319.0,0.9516201588725927,0.9516201588725927,1,low
320.0,0.09280350145233869,0.09280350145233869,1,low
321.0,0.966876403528398,0.966876403528398,1,medium
322.0,0.8036083779027517,0.8036083779027517,1,low
323.0,0.9253923728827895,0.9253923728827895,1,low
324.0,0.9637094975613851,0.9637094975613851,1,medium
325.0,0.9666398208988598,0.9666398208988598,1,medium
326.0,0.6216545871333268,0.6216545871333268,1,low
327.0,0.9513041653394941,0.9513041653394941,1,low
328.0,0.9488007076930405,0.9488007076930405,1,low
329.0,0.9624455793613835,0.9624455793613835,1,medium
330.0,0.9533615439252284,0.9533615439252284,1,low
331.0,0.9634915895367766,0.9634915895367766,1,medium
332.0,0.9639240724200375,0.9639240724200375,1,medium
333.0,0.9689930294135266,0.9689930294135266,1,critical
334.0,0.9573467463041841,0.9573467463041841,1,low
335.0,0.9674397137634689,0.9674397137634689,1,medium
336.0,0.939989901635144,0.939989901635144,1,low
337.0,0.8087400725143036,0.8087400725143036,1,low
338.0,0.9670217345111195,0.9670217345111195,1,medium
339.0,0.9528718267094455,0.9528718267094455,1,low
340.0,0.9595515952920187,0.9595515952920187,1,low
341.0,0.9675776049788961,0.9675776049788961,1,medium
342.0,0.9603818172519375,0.9603818172519375,1,low
343.0,0.9618468470572553,0.9618468470572553,1,low
344.0,0.9669411289466464,0.9669411289466464,1,medium
345.0,0.9689212155775037,0.9689212155775037,1,high
346.0,0.9632606031094592,0.9632606031094592,1,medium
347.0,0.9683757676007838,0.9683757676007838,1,high
348.0,0.960744980493315,0.960744980493315,1,low
349.0,0.9672747702189368,0.9672747702189368,1,medium
350.0,0.9420001221927462,0.9420001221927462,1,low
351.0,0.851732979874741,0.851732979874741,1,low
352.0,0.9299947731575363,0.9299947731575363,1,low
353.0,0.9200670512388059,0.9200670512388059,1,low
354.0,0.07475133151412182,0.07475133151412182,1,low
355.0,0.9623080015919919,0.9623080015919919,1,medium
356.0,0.9687771838751962,0.9687771838751962,1,high
357.0,0.9535737752260597,0.9535737752260597,1,low
358.0,0.9545049799703507,0.9545049799703507,1,low
359.0,0.9635274399788835,0.9635274399788835,1,medium
360.0,0.9660370425086588,0.9660370425086588,1,medium
361.0,0.9575924808082762,0.9575924808082762,1,low
362.0,0.9469245784602233,0.9469245784602233,1,low
363.0,0.9215071119823449,0.9215071119823449,1,low
364.0,0.9505890573484336,0.9505890573484336,1,low
365.0,0.16319007826771129,0.16319007826771129,1,low
366.0,0.959670734781204,0.959670734781204,1,low
367.0,0.9662313214509505,0.9662313214509505,1,medium
368.0,0.12043149468758796,0.12043149468758796,1,low
369.0,0.9669468187667528,0.9669468187667528,1,medium
370.0,0.9505890573484336,0.9505890573484336,1,low
371.0,0.9681916251176488,0.9681916251176488,1,high
372.0,0.967329648293806,0.967329648293806,1,medium
373.0,0.9656443608787112,0.9656443608787112,1,medium
374.0,0.957990982694406,0.957990982694406,1,low
375.0,0.9658854881799859,0.9658854881799859,1,medium
376.0,0.16319007826771129,0.16319007826771129,1,low
377.0,0.9605360913497148,0.9605360913497148,1,low
378.0,0.9170828389278779,0.9170828389278779,1,low
379.0,0.9612696827431345,0.9612696827431345,1,low
380.0,0.9676143598877762,0.9676143598877762,1,medium
381.0,0.9554695136755559,0.9554695136755559,1,low
382.0,0.9537850662501827,0.9537850662501827,1,low
383.0,0.9367857281852819,0.9367857281852819,1,low
384.0,0.8061065142143127,0.8061065142143127,1,low
385.0,0.969168978694821,0.969168978694821,1,critical
386.0,0.9621158676744628,0.9621158676744628,1,medium
387.0,0.9688425188353804,0.9688425188353804,1,high
388.0,0.9615432258774749,0.9615432258774749,1,low
389.0,0.9543572328676396,0.9543572328676396,1,low
390.0,0.9172005228632062,0.9172005228632062,1,low
391.0,0.9661759846239967,0.9661759846239967,1,medium
392.0,0.9613710629722508,0.9613710629722508,1,low
393.0,0.9569952036120716,0.9569952036120716,1,low
394.0,0.950740630612624,0.950740630612624,1,low
395.0,0.9616337425062218,0.9616337425062218,1,low
396.0,0.9594628288513541,0.9594628288513541,1,low
397.0,0.9645931798995254,0.9645931798995254,1,medium
398.0,0.9689192306334928,0.9689192306334928,1,high
399.0,0.9671850651566573,0.9671850651566573,1,medium
400.0,0.9563685894134162,0.9563685894134162,1,low
401.0,0.7879329752389035,0.7879329752389035,1,low
402.0,0.6201509760217592,0.6201509760217592,1,low
403.0,0.9673319727564911,0.9673319727564911,1,medium
404.0,0.9488007076930405,0.9488007076930405,1,low
405.0,0.9452172782078122,0.9452172782078122,1,low
406.0,0.886166411000025,0.886166411000025,1,low
407.0,0.9155095195505035,0.9155095195505035,1,low
408.0,0.8783092245929977,0.8783092245929977,1,low
409.0,0.9645921182877383,0.9645921182877383,1,medium
410.0,0.934389478240503,0.934389478240503,1,low
411.0,0.9689202893220218,0.9689202893220218,1,high
412.0,0.9635544344014448,0.9635544344014448,1,medium
413.0,0.9481897589431069,0.9481897589431069,1,low
414.0,0.9674397137634689,0.9674397137634689,1,medium
415.0,0.9314033744905189,0.9314033744905189,1,low
416.0,0.9500638564594204,0.9500638564594204,1,low
417.0,0.9689967564895476,0.9689967564895476,1,critical
418.0,0.9452019808731525,0.9452019808731525,1,low
419.0,0.9221685447319263,0.9221685447319263,1,low
420.0,0.9595515952920187,0.9595515952920187,1,low
421.0,0.9494372622908331,0.9494372622908331,1,low
422.0,0.29468981550431533,0.29468981550431533,1,low
423.0,0.9594978651147076,0.9594978651147076,1,low
424.0,0.9676175273802965,0.9676175273802965,1,medium
425.0,0.96844555996165,0.96844555996165,1,high
426.0,0.9202186168730533,0.9202186168730533,1,low
427.0,0.9641301673644533,0.9641301673644533,1,medium
428.0,0.9690304333653744,0.9690304333653744,1,critical
429.0,0.16319007826771129,0.16319007826771129,1,low
430.0,0.7502550342791267,0.7502550342791267,1,low
431.0,0.967613082431237,0.967613082431237,1,medium
432.0,0.9513654412613707,0.9513654412613707,1,low
433.0,0.9689016362175287,0.9689016362175287,1,high
434.0,0.9153156176796329,0.9153156176796329,1,low
435.0,0.965203652333773,0.965203652333773,1,medium
436.0,0.9512377509901562,0.9512377509901562,1,low
437.0,0.9641445842432829,0.9641445842432829,1,medium
438.0,0.9519798406115357,0.9519798406115357,1,low
439.0,0.94533136977243,0.94533136977243,1,low
440.0,0.9687771838751962,0.9687771838751962,1,high
441.0,0.9662760508683471,0.9662760508683471,1,medium
442.0,0.9683305804235475,0.9683305804235475,1,high
443.0,0.9124734831032569,0.9124734831032569,1,low
444.0,0.9657219962862206,0.9657219962862206,1,medium
445.0,0.9658447241023124,0.9658447241023124,1,medium
446.0,0.9446367153852169,0.9446367153852169,1,low
447.0,0.07475133151412182,0.07475133151412182,1,low
448.0,0.9688685270449455,0.9688685270449455,1,high
449.0,0.9652017897519828,0.9652017897519828,1,medium
450.0,0.964812956102965,0.964812956102965,1,medium
451.0,0.9580884642985742,0.9580884642985742,1,low
452.0,0.814525701927396,0.814525701927396,1,low
453.0,0.9591209014124068,0.9591209014124068,1,low
454.0,0.9610810946590309,0.9610810946590309,1,low
455.0,0.9286266512457311,0.9286266512457311,1,low
456.0,0.9162719181414234,0.9162719181414234,1,low
457.0,0.9662188390185497,0.9662188390185497,1,medium
458.0,0.9688754846415053,0.9688754846415053,1,high
459.0,0.9645750132025573,0.9645750132025573,1,medium
460.0,0.9691625241635143,0.9691625241635143,1,critical
461.0,0.9557375758492337,0.9557375758492337,1,low
462.0,0.9671850651566573,0.9671850651566573,1,medium
463.0,0.9569554601550724,0.9569554601550724,1,low
464.0,0.9641301673644533,0.9641301673644533,1,medium
465.0,0.9653786383683954,0.9653786383683954,1,medium
466.0,0.9690304333653744,0.9690304333653744,1,critical
467.0,0.9431783992140682,0.9431783992140682,1,low
468.0,0.9564282781392835,0.9564282781392835,1,low
469.0,0.08784850481710167,0.08784850481710167,1,low
470.0,0.9408779677977205,0.9408779677977205,1,low
471.0,0.91749451603099,0.91749451603099,1,low
472.0,0.9330064870110842,0.9330064870110842,1,low
473.0,0.9689029793564418,0.9689029793564418,1,high
474.0,0.9472423850593739,0.9472423850593739,1,low
475.0,0.9630260244924059,0.9630260244924059,1,medium
476.0,0.08784850481710167,0.08784850481710167,1,low
477.0,0.9682659240053191,0.9682659240053191,1,high
478.0,0.9689202893220218,0.9689202893220218,1,high
479.0,0.15072411154656337,0.15072411154656337,1,low
480.0,0.07105733776291641,0.07105733776291641,1,low
481.0,0.946712534535572,0.946712534535572,1,low
482.0,0.9535972342628929,0.9535972342628929,1,low
483.0,0.969029722907539,0.969029722907539,1,critical
484.0,0.966603081529604,0.966603081529604,1,medium
485.0,0.963150753179483,0.963150753179483,1,medium
486.0,0.926273877172108,0.926273877172108,1,low
487.0,0.9520100998551859,0.9520100998551859,1,low
488.0,0.9422710407384001,0.9422710407384001,1,low
489.0,0.9645921182877383,0.9645921182877383,1,medium
490.0,0.8407345305191206,0.8407345305191206,1,low
491.0,0.9590568189355491,0.9590568189355491,1,low
492.0,0.9542169780343513,0.9542169780343513,1,low
493.0,0.6696271449861185,0.6696271449861185,1,low
494.0,0.9355153835701703,0.9355153835701703,1,low
495.0,0.9366867670010123,0.9366867670010123,1,low
496.0,0.1335920529667387,0.1335920529667387,1,low
497.0,0.9200670512388059,0.9200670512388059,1,low
498.0,0.0682249476277352,0.0682249476277352,1,low
499.0,0.9657660046164418,0.9657660046164418,1,medium
500.0,0.9150353733738271,0.9150353733738271,1,low
501.0,0.9656670770314406,0.9656670770314406,1,medium
502.0,0.9164794483407087,0.9164794483407087,1,low
503.0,0.9681515738734193,0.9681515738734193,1,medium
504.0,0.9676351587069515,0.9676351587069515,1,medium
505.0,0.9685722602816492,0.9685722602816492,1,high
506.0,0.9666487771544457,0.9666487771544457,1,medium
507.0,0.9392890548982579,0.9392890548982579,1,low
508.0,0.9661759846239967,0.9661759846239967,1,medium
509.0,0.9641301673644533,0.9641301673644533,1,medium
510.0,0.9591635814529114,0.9591635814529114,1,low
511.0,0.950829988999662,0.950829988999662,1,low
512.0,0.08784850481710167,0.08784850481710167,1,low
513.0,0.9543547286433487,0.9543547286433487,1,low
514.0,0.9467484647114063,0.9467484647114063,1,low
515.0,0.9432831432331458,0.9432831432331458,1,low
516.0,0.9665195820769344,0.9665195820769344,1,medium
517.0,0.9690304333653744,0.9690304333653744,1,critical
518.0,0.9631156460979673,0.9631156460979673,1,medium
519.0,0.9623810183806438,0.9623810183806438,1,medium
520.0,0.9653524847634919,0.9653524847634919,1,medium
521.0,0.8786712220753244,0.8786712220753244,1,low
522.0,0.9565044296051718,0.9565044296051718,1,low
523.0,0.9467844807990443,0.9467844807990443,1,low
524.0,0.9688904932764428,0.9688904932764428,1,high
525.0,0.9472423850593739,0.9472423850593739,1,low
526.0,0.9687288119738847,0.9687288119738847,1,high
527.0,0.9637094975613851,0.9637094975613851,1,medium
528.0,0.9646196712832676,0.9646196712832676,1,medium
529.0,0.07105733776291641,0.07105733776291641,1,low
530.0,0.9688615547275389,0.9688615547275389,1,high
531.0,0.9595515952920187,0.9595515952920187,1,low
532.0,0.8466302252220274,0.8466302252220274,1,low
533.0,0.9109637200671864,0.9109637200671864,1,low
534.0,0.9689202893220218,0.9689202893220218,1,high
535.0,0.9659289800754994,0.9659289800754994,1,medium
536.0,0.9683757676007838,0.9683757676007838,1,high
537.0,0.8061885465411355,0.8061885465411355,1,low
538.0,0.9072602852074532,0.9072602852074532,1,low
539.0,0.9689192306334928,0.9689192306334928,1,high
540.0,0.09410354496187573,0.09410354496187573,1,low
541.0,0.9666570048414136,0.9666570048414136,1,medium
542.0,0.9645921182877383,0.9645921182877383,1,medium
543.0,0.9685642591360426,0.9685642591360426,1,high
544.0,0.6840690857718831,0.6840690857718831,1,low
545.0,0.9641301673644533,0.9641301673644533,1,medium
546.0,0.9653383700084385,0.9653383700084385,1,medium
547.0,0.9635818483732462,0.9635818483732462,1,medium
548.0,0.8961037258087127,0.8961037258087127,1,low
549.0,0.9677798629247486,0.9677798629247486,1,medium
550.0,0.9418291073385197,0.9418291073385197,1,low
551.0,0.9683286353098807,0.9683286353098807,1,high
552.0,0.9687700898317094,0.9687700898317094,1,high
553.0,0.8063676170133797,0.8063676170133797,1,low
554.0,0.9670217345111195,0.9670217345111195,1,medium
555.0,0.9599444866960631,0.9599444866960631,1,low
556.0,0.9689029793564418,0.9689029793564418,1,high
557.0,0.9638762818365679,0.9638762818365679,1,medium
558.0,0.9623131080889555,0.9623131080889555,1,medium
559.0,0.8869486720737333,0.8869486720737333,1,low
560.0,0.9138167646268851,0.9138167646268851,1,low
561.0,0.969168978694821,0.969168978694821,1,critical
562.0,0.9388419942312952,0.9388419942312952,1,low
563.0,0.9688503240407567,0.9688503240407567,1,high
564.0,0.9645931798995254,0.9645931798995254,1,medium
565.0,0.9593401478566972,0.9593401478566972,1,low
566.0,0.9654758198032857,0.9654758198032857,1,medium
567.0,0.8682965464143003,0.8682965464143003,1,low
568.0,0.9249362348990599,0.9249362348990599,1,low
569.0,0.9571013450294893,0.9571013450294893,1,low
570.0,0.9680941247313225,0.9680941247313225,1,medium
571.0,0.16319007826771129,0.16319007826771129,1,low
572.0,0.9596739937392328,0.9596739937392328,1,low
573.0,0.9493325453360631,0.9493325453360631,1,low
574.0,0.9503539349855529,0.9503539349855529,1,low
575.0,0.9651414695618935,0.9651414695618935,1,medium
576.0,0.9348852254473495,0.9348852254473495,1,low
577.0,0.49057310376439883,0.49057310376439883,1,low
578.0,0.9583432050589346,0.9583432050589346,1,low
579.0,0.9651182092308862,0.9651182092308862,1,medium
580.0,0.9495252730480455,0.9495252730480455,1,low
581.0,0.04913000720794408,0.04913000720794408,1,low
582.0,0.9537022929991498,0.9537022929991498,1,low
583.0,0.9536610151963947,0.9536610151963947,1,low
584.0,0.9636344464344787,0.9636344464344787,1,medium
585.0,0.968807492834958,0.968807492834958,1,high
586.0,0.16319007826771129,0.16319007826771129,1,low
587.0,0.9168371595430513,0.9168371595430513,1,low
588.0,0.9688886450122247,0.9688886450122247,1,high
589.0,0.9625188284599938,0.9625188284599938,1,medium
590.0,0.9131736833422476,0.9131736833422476,1,low
591.0,0.9686474516441573,0.9686474516441573,1,high
592.0,0.9124734831032569,0.9124734831032569,1,low
593.0,0.9682647619822614,0.9682647619822614,1,high
594.0,0.9616756379251238,0.9616756379251238,1,low
595.0,0.7451178090769757,0.7451178090769757,1,low
596.0,0.9683757676007838,0.9683757676007838,1,high
597.0,0.9014320181656039,0.9014320181656039,1,low
598.0,0.9591635814529114,0.9591635814529114,1,low
599.0,0.9590249945993046,0.9590249945993046,1,low
600.0,0.964248491073325,0.964248491073325,1,medium
601.0,0.9559288744965286,0.9559288744965286,1,low
602.0,0.9689896431019059,0.9689896431019059,1,critical
603.0,0.9495252730480455,0.9495252730480455,1,low
604.0,0.3192203545733213,0.3192203545733213,1,low
605.0,0.9516238081186293,0.9516238081186293,1,low
606.0,0.9674397137634689,0.9674397137634689,1,medium
607.0,0.9385760807646801,0.9385760807646801,1,low
608.0,0.9670528195030158,0.9670528195030158,1,medium
609.0,0.9639642644189547,0.9639642644189547,1,medium
610.0,0.9661238931416842,0.9661238931416842,1,medium
611.0,0.9651414695618935,0.9651414695618935,1,medium
612.0,0.9537274644329328,0.9537274644329328,1,low
613.0,0.9495911763687629,0.9495911763687629,1,low
614.0,0.9568449241555174,0.9568449241555174,1,low
615.0,0.962166796379873,0.962166796379873,1,medium
616.0,0.9668806986282176,0.9668806986282176,1,medium
617.0,0.969029722907539,0.969029722907539,1,critical
618.0,0.965564784386781,0.965564784386781,1,medium
619.0,0.91749451603099,0.91749451603099,1,low
620.0,0.9689029793564418,0.9689029793564418,1,high
621.0,0.9652707795333745,0.9652707795333745,1,medium
622.0,0.9615123925964834,0.9615123925964834,1,low
623.0,0.968020842977002,0.968020842977002,1,medium
624.0,0.9109637200671864,0.9109637200671864,1,low
625.0,0.9663594631624758,0.9663594631624758,1,medium
626.0,0.9579299029020624,0.9579299029020624,1,low
627.0,0.9367263914663493,0.9367263914663493,1,low
628.0,0.9651845422867953,0.9651845422867953,1,medium
629.0,0.8829418110404031,0.8829418110404031,1,low
630.0,0.9376653841750727,0.9376653841750727,1,low
631.0,0.6201509760217592,0.6201509760217592,1,low
632.0,0.9685668319724527,0.9685668319724527,1,high
633.0,0.9651284403745599,0.9651284403745599,1,medium
634.0,0.9202186168730533,0.9202186168730533,1,low
635.0,0.9650582239766337,0.9650582239766337,1,medium
636.0,0.9690304333653744,0.9690304333653744,1,critical
637.0,0.9414096353615856,0.9414096353615856,1,low
638.0,0.9669917623571923,0.9669917623571923,1,medium
639.0,0.9685038032150883,0.9685038032150883,1,high
640.0,0.9295898818076692,0.9295898818076692,1,low
641.0,0.9146212961323626,0.9146212961323626,1,low
642.0,0.9641301673644533,0.9641301673644533,1,medium
643.0,0.967885913251964,0.967885913251964,1,medium
644.0,0.9678244291523673,0.9678244291523673,1,medium
645.0,0.9654560205378959,0.9654560205378959,1,medium
646.0,0.9652629042495011,0.9652629042495011,1,medium
647.0,0.9569952036120716,0.9569952036120716,1,low
648.0,0.49385371667226674,0.49385371667226674,1,low
649.0,0.9388419942312952,0.9388419942312952,1,low
650.0,0.11243046998795658,0.11243046998795658,1,low
651.0,0.9666821282290942,0.9666821282290942,1,medium
652.0,0.969155023359789,0.969155023359789,1,critical
653.0,0.9632265594648558,0.9632265594648558,1,medium
654.0,0.07475133151412182,0.07475133151412182,1,low
655.0,0.9603482060940527,0.9603482060940527,1,low
656.0,0.6533131604875203,0.6533131604875203,1,low
657.0,0.968667872895308,0.968667872895308,1,high
658.0,0.9497708166047145,0.9497708166047145,1,low
659.0,0.9685155667735117,0.9685155667735117,1,high
660.0,0.9374853452420773,0.9374853452420773,1,low
661.0,0.9563881287653371,0.9563881287653371,1,low
662.0,0.3343426289833,0.3343426289833,1,low
663.0,0.19997173082731054,0.19997173082731054,1,low
664.0,0.9169658307041934,0.9169658307041934,1,low
665.0,0.9628136490383984,0.9628136490383984,1,medium
666.0,0.8886587428074337,0.8886587428074337,1,low
667.0,0.9467844807990443,0.9467844807990443,1,low
668.0,0.9681790750131182,0.9681790750131182,1,medium
669.0,0.860858262297843,0.860858262297843,1,low
670.0,0.9634014249665466,0.9634014249665466,1,medium
671.0,0.9674968659423221,0.9674968659423221,1,medium
672.0,0.9656443608787112,0.9656443608787112,1,medium
673.0,0.9404422842539045,0.9404422842539045,1,low
674.0,0.9690707098713799,0.9690707098713799,1,critical
675.0,0.9264052977039005,0.9264052977039005,1,low
676.0,0.9685598064258606,0.9685598064258606,1,high
677.0,0.950985804729457,0.950985804729457,1,low
678.0,0.9688904932764428,0.9688904932764428,1,high
679.0,0.9105602448046278,0.9105602448046278,1,low
680.0,0.9283694151891595,0.9283694151891595,1,low
681.0,0.9591635814529114,0.9591635814529114,1,low
682.0,0.04007582608435612,0.04007582608435612,1,low
683.0,0.965203652333773,0.965203652333773,1,medium
684.0,0.9593294988000336,0.9593294988000336,1,low
685.0,0.9678342335547224,0.9678342335547224,1,medium
686.0,0.9452019808731525,0.9452019808731525,1,low
687.0,0.9671377939076525,0.9671377939076525,1,medium
688.0,0.9641301673644533,0.9641301673644533,1,medium
689.0,0.9661759846239967,0.9661759846239967,1,medium
690.0,0.8114337706490451,0.8114337706490451,1,low
691.0,0.9645504083991532,0.9645504083991532,1,medium
692.0,0.9690586125735763,0.9690586125735763,1,critical
693.0,0.964765374220105,0.964765374220105,1,medium
694.0,0.8904801863640471,0.8904801863640471,1,low
695.0,0.9685722602816492,0.9685722602816492,1,high
696.0,0.9652594991589741,0.9652594991589741,1,medium
697.0,0.9686762283229081,0.9686762283229081,1,high
698.0,0.9202186168730533,0.9202186168730533,1,low
699.0,0.9680994487026079,0.9680994487026079,1,medium
700.0,0.9661767036327951,0.9661767036327951,1,medium
701.0,0.9179545302785264,0.9179545302785264,1,low
702.0,0.9538091602693957,0.9538091602693957,1,low
703.0,0.0779745472731763,0.0779745472731763,1,low
704.0,0.9660032546929859,0.9660032546929859,1,medium
705.0,0.9622165281952647,0.9622165281952647,1,medium
706.0,0.9689428124575943,0.9689428124575943,1,high
707.0,0.9422890506394652,0.9422890506394652,1,low
708.0,0.9283694151891595,0.9283694151891595,1,low
709.0,0.9103491074578942,0.9103491074578942,1,low
710.0,0.9314033744905189,0.9314033744905189,1,low
711.0,0.9545609680808864,0.9545609680808864,1,low
712.0,0.968289393828802,0.968289393828802,1,high
713.0,0.9096182426731557,0.9096182426731557,1,low
714.0,0.9674554781365036,0.9674554781365036,1,medium
715.0,0.9443477356346358,0.9443477356346358,1,low
716.0,0.9690304333653744,0.9690304333653744,1,critical
717.0,0.9464421125752986,0.9464421125752986,1,low
718.0,0.9663646504365242,0.9663646504365242,1,medium
719.0,0.5056570747781576,0.5056570747781576,1,low
720.0,0.9678327156532486,0.9678327156532486,1,medium
721.0,0.9690232585327507,0.9690232585327507,1,critical
722.0,0.9685722602816492,0.9685722602816492,1,high
723.0,0.9644727202393358,0.9644727202393358,1,medium
724.0,0.9689212155775037,0.9689212155775037,1,high
725.0,0.9639240724200375,0.9639240724200375,1,medium
726.0,0.9241658289860525,0.9241658289860525,1,low
727.0,0.9647878923375344,0.9647878923375344,1,medium
728.0,0.9363289876614891,0.9363289876614891,1,low
729.0,0.9641301673644533,0.9641301673644533,1,medium
730.0,0.9628948231965057,0.9628948231965057,1,medium
731.0,0.9654758198032857,0.9654758198032857,1,medium
732.0,0.9682330593406254,0.9682330593406254,1,high
733.0,0.9686103936210902,0.9686103936210902,1,high
734.0,0.9684089518144129,0.9684089518144129,1,high
735.0,0.12693595952168393,0.12693595952168393,1,low
736.0,0.9688965979690377,0.9688965979690377,1,high
737.0,0.9567863227526369,0.9567863227526369,1,low
738.0,0.9688293706188658,0.9688293706188658,1,high
739.0,0.9430684694364656,0.9430684694364656,1,low
740.0,0.957129975061415,0.957129975061415,1,low
741.0,0.9687151577182017,0.9687151577182017,1,high
742.0,0.6597512888688407,0.6597512888688407,1,low
743.0,0.9667672915199509,0.9667672915199509,1,medium
744.0,0.9691157980961268,0.9691157980961268,1,critical
745.0,0.8593675695347617,0.8593675695347617,1,low
746.0,0.9549037554189597,0.9549037554189597,1,low
747.0,0.9684765143687462,0.9684765143687462,1,high
748.0,0.9689212155775037,0.9689212155775037,1,high
749.0,0.9670528195030158,0.9670528195030158,1,medium
750.0,0.9679468105203348,0.9679468105203348,1,medium
751.0,0.9673319727564911,0.9673319727564911,1,medium
752.0,0.8677202756437118,0.8677202756437118,1,low
753.0,0.9435013672856475,0.9435013672856475,1,low
754.0,0.9635918347280653,0.9635918347280653,1,medium
755.0,0.966486662003137,0.966486662003137,1,medium
756.0,0.9657885810626506,0.9657885810626506,1,medium
757.0,0.9675373182367034,0.9675373182367034,1,medium
758.0,0.9639240724200375,0.9639240724200375,1,medium
759.0,0.9686887371444318,0.9686887371444318,1,high
760.0,0.966778933901157,0.966778933901157,1,medium
761.0,0.9689212155775037,0.9689212155775037,1,high
762.0,0.9233722039099069,0.9233722039099069,1,low
763.0,0.9640566428767402,0.9640566428767402,1,medium
764.0,0.950829988999662,0.950829988999662,1,low
765.0,0.9581531385246688,0.9581531385246688,1,low
766.0,0.961314599817383,0.961314599817383,1,low
767.0,0.9690304333653744,0.9690304333653744,1,critical
768.0,0.9681324685015947,0.9681324685015947,1,medium
769.0,0.9488007076930405,0.9488007076930405,1,low
770.0,0.9595515952920187,0.9595515952920187,1,low
771.0,0.9678346189005097,0.9678346189005097,1,medium
772.0,0.9686790342344692,0.9686790342344692,1,high
773.0,0.9667017709071143,0.9667017709071143,1,medium
774.0,0.9649618569902846,0.9649618569902846,1,medium
775.0,0.9260018815315147,0.9260018815315147,1,low
776.0,0.04220860356209024,0.04220860356209024,1,low
777.0,0.962689070197674,0.962689070197674,1,medium
778.0,0.933181159388298,0.933181159388298,1,low
779.0,0.9655412378414757,0.9655412378414757,1,medium
780.0,0.9618335837909912,0.9618335837909912,1,low
781.0,0.9661759846239967,0.9661759846239967,1,medium
782.0,0.963617114649507,0.963617114649507,1,medium
783.0,0.9675891751507913,0.9675891751507913,1,medium
784.0,0.9595515952920187,0.9595515952920187,1,low
785.0,0.7530685325147409,0.7530685325147409,1,low
786.0,0.08784850481710167,0.08784850481710167,1,low
787.0,0.9653093955620776,0.9653093955620776,1,medium
788.0,0.9682799996231085,0.9682799996231085,1,high
789.0,0.968076289096094,0.968076289096094,1,medium
790.0,0.9178126347146711,0.9178126347146711,1,low
791.0,0.9241658289860525,0.9241658289860525,1,low
792.0,0.9689212155775037,0.9689212155775037,1,high
793.0,0.14210907394337102,0.14210907394337102,1,low
794.0,0.9682859692844721,0.9682859692844721,1,high
795.0,0.950044109599805,0.950044109599805,1,low
796.0,0.9688293706188658,0.9688293706188658,1,high
797.0,0.9630014219391599,0.9630014219391599,1,medium
798.0,0.9689212155775037,0.9689212155775037,1,high
799.0,0.9681836538697753,0.9681836538697753,1,medium
800.0,0.9332126472445007,0.9332126472445007,1,low
801.0,0.9641301673644533,0.9641301673644533,1,medium
802.0,0.9668035101373341,0.9668035101373341,1,medium
803.0,0.7797235111245086,0.7797235111245086,1,low
804.0,0.9689907004718843,0.9689907004718843,1,critical
805.0,0.9688293706188658,0.9688293706188658,1,high
806.0,0.9675257699033931,0.9675257699033931,1,medium
807.0,0.9639642644189547,0.9639642644189547,1,medium
808.0,0.9675394287160556,0.9675394287160556,1,medium
809.0,0.9641986547685467,0.9641986547685467,1,medium
810.0,0.9661723211195401,0.9661723211195401,1,medium
811.0,0.10452755984247956,0.10452755984247956,1,low
812.0,0.9595515952920187,0.9595515952920187,1,low
813.0,0.38710144909318345,0.38710144909318345,1,low
814.0,0.9587247122316156,0.9587247122316156,1,low
815.0,0.9674717317032281,0.9674717317032281,1,medium
816.0,0.9446367153852169,0.9446367153852169,1,low
817.0,0.9560557841427237,0.9560557841427237,1,low
818.0,0.9645921182877383,0.9645921182877383,1,medium
819.0,0.9673935718358798,0.9673935718358798,1,medium
820.0,0.9351797079627772,0.9351797079627772,1,low
821.0,0.9595515952920187,0.9595515952920187,1,low
822.0,0.9689202893220218,0.9689202893220218,1,high
823.0,0.9241730874521444,0.9241730874521444,1,low
824.0,0.9654758198032857,0.9654758198032857,1,medium
825.0,0.9688965979690377,0.9688965979690377,1,high
826.0,0.0779745472731763,0.0779745472731763,1,low
827.0,0.9630668148566346,0.9630668148566346,1,medium
828.0,0.967779790256143,0.967779790256143,1,medium
829.0,0.9641301673644533,0.9641301673644533,1,medium
830.0,0.9664321237985137,0.9664321237985137,1,medium
831.0,0.9682122509445121,0.9682122509445121,1,high
832.0,0.9617120227960011,0.9617120227960011,1,low
833.0,0.9641301673644533,0.9641301673644533,1,medium
834.0,0.3917638585177953,0.3917638585177953,1,low
835.0,0.9483203522598389,0.9483203522598389,1,low
836.0,0.9686016611900667,0.9686016611900667,1,high
837.0,0.9682799996231085,0.9682799996231085,1,high
838.0,0.9095849162904533,0.9095849162904533,1,low
839.0,0.9671850651566573,0.9671850651566573,1,medium
840.0,0.9625300493542085,0.9625300493542085,1,medium
841.0,0.96143408919295,0.96143408919295,1,low
842.0,0.9679854252338277,0.9679854252338277,1,medium
843.0,0.9689212155775037,0.9689212155775037,1,high
844.0,0.968325142546564,0.968325142546564,1,high
845.0,0.9680962001964947,0.9680962001964947,1,medium
846.0,0.9651414695618935,0.9651414695618935,1,medium
847.0,0.9382829052031031,0.9382829052031031,1,low
848.0,0.8512203158574406,0.8512203158574406,1,low
849.0,0.9682048874602204,0.9682048874602204,1,high
850.0,0.9488007076930405,0.9488007076930405,1,low
851.0,0.8527794382706956,0.8527794382706956,1,low
852.0,0.9559539335380518,0.9559539335380518,1,low
853.0,0.9680274351854772,0.9680274351854772,1,medium
854.0,0.9661759846239967,0.9661759846239967,1,medium
855.0,0.965757881703197,0.965757881703197,1,medium
856.0,0.9674672122026609,0.9674672122026609,1,medium
857.0,0.9685642591360426,0.9685642591360426,1,high
858.0,0.9057084493456832,0.9057084493456832,1,low
859.0,0.9523921122199256,0.9523921122199256,1,low
860.0,0.9149514853283529,0.9149514853283529,1,low
861.0,0.8672284902253562,0.8672284902253562,1,low
862.0,0.6840690857718831,0.6840690857718831,1,low
863.0,0.9690232585327507,0.9690232585327507,1,critical
864.0,0.9612696827431345,0.9612696827431345,1,low
865.0,0.9668276932764135,0.9668276932764135,1,medium
866.0,0.9632658173207286,0.9632658173207286,1,medium
867.0,0.9250744397345599,0.9250744397345599,1,low
868.0,0.5133769326101425,0.5133769326101425,1,low
869.0,0.9544859987182296,0.9544859987182296,1,low
870.0,0.9411521063971348,0.9411521063971348,1,low
871.0,0.9133013635834527,0.9133013635834527,1,low
872.0,0.9680941247313225,0.9680941247313225,1,medium
873.0,0.9582748325024112,0.9582748325024112,1,low
874.0,0.9663013424478377,0.9663013424478377,1,medium
875.0,0.9667159425395923,0.9667159425395923,1,medium
876.0,0.9484468479989449,0.9484468479989449,1,low
877.0,0.9690586125735763,0.9690586125735763,1,critical
878.0,0.9689139422967257,0.9689139422967257,1,high
879.0,0.9587291363986621,0.9587291363986621,1,low
880.0,0.9638762818365679,0.9638762818365679,1,medium
881.0,0.9653761475481176,0.9653761475481176,1,medium
882.0,0.9687771838751962,0.9687771838751962,1,high
883.0,0.9362407745422826,0.9362407745422826,1,low
884.0,0.9595515952920187,0.9595515952920187,1,low
885.0,0.9384698309019811,0.9384698309019811,1,low
886.0,0.9689212155775037,0.9689212155775037,1,high
887.0,0.9654746761397061,0.9654746761397061,1,medium
888.0,0.9370702744200002,0.9370702744200002,1,low
889.0,0.9489613192642232,0.9489613192642232,1,low
890.0,0.9366435946451569,0.9366435946451569,1,low
891.0,0.9575924808082762,0.9575924808082762,1,low
892.0,0.38983626581933867,0.38983626581933867,1,low
893.0,0.9564282781392835,0.9564282781392835,1,low
894.0,0.2072008557075078,0.2072008557075078,1,low
895.0,0.9689192306334928,0.9689192306334928,1,high
896.0,0.965564784386781,0.965564784386781,1,medium
897.0,0.9456838693515907,0.9456838693515907,1,low
898.0,0.9676861445618451,0.9676861445618451,1,medium
899.0,0.9668185133812779,0.9668185133812779,1,medium
900.0,0.9690232585327507,0.9690232585327507,1,critical
901.0,0.9612826675811169,0.9612826675811169,1,low
902.0,0.9689029793564418,0.9689029793564418,1,high
903.0,0.9656836677498791,0.9656836677498791,1,medium
904.0,0.9638556062330688,0.9638556062330688,1,medium
905.0,0.7702024033555203,0.7702024033555203,1,low
906.0,0.9685341943976703,0.9685341943976703,1,high
907.0,0.9620161993230063,0.9620161993230063,1,low
908.0,0.946712534535572,0.946712534535572,1,low
909.0,0.9690304333653744,0.9690304333653744,1,critical
910.0,0.9689896431019059,0.9689896431019059,1,critical
911.0,0.9233722039099069,0.9233722039099069,1,low
912.0,0.8351026584823176,0.8351026584823176,1,low
913.0,0.9689212155775037,0.9689212155775037,1,high
914.0,0.9666434217098518,0.9666434217098518,1,medium
915.0,0.9380209827504489,0.9380209827504489,1,low
916.0,0.8938163978166122,0.8938163978166122,1,low
917.0,0.9648954472057988,0.9648954472057988,1,medium
918.0,0.9312438689706406,0.9312438689706406,1,low
919.0,0.8823172984924069,0.8823172984924069,1,low
920.0,0.964835271212432,0.964835271212432,1,medium
921.0,0.9613828411802761,0.9613828411802761,1,low
922.0,0.9690304333653744,0.9690304333653744,1,critical
923.0,0.9628948231965057,0.9628948231965057,1,medium
924.0,0.9667506742593911,0.9667506742593911,1,medium
925.0,0.9588352549211762,0.9588352549211762,1,low
926.0,0.9660395469784128,0.9660395469784128,1,medium
927.0,0.9202186168730533,0.9202186168730533,1,low
928.0,0.9689993226464603,0.9689993226464603,1,critical
929.0,0.9639985085058917,0.9639985085058917,1,medium
930.0,0.9668035101373341,0.9668035101373341,1,medium
931.0,0.9663517669972124,0.9663517669972124,1,medium
932.0,0.08784850481710167,0.08784850481710167,1,low
933.0,0.966876403528398,0.966876403528398,1,medium
934.0,0.9687624719157517,0.9687624719157517,1,high
935.0,0.9686150984009537,0.9686150984009537,1,high
936.0,0.9528439055169947,0.9528439055169947,1,low
937.0,0.04594714985891085,0.04594714985891085,1,low
938.0,0.9404070543956746,0.9404070543956746,1,low
939.0,0.9685598064258606,0.9685598064258606,1,high
940.0,0.9690232585327507,0.9690232585327507,1,critical
941.0,0.8741187998716665,0.8741187998716665,1,low
942.0,0.9497583586963981,0.9497583586963981,1,low
943.0,0.5594993691012358,0.5594993691012358,1,low
944.0,0.8669329018236239,0.8669329018236239,1,low
945.0,0.9465113970585607,0.9465113970585607,1,low
946.0,0.8739250292733556,0.8739250292733556,1,low
947.0,0.9555660843436643,0.9555660843436643,1,low
948.0,0.9658389051370951,0.9658389051370951,1,medium
949.0,0.9274726713191951,0.9274726713191951,1,low
950.0,0.9689212155775037,0.9689212155775037,1,high
951.0,0.9689016362175287,0.9689016362175287,1,high
952.0,0.9683091965058092,0.9683091965058092,1,high
953.0,0.9683124763827543,0.9683124763827543,1,high
954.0,0.9637987697742855,0.9637987697742855,1,medium
955.0,0.9689029793564418,0.9689029793564418,1,high
956.0,0.967566409317028,0.967566409317028,1,medium
957.0,0.9608197613029917,0.9608197613029917,1,low
958.0,0.16319007826771129,0.16319007826771129,1,low
959.0,0.9663560516186381,0.9663560516186381,1,medium
960.0,0.9666537725997237,0.9666537725997237,1,medium
961.0,0.8701708144236999,0.8701708144236999,1,low
962.0,0.9682799996231085,0.9682799996231085,1,high
963.0,0.9653740833670343,0.9653740833670343,1,medium
964.0,0.9685487110675579,0.9685487110675579,1,high
965.0,0.9355218359923126,0.9355218359923126,1,low
966.0,0.968791277878719,0.968791277878719,1,high
967.0,0.966924158413545,0.966924158413545,1,medium
968.0,0.9355153835701703,0.9355153835701703,1,low
969.0,0.9687153350401229,0.9687153350401229,1,high
970.0,0.16319007826771129,0.16319007826771129,1,low
971.0,0.9685098009543749,0.9685098009543749,1,high
972.0,0.9678074783994456,0.9678074783994456,1,medium
973.0,0.9682799996231085,0.9682799996231085,1,high
974.0,0.9554014977129354,0.9554014977129354,1,low
975.0,0.9642337427167386,0.9642337427167386,1,medium
976.0,0.9613887518113878,0.9613887518113878,1,low
977.0,0.9684653457070027,0.9684653457070027,1,high
978.0,0.9283349537136595,0.9283349537136595,1,low
979.0,0.95377540494384,0.95377540494384,1,low
980.0,0.9689192306334928,0.9689192306334928,1,high
981.0,0.967947643318681,0.967947643318681,1,medium
982.0,0.9681916251176488,0.9681916251176488,1,high
983.0,0.9687851206915327,0.9687851206915327,1,high
984.0,0.8483442919725198,0.8483442919725198,1,low
985.0,0.9527623584677313,0.9527623584677313,1,low
986.0,0.6533131604875203,0.6533131604875203,1,low
987.0,0.7338151118265307,0.7338151118265307,1,low
988.0,0.9518409342746468,0.9518409342746468,1,low
989.0,0.9674397137634689,0.9674397137634689,1,medium
990.0,0.9691004355855987,0.9691004355855987,1,critical
991.0,0.9635544344014448,0.9635544344014448,1,medium
992.0,0.9689139422967257,0.9689139422967257,1,high
993.0,0.8141373280918561,0.8141373280918561,1,low
994.0,0.9634604080435082,0.9634604080435082,1,medium
995.0,0.9689029793564418,0.9689029793564418,1,high
996.0,0.7736975567381176,0.7736975567381176,1,low
997.0,0.9685598064258606,0.9685598064258606,1,high
998.0,0.04578882291544115,0.04578882291544115,1,low
999.0,0.9661759846239967,0.9661759846239967,1,medium
