district,sector,month,psu,snumber,hhno,nhh,result,person_serial_no,residence,relationship,sex,birth_year,birth_month,age,registration,ethnicity,religion,marital_status,curr_educ,education,main_activity,is_active,main_occupation,industry,employment_status,uresidencf,live,finalweight,B_year
11,*,1,11,1,1,1,1,1,1,1,*,11,2,*,1,1,4,*,9.0,*,1.0,1.0,7531.0,*,5.0,,,392.4425353,11
11,*,1,11,1,1,1,1,2,1,2,*,11,8,*,1,1,4,*,9.0,*,1.0,1.0,8350.0,*,3.0,,,392.4425353,11
11,Bin_1,1,11,1,1,1,1,3,1,3,Bin_5,11,3,Bin_1,1,1,4,Bin_1,6.0,Bin_3,8.0,2.0,,,,,,392.4425353,11
11,Bin_1,1,11,1,1,1,1,4,1,3,Bin_1,11,3,Bin_1,1,1,4,Bin_1,1.0,,,,,,,,,392.4425353,11
11,*,1,11,3,1,1,1,1,1,1,*,11,10,*,1,1,4,*,9.0,*,1.0,1.0,5211.0,*,6.0,,,392.4425353,11
11,*,1,11,3,1,1,1,2,1,3,*,11,4,*,1,1,4,*,9.0,*,1.0,1.0,2342.0,*,3.0,,,392.4425353,11
11,*,1,11,3,1,1,1,3,1,5,*,11,9,*,1,1,4,*,9.0,*,1.0,1.0,3113.0,*,3.0,,,392.4425353,11
11,Bin_1,1,11,3,1,1,1,4,1,5,Bin_5,11,3,Bin_1,1,1,4,Bin_1,1.0,,,,,,,,,392.4425353,11
11,Bin_1,1,11,3,1,1,1,5,1,5,Bin_5,11,4,Bin_1,1,1,4,Bin_1,,,,,,,,,,392.4425353,11
11,Bin_1,1,11,3,1,1,1,6,2,5,Bin_5,11,6,Bin_5,1,1,4,Bin_3,9.0,Bin_2,,,,,,1.0,3.0,392.4425353,11
11,Bin_1,1,11,3,1,1,1,7,1,2,Bin_1,11,12,Bin_4,1,1,4,Bin_1,9.0,Bin_3,1.0,1.0,5221.0,Bin_3,5.0,,,392.4425353,11
11,*,1,11,5,1,1,1,1,1,1,*,11,8,*,1,4,3,*,9.0,*,1.0,1.0,8323.0,*,3.0,,,392.4425353,11
11,*,1,11,5,1,1,1,2,1,2,*,11,8,*,1,1,1,*,9.0,*,1.0,1.0,7531.0,*,5.0,,,392.4425353,11
11,*,1,11,5,1,1,1,3,1,3,*,11,9,*,1,4,3,*,9.0,*,1.0,1.0,7412.0,*,3.0,,,392.4425353,11
11,Bin_1,1,11,5,1,1,1,4,1,3,Bin_1,11,1,Bin_1,1,4,3,Bin_1,2.0,Bin_3,8.0,2.0,,,,,,392.4425353,11
11,Bin_1,1,11,5,1,1,1,5,1,3,Bin_5,11,3,Bin_1,1,4,3,Bin_1,2.0,Bin_3,,,,,,,,392.4425353,11
11,*,1,11,5,1,1,1,6,1,4,*,11,7,*,1,4,3,*,9.0,*,1.0,1.0,4212.0,*,3.0,,,392.4425353,11
11,*,1,11,6,1,1,1,1,1,1,*,11,9,*,1,4,3,*,9.0,*,1.0,1.0,8323.0,*,5.0,,,392.4425353,11
11,Bin_1,1,11,6,1,1,1,2,1,2,Bin_5,11,10,Bin_4,1,4,3,Bin_1,9.0,Bin_1,7.0,2.0,,,,,,392.4425353,11
11,*,1,11,6,1,1,1,3,1,3,*,11,2,*,1,4,3,*,9.0,*,1.0,1.0,3322.0,*,3.0,,,392.4425353,11
11,Bin_1,1,11,6,1,1,1,4,1,3,Bin_5,11,5,Bin_2,1,4,3,Bin_1,9.0,Bin_3,7.0,2.0,,,,,,392.4425353,11
11,*,1,11,6,1,1,1,5,1,5,*,11,5,*,1,4,3,*,9.0,*,1.0,1.0,5211.0,*,3.0,,,392.4425353,11
11,Bin_1,1,11,6,1,1,1,6,1,5,Bin_1,11,5,Bin_1,1,4,3,Bin_1,2.0,Bin_1,,,,,,,,392.4425353,11
11,Bin_1,1,11,6,1,1,1,7,1,5,Bin_5,11,3,Bin_1,1,4,3,Bin_1,,,,,,,,,,392.4425353,11
11,*,1,11,7,1,1,1,1,1,1,*,11,1,*,1,1,4,*,9.0,*,1.0,1.0,3313.0,*,3.0,,,392.4425353,11
11,Bin_1,1,11,7,1,1,1,2,1,5,Bin_1,11,10,Bin_1,1,1,4,Bin_1,2.0,Bin_4,8.0,2.0,,,,,,392.4425353,11
11,Bin_1,1,11,7,1,1,1,3,1,4,Bin_5,11,7,Bin_3,1,1,4,Bin_3,9.0,Bin_3,7.0,2.0,,,,,,392.4425353,11
11,*,1,11,7,1,1,1,4,1,5,*,11,4,*,1,1,4,*,9.0,*,1.0,1.0,5311.0,*,3.0,,,392.4425353,11
11,Bin_1,1,11,8,1,1,1,1,1,1,Bin_1,11,11,Bin_3,1,2,2,Bin_1,9.0,Bin_3,1.0,1.0,7116.0,Bin_3,3.0,,,392.4425353,11
11,*,1,11,8,1,1,1,2,1,2,*,11,6,*,1,2,2,*,9.0,*,1.0,1.0,9111.0,*,3.0,,,392.4425353,11
11,Bin_1,1,11,8,1,1,1,3,1,3,Bin_1,11,2,Bin_1,1,2,2,Bin_1,2.0,Bin_3,8.0,2.0,,,,,,392.4425353,11
11,Bin_1,1,11,8,1,1,1,4,1,3,Bin_1,11,4,Bin_1,1,2,2,Bin_1,2.0,Bin_2,,,,,,,,392.4425353,11
11,Bin_1,1,11,8,1,1,1,5,1,3,Bin_5,11,8,Bin_1,1,2,2,Bin_1,2.0,Bin_2,,,,,,,,392.4425353,11
11,*,1,11,9,1,1,1,1,1,1,*,11,7,*,1,1,1,*,9.0,*,1.0,1.0,7131.0,*,3.0,,,392.4425353,11
11,*,1,11,9,1,1,1,2,1,2,*,11,10,*,1,2,2,*,9.0,*,1.0,1.0,9111.0,*,3.0,,,392.4425353,11
11,Bin_1,1,11,9,1,1,1,3,1,3,Bin_1,11,4,Bin_1,1,1,1,Bin_1,2.0,Bin_2,,,,,,,,392.4425353,11
11,Bin_1,1,11,9,1,1,1,4,1,3,Bin_5,11,2,Bin_1,1,1,1,Bin_1,2.0,Bin_2,,,,,,,,392.4425353,11
11,Bin_1,1,11,1,1,1,1,1,1,1,Bin_1,11,6,Bin_3,1,4,3,Bin_1,9.0,Bin_4,1.0,1.0,1221.0,Bin_3,4.0,,,298.0423127,11
11,Bin_1,1,11,1,1,1,1,2,1,2,Bin_5,11,8,Bin_3,1,4,3,Bin_1,9.0,Bin_3,7.0,2.0,,,,,,298.0423127,11
11,*,1,11,1,1,1,1,3,1,3,*,11,9,*,1,4,3,*,9.0,*,1.0,1.0,5211.0,*,3.0,,,298.0423127,11
11,Bin_1,1,11,1,1,1,1,4,1,3,Bin_1,11,1,Bin_2,1,4,3,Bin_1,4.0,Bin_4,8.0,2.0,,,,,,298.0423127,11
11,Bin_1,1,11,1,1,1,1,5,1,3,Bin_1,11,2,Bin_1,1,4,3,Bin_1,2.0,Bin_3,,,,,,,,298.0423127,11
11,Bin_1,1,11,2,1,1,1,1,1,1,Bin_1,11,3,Bin_4,1,4,3,Bin_1,9.0,Bin_4,4.0,2.0,,,,,,298.0423127,11
11,Bin_1,1,11,2,1,1,1,2,1,2,Bin_5,11,9,Bin_4,1,4,3,Bin_1,9.0,Bin_3,7.0,2.0,,,,,,298.0423127,11
11,*,1,11,2,1,1,1,3,1,3,*,11,1,*,1,4,3,*,9.0,*,1.0,1.0,2330.0,*,1.0,,,298.0423127,11
11,Bin_1,1,11,2,1,1,1,4,1,3,Bin_5,11,8,Bin_2,1,4,3,Bin_1,3.0,Bin_4,8.0,2.0,,,,,,298.0423127,11
11,Bin_1,1,11,2,1,1,1,5,1,5,Bin_5,11,1,Bin_1,1,4,3,Bin_1,1.0,,,,,,,,,298.0423127,11
11,Bin_1,1,11,3,1,1,1,1,1,1,Bin_5,11,12,Bin_4,1,4,3,Bin_3,9.0,Bin_3,7.0,2.0,,,,,,298.0423127,11
11,*,1,11,4,1,1,1,1,1,1,*,11,5,*,1,1,1,*,9.0,*,1.0,1.0,9112.0,*,3.0,,,298.0423127,11
11,Bin_1,1,11,4,1,1,1,2,1,2,Bin_5,11,4,Bin_4,1,1,1,Bin_1,9.0,Bin_3,7.0,2.0,,,,,,298.0423127,11
11,Bin_1,1,11,4,1,1,1,3,1,5,Bin_5,11,6,Bin_5,1,1,1,Bin_3,9.0,Bin_2,9.0,2.0,,,,,,298.0423127,11
11,*,1,11,4,1,1,1,4,1,3,*,11,9,*,1,1,1,*,9.0,*,1.0,1.0,4110.0,*,1.0,,,298.0423127,11
11,Bin_1,1,11,4,1,1,1,5,1,5,Bin_5,11,8,Bin_2,1,1,1,Bin_1,9.0,Bin_4,7.0,2.0,,,,,,298.0423127,11
11,Bin_1,1,11,4,1,1,1,6,1,5,Bin_5,11,8,Bin_1,1,1,1,Bin_1,2.0,Bin_3,8.0,2.0,,,,,,298.0423127,11
11,Bin_1,1,11,4,1,1,1,7,1,5,Bin_1,11,11,Bin_1,1,1,1,Bin_1,2.0,Bin_1,,,,,,,,298.0423127,11
11,Bin_1,1,11,5,1,1,1,1,1,1,Bin_1,11,6,Bin_3,1,1,1,Bin_1,9.0,Bin_4,4.0,2.0,,,,,,298.0423127,11
11,Bin_1,1,11,5,1,1,1,2,1,2,Bin_5,11,6,Bin_3,1,1,1,Bin_1,9.0,Bin_3,7.0,2.0,,,,,,298.0423127,11
11,*,1,11,5,1,1,1,3,1,3,*,11,8,*,1,1,1,*,9.0,*,1.0,1.0,3349.0,*,3.0,,,298.0423127,11
11,Bin_1,1,11,5,1,1,1,4,1,3,Bin_1,11,7,Bin_2,1,1,1,Bin_1,2.0,Bin_4,8.0,2.0,,,,,,298.0423127,11
11,Bin_1,1,11,6,1,1,1,1,1,1,Bin_5,11,6,Bin_5,1,1,1,Bin_1,9.0,Bin_3,9.0,2.0,,,,,,298.0423127,11
11,Bin_1,1,11,6,1,1,1,2,1,2,Bin_1,11,3,Bin_5,1,1,1,Bin_1,9.0,Bin_2,9.0,2.0,,,,,,298.0423127,11
11,*,1,11,6,1,1,1,3,1,3,*,11,4,*,1,1,1,*,9.0,*,1.0,1.0,8152.0,*,3.0,,,298.0423127,11
11,Bin_1,1,11,9,1,1,1,1,1,1,Bin_1,11,7,Bin_3,1,1,4,Bin_1,9.0,Bin_4,1.0,1.0,7116.0,Bin_3,3.0,,,298.0423127,11
11,*,1,11,9,1,1,1,2,1,2,*,11,5,*,1,1,4,*,9.0,*,1.0,1.0,9112.0,*,1.0,,,298.0423127,11
11,*,1,11,9,1,1,1,3,1,3,*,11,3,*,1,1,4,*,9.0,*,1.0,1.0,2342.0,*,3.0,,,298.0423127,11
11,*,1,11,1,1,1,1,1,1,1,*,11,11,*,1,1,1,*,9.0,*,1.0,1.0,3115.0,*,3.0,,,271.9852019,11
11,*,1,11,1,1,1,1,2,1,2,*,11,12,*,1,1,1,*,9.0,*,1.0,1.0,5221.0,*,5.0,,,271.9852019,11
11,Bin_1,1,11,1,1,1,1,3,1,3,Bin_1,11,5,Bin_1,1,1,1,Bin_1,2.0,Bin_1,,,,,,,,271.9852019,11
11,Bin_1,1,11,1,1,1,1,4,1,3,Bin_1,11,10,Bin_1,1,1,1,Bin_1,2.0,Bin_1,,,,,,,,271.9852019,11
11,Bin_1,1,11,1,1,1,1,5,1,4,Bin_5,11,6,Bin_5,1,1,1,Bin_3,9.0,Bin_2,9.0,2.0,,,,,,271.9852019,11
11,*,1,11,1,1,1,1,6,1,7,*,11,5,*,1,1,1,*,9.0,*,1.0,1.0,3111.0,*,1.0,,,271.9852019,11
11,*,1,11,1,1,1,1,7,1,7,*,11,4,*,1,1,1,*,9.0,*,1.0,1.0,4110.0,*,1.0,,,271.9852019,11
11,*,1,11,2,1,1,1,1,1,1,*,11,8,*,1,1,1,*,9.0,*,1.0,1.0,4321.0,*,3.0,,,271.9852019,11
11,*,1,11,2,1,1,1,2,1,2,*,11,5,*,1,1,1,*,9.0,*,1.0,1.0,4311.0,*,3.0,,,271.9852019,11
11,Bin_1,1,11,2,1,1,1,3,1,3,Bin_1,11,3,Bin_1,1,1,1,Bin_1,2.0,Bin_1,,,,,,,,271.9852019,11
11,*,1,11,3,1,1,1,1,1,1,*,11,1,*,1,1,1,*,9.0,*,1.0,1.0,7421.0,*,5.0,,,271.9852019,11
11,*,1,11,3,1,1,1,2,1,2,*,11,8,*,1,1,1,*,9.0,*,1.0,1.0,9112.0,*,6.0,,,271.9852019,11
11,*,1,11,3,1,1,1,3,1,3,*,11,11,*,1,1,1,*,4.0,*,1.0,1.0,3511.0,*,1.0,,,271.9852019,11
11,Bin_1,1,11,3,1,1,1,4,1,3,Bin_5,11,1,Bin_1,1,1,1,Bin_1,6.0,Bin_3,8.0,2.0,,,,,,271.9852019,11
11,Bin_1,1,11,3,1,1,1,5,1,3,Bin_5,11,3,Bin_1,1,1,1,Bin_1,2.0,Bin_2,,,,,,,,271.9852019,11
11,Bin_1,1,11,3,1,1,1,6,1,4,Bin_5,11,9,Bin_4,1,1,1,Bin_3,9.0,Bin_4,9.0,2.0,,,,,,271.9852019,11
11,Bin_1,1,11,4,1,1,1,1,1,1,Bin_5,11,3,Bin_3,1,1,1,Bin_1,9.0,Bin_4,7.0,2.0,,,,,,271.9852019,11
11,Bin_1,1,11,4,1,1,1,2,2,2,Bin_1,11,5,Bin_3,1,1,1,Bin_1,9.0,Bin_4,,,,,,2.0,1.0,271.9852019,11
11,Bin_1,1,11,4,1,1,1,3,1,3,Bin_1,11,12,Bin_1,1,1,1,Bin_1,2.0,Bin_1,,,,,,,,271.9852019,11
11,Bin_1,1,11,4,1,1,1,4,1,3,Bin_1,11,2,Bin_1,1,1,1,Bin_1,1.0,,,,,,,,,271.9852019,11
11,Bin_1,1,11,4,1,1,1,5,1,5,Bin_1,11,10,Bin_4,1,1,1,Bin_1,9.0,Bin_3,4.0,2.0,,,,,,271.9852019,11
11,*,1,11,5,1,1,1,1,1,1,*,11,7,*,1,1,1,*,9.0,*,1.0,1.0,1321.0,*,5.0,,,271.9852019,11
11,*,1,11,5,1,1,1,2,1,2,*,11,8,*,1,1,1,*,9.0,*,1.0,1.0,9112.0,*,6.0,,,271.9852019,11
11,Bin_1,1,11,5,1,1,1,3,1,3,Bin_5,11,7,Bin_1,1,1,1,Bin_1,2.0,Bin_2,,,,,,,,271.9852019,11
11,Bin_1,1,11,5,1,1,1,4,1,3,Bin_5,11,11,Bin_1,1,1,1,Bin_1,2.0,Bin_2,,,,,,,,271.9852019,11
11,Bin_1,1,11,5,1,1,1,5,1,4,Bin_1,11,11,Bin_5,1,1,1,Bin_1,9.0,Bin_3,9.0,2.0,,,,,,271.9852019,11
11,Bin_1,1,11,5,1,1,1,6,1,4,Bin_5,11,2,Bin_4,1,1,1,Bin_1,9.0,Bin_3,7.0,2.0,,,,,,271.9852019,11
11,*,1,11,6,1,1,1,1,1,1,*,11,9,*,1,1,1,*,9.0,*,1.0,1.0,3322.0,*,3.0,,,271.9852019,11
11,*,1,11,6,1,1,1,2,1,2,*,11,6,*,1,1,1,*,9.0,*,1.0,1.0,3341.0,*,3.0,,,271.9852019,11
11,Bin_1,1,11,6,1,1,1,3,1,3,Bin_1,11,12,Bin_1,1,1,1,Bin_1,2.0,Bin_1,,,,,,,,271.9852019,11
11,Bin_1,1,11,6,1,1,1,4,1,3,Bin_1,11,8,Bin_1,1,1,1,Bin_1,,,,,,,,,,271.9852019,11
11,*,1,11,6,1,1,1,5,1,6,*,11,1,*,1,1,1,*,9.0,*,1.0,1.0,9111.0,*,3.0,,,271.9852019,11
11,*,1,11,7,1,1,1,1,1,1,*,11,11,*,1,1,1,*,9.0,*,1.0,1.0,7531.0,*,3.0,,,271.9852019,11
11,Bin_1,1,11,7,1,1,1,2,2,2,Bin_1,11,10,Bin_4,1,1,1,Bin_1,9.0,Bin_3,,,,,,1.0,1.0,271.9852019,11
11,*,1,11,7,1,1,1,3,1,3,*,11,10,*,1,1,1,*,5.0,*,1.0,1.0,5414.0,*,3.0,,,271.9852019,11
11,Bin_1,1,11,7,1,1,1,4,1,3,Bin_5,11,10,Bin_2,1,1,1,Bin_1,9.0,Bin_4,3.0,2.0,,,,,,271.9852019,11
11,Bin_1,1,11,8,1,1,1,1,1,1,Bin_1,11,7,Bin_5,1,1,1,Bin_1,9.0,Bin_1,5.0,2.0,,,,,,271.9852019,11
11,Bin_1,1,11,8,1,1,1,2,1,2,Bin_5,11,9,Bin_5,1,1,1,Bin_1,9.0,Bin_5,9.0,2.0,,,,,,271.9852019,11
11,Bin_1,1,11,8,1,1,1,3,1,3,Bin_1,11,8,Bin_4,1,1,1,Bin_3,9.0,Bin_2,9.0,2.0,,,,,,271.9852019,11
11,Bin_1,1,11,8,1,1,1,4,1,3,Bin_5,11,4,Bin_2,1,1,1,Bin_5,9.0,Bin_3,7.0,2.0,,,,,,271.9852019,11
11,*,1,11,8,1,1,1,5,1,5,*,11,11,*,1,1,1,*,5.0,*,1.0,1.0,7233.0,*,3.0,,,271.9852019,11
11,Bin_1,1,11,8,1,1,1,6,1,5,Bin_5,11,10,Bin_1,1,1,1,Bin_1,2.0,Bin_3,,,,,,,,271.9852019,11
11,*,1,11,8,1,1,1,7,1,5,*,11,6,*,1,1,1,*,9.0,*,1.0,1.0,9122.0,*,3.0,,,271.9852019,11
11,Bin_1,1,11,9,1,1,1,1,1,1,Bin_1,11,2,Bin_4,1,1,1,Bin_1,9.0,Bin_3,5.0,2.0,,,,,,271.9852019,11
11,Bin_1,1,11,9,1,1,1,2,1,2,Bin_5,11,2,Bin_3,1,1,1,Bin_1,9.0,Bin_3,7.0,2.0,,,,,,271.9852019,11
11,Bin_1,1,11,10,1,1,1,1,1,1,Bin_1,11,1,Bin_3,1,1,4,Bin_1,9.0,Bin_3,99.0,2.0,,,,,,271.9852019,11
11,*,1,11,10,1,1,1,2,1,2,*,11,10,*,1,1,4,*,9.0,*,1.0,1.0,2411.0,*,2.0,,,271.9852019,11
11,Bin_1,1,11,10,1,1,1,3,1,3,Bin_5,11,10,Bin_1,1,1,4,Bin_1,2.0,Bin_3,8.0,2.0,,,,,,271.9852019,11
11,Bin_1,1,11,10,1,1,1,4,1,3,Bin_5,11,9,Bin_1,1,1,4,Bin_1,2.0,Bin_2,,,,,,,,271.9852019,11
11,*,1,11,1,1,1,1,1,1,1,*,11,3,*,1,1,1,*,9.0,*,1.0,1.0,1213.0,*,3.0,,,361.6920328,11
11,*,1,11,1,1,1,1,2,1,2,*,11,7,*,1,1,1,*,9.0,*,1.0,1.0,4110.0,*,1.0,,,361.6920328,11
11,Bin_1,1,11,1,1,1,1,3,1,3,Bin_1,11,11,Bin_1,1,1,1,Bin_1,,,,,,,,,,361.6920328,11
11,*,1,11,2,1,1,1,1,1,1,*,11,1,*,1,1,1,*,9.0,*,1.0,1.0,8122.0,*,3.0,,,361.6920328,11
11,Bin_1,1,11,5,1,1,1,1,1,1,Bin_5,11,11,Bin_3,1,1,1,Bin_1,9.0,Bin_2,7.0,2.0,,,,,,361.6920328,11
11,*,1,11,5,1,1,1,2,1,2,*,11,5,*,1,1,1,*,9.0,*,1.0,1.0,7116.0,*,3.0,,,361.6920328,11
11,Bin_1,1,11,5,1,1,1,3,1,3,Bin_5,11,6,Bin_1,1,1,1,Bin_1,2.0,Bin_4,8.0,2.0,,,,,,361.6920328,11
11,Bin_1,1,11,5,1,1,1,4,1,3,Bin_5,11,6,Bin_1,1,1,1,Bin_1,2.0,Bin_1,,,,,,,,361.6920328,11
11,Bin_1,1,11,5,1,1,1,5,1,3,Bin_5,11,1,Bin_1,1,1,1,Bin_1,1.0,,,,,,,,,361.6920328,11
11,Bin_1,1,11,6,1,1,1,1,1,1,Bin_1,11,3,Bin_3,1,1,1,Bin_1,9.0,Bin_3,1.0,1.0,1321.0,Bin_1,4.0,,,361.6920328,11
11,*,1,11,6,1,1,1,2,1,2,*,11,5,*,1,1,1,*,9.0,*,2.0,1.0,7319.0,*,6.0,,,361.6920328,11
11,Bin_1,1,11,6,1,1,1,3,1,3,Bin_1,11,12,Bin_1,1,1,1,Bin_1,2.0,Bin_3,8.0,2.0,,,,,,361.6920328,11
11,Bin_1,1,11,6,1,1,1,4,1,3,Bin_5,11,8,Bin_1,1,1,1,Bin_1,2.0,Bin_1,,,,,,,,361.6920328,11
11,*,1,11,7,1,1,1,1,1,1,*,11,12,*,1,1,1,*,9.0,*,1.0,1.0,8122.0,*,3.0,,,361.6920328,11
11,Bin_1,1,11,7,1,1,1,2,1,2,Bin_5,11,5,Bin_3,1,1,1,Bin_1,9.0,Bin_3,7.0,2.0,,,,,,361.6920328,11
11,Bin_1,1,11,7,1,1,1,3,1,3,Bin_1,11,8,Bin_1,1,1,1,Bin_1,2.0,Bin_3,8.0,2.0,,,,,,361.6920328,11
11,Bin_1,1,11,7,1,1,1,4,1,3,Bin_1,11,10,Bin_1,1,1,1,Bin_1,2.0,Bin_2,,,,,,,,361.6920328,11
11,*,1,11,8,1,1,1,1,1,1,*,11,6,*,1,1,1,*,9.0,*,1.0,1.0,9321.0,*,3.0,,,361.6920328,11
11,*,1,11,8,1,1,1,2,1,3,*,11,6,*,1,1,1,*,9.0,*,1.0,1.0,8152.0,*,3.0,,,361.6920328,11
11,Bin_1,1,11,8,1,1,1,3,1,3,Bin_1,11,5,Bin_1,1,1,1,Bin_1,2.0,Bin_4,8.0,2.0,,,,,,361.6920328,11
11,Bin_1,1,11,8,1,1,1,4,1,3,Bin_5,11,4,Bin_1,1,1,1,Bin_1,2.0,Bin_2,,,,,,,,361.6920328,11
11,Bin_1,1,11,8,1,1,1,5,1,5,Bin_5,11,1,Bin_4,1,1,1,Bin_3,9.0,Bin_3,7.0,2.0,,,,,,361.6920328,11
11,*,1,11,9,1,1,1,1,1,1,*,11,3,*,1,1,1,*,9.0,*,1.0,1.0,4311.0,*,3.0,,,361.6920328,11
11,Bin_1,1,11,9,1,1,1,2,1,2,Bin_5,11,1,Bin_4,1,1,1,Bin_1,9.0,Bin_4,7.0,2.0,,,,,,361.6920328,11
11,Bin_1,1,11,9,1,1,1,3,1,3,Bin_5,11,3,Bin_1,1,1,1,Bin_1,2.0,Bin_3,8.0,2.0,,,,,,361.6920328,11
11,Bin_1,1,11,10,1,1,1,1,1,1,Bin_1,11,11,Bin_5,1,1,1,Bin_1,9.0,Bin_2,5.0,2.0,,,,,,361.6920328,11
11,Bin_1,1,11,10,1,1,1,2,1,2,Bin_5,11,7,Bin_4,1,1,1,Bin_1,9.0,Bin_2,7.0,2.0,,,,,,361.6920328,11
11,Bin_1,1,11,1,1,1,1,1,1,1,Bin_1,11,4,Bin_3,1,1,1,Bin_1,9.0,Bin_3,1.0,1.0,6121.0,Bin_1,5.0,,,436.4627395,11
11,*,1,11,1,1,1,1,2,1,2,*,11,3,*,1,1,1,*,9.0,*,1.0,1.0,6117.0,*,5.0,,,436.4627395,11
11,Bin_1,1,11,1,1,1,1,3,1,3,Bin_5,11,4,Bin_2,1,1,1,Bin_1,3.0,Bin_4,8.0,2.0,,,,,,436.4627395,11
11,Bin_1,1,11,1,1,1,1,4,1,3,Bin_5,11,2,Bin_1,1,1,1,Bin_1,2.0,Bin_3,8.0,2.0,,,,,,436.4627395,11
11,Bin_1,1,11,1,1,1,1,5,1,3,Bin_5,11,2,Bin_1,1,1,1,Bin_1,2.0,Bin_3,8.0,2.0,,,,,,436.4627395,11
11,*,1,11,2,1,1,1,1,1,1,*,11,5,*,1,1,1,*,9.0,*,1.0,1.0,9322.0,*,3.0,,,436.4627395,11
11,Bin_1,1,11,2,1,1,1,2,1,3,Bin_5,11,11,Bin_2,1,1,1,Bin_1,4.0,Bin_4,8.0,2.0,,,,,,436.4627395,11
11,Bin_1,1,11,2,1,1,1,3,1,3,Bin_1,11,7,Bin_1,1,1,1,Bin_1,2.0,Bin_3,8.0,2.0,,,,,,436.4627395,11
11,Bin_1,1,11,2,1,1,1,4,2,2,Bin_1,11,4,Bin_3,1,1,1,Bin_1,9.0,Bin_3,,,,,,1.0,1.0,436.4627395,11
11,Bin_1,1,11,3,1,1,1,1,1,1,Bin_5,11,3,Bin_3,1,1,1,Bin_1,9.0,Bin_3,7.0,2.0,,,,,,436.4627395,11
11,*,1,11,3,1,1,1,2,1,3,*,11,3,*,1,1,1,*,9.0,*,1.0,1.0,5412.0,*,1.0,,,436.4627395,11
11,*,1,11,3,1,1,1,3,1,3,*,11,4,*,1,1,1,*,9.0,*,1.0,1.0,3122.0,*,3.0,,,436.4627395,11
11,*,1,11,3,1,1,1,4,1,3,*,11,11,*,1,1,1,*,9.0,*,1.0,1.0,7322.0,*,3.0,,,436.4627395,11
11,Bin_1,1,11,3,1,1,1,5,2,2,Bin_1,11,3,Bin_4,1,1,1,Bin_1,9.0,Bin_3,,,,,,1.0,1.0,436.4627395,11
11,Bin_1,1,11,4,1,1,1,1,1,1,Bin_1,11,11,Bin_4,1,1,1,Bin_1,9.0,Bin_3,1.0,1.0,7116.0,Bin_3,3.0,,,436.4627395,11
11,*,1,11,4,1,1,1,2,1,2,*,11,9,*,1,1,1,*,9.0,*,1.0,1.0,5221.0,*,5.0,,,436.4627395,11
11,*,1,11,4,1,1,1,3,1,3,*,11,10,*,1,1,1,*,9.0,*,1.0,1.0,5211.0,*,6.0,,,436.4627395,11
11,Bin_1,1,11,4,1,1,1,4,1,5,Bin_5,11,10,Bin_5,1,1,1,Bin_3,9.0,Bin_2,9.0,2.0,,,,,,436.4627395,11
11,Bin_1,1,11,6,1,1,1,1,1,1,Bin_1,11,9,Bin_3,1,1,1,Bin_1,9.0,Bin_3,1.0,1.0,8323.0,Bin_3,5.0,,,436.4627395,11
11,Bin_1,1,11,6,1,1,1,2,1,2,Bin_5,11,11,Bin_2,1,1,1,Bin_1,9.0,Bin_3,7.0,2.0,,,,,,436.4627395,11
11,Bin_1,1,11,6,1,1,1,3,1,3,Bin_5,11,2,Bin_1,1,1,1,Bin_1,2.0,Bin_3,,,,,,,,436.4627395,11
11,*,1,11,7,1,1,1,1,1,1,*,11,12,*,1,1,1,*,9.0,*,1.0,1.0,3113.0,*,3.0,,,436.4627395,11
11,Bin_1,1,11,7,1,1,1,2,1,2,Bin_5,11,7,Bin_2,1,1,1,Bin_1,9.0,Bin_4,7.0,2.0,,,,,,436.4627395,11
11,Bin_1,1,11,7,1,1,1,3,1,3,Bin_5,11,4,Bin_1,1,1,1,Bin_1,,,,,,,,,,436.4627395,11
11,Bin_1,1,11,9,1,1,1,1,1,1,Bin_1,11,2,Bin_4,1,1,1,Bin_1,9.0,Bin_2,9.0,2.0,,,,,,436.4627395,11
11,Bin_1,1,11,9,1,1,1,2,1,2,Bin_5,11,11,Bin_4,1,1,1,Bin_1,9.0,Bin_2,7.0,2.0,,,,,,436.4627395,11
11,*,1,11,9,1,1,1,3,1,3,*,11,3,*,1,1,1,*,9.0,*,1.0,1.0,7212.0,*,5.0,,,436.4627395,11
11,*,1,11,9,1,1,1,4,1,3,*,11,7,*,1,1,1,*,9.0,*,1.0,1.0,8189.0,*,3.0,,,436.4627395,11
11,Bin_1,1,11,10,1,1,1,1,1,1,Bin_1,11,1,Bin_5,2,1,1,Bin_3,9.0,Bin_1,9.0,2.0,,,,,,436.4627395,11
11,*,1,11,10,1,1,1,2,1,3,*,11,10,*,1,1,1,*,9.0,*,1.0,1.0,9111.0,*,3.0,,,436.4627395,11
11,*,1,11,10,1,1,1,3,1,5,*,11,2,*,1,1,1,*,9.0,*,1.0,1.0,7231.0,*,3.0,,,436.4627395,11
11,Bin_1,1,11,10,1,1,1,4,1,3,Bin_5,11,12,Bin_3,1,1,1,Bin_1,9.0,Bin_1,9.0,2.0,,,,,,436.4627395,11
11,*,1,11,1,1,1,1,1,1,1,*,11,1,*,1,1,1,*,9.0,*,1.0,1.0,1349.0,*,2.0,,,223.5695291,11
11,*,1,11,1,1,1,1,2,1,2,*,11,10,*,1,1,1,*,9.0,*,1.0,1.0,4110.0,*,2.0,,,223.5695291,11
11,Bin_5,1,11,1,1,1,1,3,1,3,Bin_1,11,10,Bin_1,1,1,1,Bin_1,2.0,Bin_4,8.0,2.0,,,,,,223.5695291,11
11,Bin_5,1,11,1,1,1,1,4,1,3,Bin_1,11,4,Bin_1,1,1,1,Bin_1,2.0,Bin_2,,,,,,,,223.5695291,11
11,Bin_5,1,11,2,1,2,1,1,1,1,Bin_5,11,1,Bin_5,1,1,1,Bin_3,9.0,Bin_1,9.0,2.0,,,,,,223.5695291,11
11,*,1,11,2,2,2,1,1,1,1,*,11,6,*,1,1,1,*,9.0,*,1.0,1.0,7214.0,*,3.0,,,223.5695291,11
11,Bin_5,1,11,2,2,2,1,2,1,2,Bin_5,11,1,Bin_2,1,1,1,Bin_1,9.0,Bin_3,7.0,2.0,,,,,,223.5695291,11
11,Bin_5,1,11,2,2,2,1,3,1,3,Bin_1,11,6,Bin_1,1,1,1,Bin_1,,,,,,,,,,223.5695291,11
11,*,1,11,3,1,1,1,1,1,1,*,11,5,*,1,1,1,*,9.0,*,1.0,1.0,5243.0,*,3.0,,,223.5695291,11
11,Bin_5,1,11,3,1,1,1,2,1,3,Bin_1,11,7,Bin_2,1,1,1,Bin_1,4.0,Bin_4,8.0,2.0,,,,,,223.5695291,11
11,Bin_5,1,11,3,1,1,1,3,1,3,Bin_5,11,7,Bin_2,1,1,1,Bin_1,9.0,Bin_3,9.0,2.0,,,,,,223.5695291,11
11,Bin_5,1,11,3,1,1,1,4,2,2,Bin_5,11,9,Bin_3,1,1,1,Bin_1,9.0,Bin_4,,,,,,2.0,1.0,223.5695291,11
11,Bin_5,1,11,4,1,1,1,1,1,1,Bin_1,11,5,Bin_4,1,1,1,Bin_1,9.0,Bin_3,5.0,2.0,,,,,,223.5695291,11
11,Bin_5,1,11,4,1,1,1,2,1,2,Bin_5,11,12,Bin_4,1,1,1,Bin_1,9.0,Bin_3,7.0,2.0,,,,,,223.5695291,11
11,*,1,11,4,1,1,1,3,1,3,*,11,4,*,1,1,1,*,4.0,*,1.0,1.0,4110.0,*,2.0,,,223.5695291,11
11,*,1,11,4,1,1,1,4,1,3,*,11,8,*,1,1,1,*,4.0,*,1.0,1.0,4131.0,*,3.0,,,223.5695291,11
11,*,1,11,5,1,1,1,1,1,1,*,11,7,*,1,1,1,*,9.0,*,1.0,1.0,1213.0,*,2.0,,,223.5695291,11
11,*,1,11,5,1,1,1,2,1,2,*,11,5,*,1,1,1,*,9.0,*,1.0,1.0,3512.0,*,1.0,,,223.5695291,11
11,Bin_5,1,11,5,1,1,1,3,1,3,Bin_5,11,5,Bin_1,1,1,1,Bin_1,2.0,Bin_2,,,,,,,,223.5695291,11
11,Bin_5,1,11,5,1,1,1,4,1,3,Bin_1,11,5,Bin_1,1,1,1,Bin_1,2.0,Bin_1,,,,,,,,223.5695291,11
11,*,1,11,6,1,1,1,1,1,1,*,11,9,*,1,1,1,*,9.0,*,1.0,1.0,8322.0,*,5.0,,,223.5695291,11
11,Bin_5,1,11,6,1,1,1,2,1,2,Bin_5,11,1,Bin_3,1,1,1,Bin_1,9.0,Bin_3,7.0,2.0,,,,,,223.5695291,11
11,Bin_5,1,11,6,1,1,1,3,1,4,Bin_5,11,6,Bin_4,1,1,1,Bin_3,9.0,Bin_2,7.0,2.0,,,,,,223.5695291,11
11,Bin_5,1,11,6,1,1,1,4,1,3,Bin_1,11,7,Bin_1,1,1,1,Bin_1,2.0,Bin_3,8.0,2.0,,,,,,223.5695291,11
11,Bin_5,1,11,6,1,1,1,5,1,3,Bin_5,11,4,Bin_1,1,1,1,Bin_1,2.0,Bin_2,,,,,,,,223.5695291,11
11,*,1,11,7,1,1,1,1,1,1,*,11,6,*,1,2,2,*,9.0,*,1.0,1.0,9621.0,*,3.0,,,223.5695291,11
11,Bin_5,1,11,7,1,1,1,2,1,2,Bin_5,11,4,Bin_2,1,2,2,Bin_1,9.0,Bin_1,7.0,2.0,,,,,,223.5695291,11
11,Bin_5,1,11,7,1,1,1,3,1,3,Bin_5,11,11,Bin_1,1,2,2,Bin_1,,,,,,,,,,223.5695291,11
11,Bin_5,1,11,8,1,1,1,1,1,1,Bin_1,11,2,Bin_3,1,1,1,Bin_1,9.0,Bin_3,1.0,2.0,,,,,,223.5695291,11
11,Bin_5,1,11,8,1,1,1,2,1,2,Bin_5,11,10,Bin_3,1,1,1,Bin_1,9.0,Bin_3,7.0,2.0,,,,,,223.5695291,11
11,*,1,11,8,1,1,1,3,1,3,*,11,6,*,1,1,1,*,9.0,*,1.0,1.0,9621.0,*,3.0,,,223.5695291,11
11,Bin_5,1,11,8,1,1,1,4,2,5,Bin_1,11,4,Bin_2,1,1,1,Bin_1,9.0,Bin_4,,,,,,2.0,1.0,223.5695291,11
11,Bin_5,1,11,9,1,1,1,1,1,1,Bin_5,11,6,Bin_4,1,1,1,Bin_3,9.0,Bin_1,7.0,2.0,,,,,,223.5695291,11
11,*,1,11,10,1,1,1,1,1,1,*,11,3,*,1,1,1,*,9.0,*,1.0,1.0,7111.0,*,3.0,,,223.5695291,11
11,Bin_5,1,11,10,1,1,1,2,1,2,Bin_5,11,3,Bin_4,1,1,1,Bin_1,9.0,Bin_3,7.0,2.0,,,,,,223.5695291,11
11,*,1,11,10,1,1,1,3,1,3,*,11,1,*,1,1,1,*,9.0,*,1.0,1.0,4110.0,*,3.0,,,223.5695291,11
11,Bin_5,1,11,10,1,1,1,4,1,3,Bin_1,11,7,Bin_2,1,1,1,Bin_1,9.0,Bin_4,3.0,2.0,,,,,,223.5695291,11
11,*,1,11,1,1,1,1,1,1,1,*,11,6,*,1,1,1,*,9.0,*,1.0,1.0,5212.0,*,5.0,,,305.2323975,11
11,*,1,11,1,1,1,1,2,1,3,*,11,9,*,1,1,1,*,9.0,*,1.0,1.0,7125.0,*,3.0,,,305.2323975,11
11,Bin_5,1,11,1,1,1,1,3,1,5,Bin_5,11,1,Bin_2,1,1,1,Bin_1,9.0,Bin_3,7.0,2.0,,,,,,305.2323975,11
11,*,1,11,2,1,1,1,1,1,1,*,11,5,*,1,1,1,*,9.0,*,1.0,1.0,9112.0,*,3.0,,,305.2323975,11
11,Bin_5,1,11,2,1,1,1,2,1,2,Bin_5,11,7,Bin_3,1,1,1,Bin_1,9.0,Bin_4,7.0,2.0,,,,,,305.2323975,11
11,Bin_5,1,11,2,1,1,1,3,1,3,Bin_1,11,3,Bin_1,1,1,1,Bin_1,2.0,Bin_3,8.0,2.0,,,,,,305.2323975,11
11,Bin_5,1,11,2,1,1,1,4,1,3,Bin_1,11,9,Bin_1,1,1,1,Bin_1,2.0,Bin_2,,,,,,,,305.2323975,11
11,Bin_5,1,11,2,1,1,1,5,1,3,Bin_1,11,4,Bin_1,1,1,1,Bin_1,,,,,,,,,,305.2323975,11
11,*,1,11,4,1,1,1,1,1,1,*,11,4,*,1,1,1,*,9.0,*,1.0,1.0,1420.0,*,4.0,,,305.2323975,11
11,Bin_5,1,11,4,1,1,1,2,1,2,Bin_5,11,8,Bin_4,1,1,1,Bin_1,9.0,Bin_3,7.0,2.0,,,,,,305.2323975,11
11,Bin_5,1,11,5,1,1,1,1,1,1,Bin_1,11,4,Bin_4,1,1,1,Bin_1,9.0,Bin_3,4.0,2.0,,,,,,305.2323975,11
11,*,1,11,5,1,1,1,2,1,2,*,11,6,*,1,1,1,*,9.0,*,1.0,1.0,9111.0,*,3.0,,,305.2323975,11
11,Bin_5,1,11,6,1,1,1,1,1,1,Bin_1,11,11,Bin_4,1,1,1,Bin_1,9.0,Bin_4,4.0,2.0,,,,,,305.2323975,11
11,Bin_5,1,11,6,1,1,1,2,1,2,Bin_5,11,10,Bin_4,1,1,1,Bin_1,9.0,Bin_3,7.0,2.0,,,,,,305.2323975,11
11,Bin_5,1,11,7,1,1,1,1,1,1,Bin_1,11,3,Bin_4,1,1,1,Bin_1,9.0,Bin_4,4.0,2.0,,,,,,305.2323975,11
11,Bin_5,1,11,7,1,1,1,2,1,3,Bin_1,11,9,Bin_2,1,1,1,Bin_1,9.0,Bin_3,9.0,2.0,,,,,,305.2323975,11
11,Bin_5,1,11,7,1,1,1,3,1,3,Bin_1,11,7,Bin_2,1,1,1,Bin_1,4.0,Bin_4,8.0,2.0,,,,,,305.2323975,11
11,Bin_5,1,11,7,1,1,1,4,1,3,Bin_5,11,9,Bin_1,1,1,1,Bin_1,2.0,Bin_4,8.0,2.0,,,,,,305.2323975,11
11,Bin_5,1,11,7,1,1,1,5,1,2,Bin_5,11,1,Bin_4,1,1,1,Bin_1,9.0,Bin_4,7.0,2.0,,,,,,305.2323975,11
11,*,1,11,8,1,1,1,1,1,1,*,11,12,*,1,1,1,*,9.0,*,2.0,1.0,7512.0,*,5.0,,,305.2323975,11
11,Bin_5,1,11,8,1,1,1,2,1,2,Bin_5,11,1,Bin_2,1,1,1,Bin_1,9.0,Bin_3,7.0,2.0,,,,,,305.2323975,11
11,Bin_5,1,11,8,1,1,1,3,1,3,Bin_1,11,9,Bin_1,1,1,1,Bin_1,2.0,Bin_3,8.0,2.0,,,,,,305.2323975,11
11,Bin_5,1,11,8,1,1,1,4,1,3,Bin_1,11,1,Bin_1,1,1,1,Bin_1,2.0,Bin_2,,,,,,,,305.2323975,11
11,*,1,11,9,1,1,1,1,1,1,*,11,11,*,1,1,1,*,9.0,*,1.0,1.0,1321.0,*,4.0,,,305.2323975,11
11,Bin_5,1,11,9,1,1,1,2,1,2,Bin_5,11,6,Bin_3,1,1,1,Bin_1,9.0,Bin_3,7.0,2.0,,,,,,305.2323975,11
11,Bin_5,1,11,9,1,1,1,3,1,3,Bin_1,11,9,Bin_2,1,1,1,Bin_1,9.0,Bin_3,9.0,2.0,,,,,,305.2323975,11
11,Bin_5,1,11,9,1,1,1,4,1,3,Bin_5,11,8,Bin_1,1,1,1,Bin_1,2.0,Bin_4,8.0,2.0,,,,,,305.2323975,11
11,Bin_5,1,11,9,1,1,1,5,1,3,Bin_5,11,7,Bin_1,1,1,1,Bin_1,2.0,Bin_1,,,,,,,,305.2323975,11
11,*,1,11,1,1,1,1,1,1,1,*,11,8,*,1,1,1,*,9.0,*,1.0,1.0,6111.0,*,5.0,,,293.2803651,11
11,Bin_5,1,11,1,1,1,1,2,1,2,Bin_5,11,1,Bin_3,1,1,1,Bin_1,9.0,Bin_3,7.0,2.0,,,,,,293.2803651,11
11,Bin_5,1,11,1,1,1,1,3,1,3,Bin_5,11,9,Bin_1,1,1,1,Bin_1,2.0,Bin_3,8.0,2.0,,,,,,293.2803651,11
11,Bin_5,1,11,1,1,1,1,4,1,3,Bin_1,11,2,Bin_1,1,1,1,Bin_1,2.0,Bin_3,,,,,,,,293.2803651,11
11,Bin_5,1,11,1,1,1,1,5,1,3,Bin_1,11,5,Bin_1,1,1,1,Bin_1,2.0,Bin_2,,,,,,,,293.2803651,11
11,Bin_5,1,11,2,1,1,1,1,1,1,Bin_1,11,10,Bin_4,1,1,1,Bin_1,9.0,Bin_4,4.0,2.0,,,,,,293.2803651,11
11,Bin_5,1,11,2,1,1,1,2,1,2,Bin_5,11,5,Bin_4,1,1,1,Bin_1,9.0,Bin_4,4.0,2.0,,,,,,293.2803651,11
11,*,1,11,2,1,1,1,3,1,3,*,11,7,*,1,1,1,*,9.0,*,1.0,1.0,1349.0,*,3.0,,,293.2803651,11
11,Bin_5,1,11,2,1,1,1,4,1,6,Bin_5,11,2,Bin_3,2,2,1,Bin_1,9.0,Bin_1,7.0,2.0,,,,,,293.2803651,11
11,Bin_5,1,11,3,1,1,1,1,1,1,Bin_5,11,11,Bin_5,1,1,1,Bin_3,9.0,Bin_3,4.0,2.0,,,,,,293.2803651,11
11,*,1,11,3,1,1,1,2,1,3,*,11,8,*,1,1,1,*,9.0,*,1.0,1.0,7231.0,*,5.0,,,293.2803651,11
11,Bin_5,1,11,3,1,1,1,3,1,5,Bin_5,11,2,Bin_2,1,1,1,Bin_1,9.0,Bin_4,7.0,2.0,,,,,,293.2803651,11
11,Bin_5,1,11,3,1,1,1,4,1,5,Bin_5,11,7,Bin_1,1,1,1,Bin_1,2.0,Bin_1,,,,,,,,293.2803651,11
11,Bin_5,1,11,3,1,1,1,5,1,5,Bin_1,11,6,Bin_1,1,1,1,Bin_1,,,,,,,,,,293.2803651,11
11,*,1,11,4,1,1,1,1,1,1,*,11,7,*,1,1,1,*,9.0,*,1.0,1.0,5221.0,*,5.0,,,293.2803651,11
11,Bin_5,1,11,4,1,1,1,2,1,2,Bin_5,11,5,Bin_4,1,1,1,Bin_1,9.0,Bin_4,7.0,2.0,,,,,,293.2803651,11
11,*,1,11,4,1,1,1,3,1,3,*,11,1,*,1,1,1,*,9.0,*,1.0,1.0,2151.0,*,3.0,,,293.2803651,11
11,*,1,11,4,1,1,1,4,1,3,*,11,11,*,1,1,1,*,9.0,*,1.0,1.0,7231.0,*,3.0,,,293.2803651,11
11,*,1,11,5,1,1,1,1,1,1,*,11,10,*,1,1,1,*,9.0,*,1.0,1.0,7116.0,*,3.0,,,293.2803651,11
11,*,1,11,5,1,1,1,2,1,2,*,11,8,*,1,1,1,*,9.0,*,1.0,1.0,7531.0,*,3.0,,,293.2803651,11
11,Bin_5,1,11,5,1,1,1,3,1,3,Bin_5,11,2,Bin_2,1,1,1,Bin_1,9.0,Bin_4,8.0,2.0,,,,,,293.2803651,11
11,Bin_5,1,11,5,1,1,1,4,1,3,Bin_5,11,4,Bin_1,1,1,1,Bin_1,2.0,Bin_2,,,,,,,,293.2803651,11
11,*,1,11,6,1,1,1,1,1,1,*,11,7,*,1,1,1,*,9.0,*,1.0,1.0,7116.0,*,3.0,,,293.2803651,11
11,Bin_5,1,11,6,1,1,1,2,1,2,Bin_5,11,10,Bin_4,1,1,1,Bin_1,9.0,Bin_4,7.0,2.0,,,,,,293.2803651,11
11,Bin_5,1,11,6,1,1,1,3,1,3,Bin_5,11,8,Bin_2,1,1,1,Bin_1,9.0,Bin_3,7.0,2.0,,,,,,293.2803651,11
11,*,1,11,6,1,1,1,4,1,5,*,11,4,*,1,1,1,*,9.0,*,1.0,1.0,8156.0,*,3.0,,,293.2803651,11
11,Bin_5,1,11,6,1,1,1,5,1,5,Bin_1,11,11,Bin_1,1,1,1,Bin_1,,,,,,,,,,293.2803651,11
11,*,1,11,7,1,1,1,1,1,1,*,11,11,*,1,1,1,*,9.0,*,1.0,1.0,8332.0,*,3.0,,,293.2803651,11
11,Bin_5,1,11,7,1,1,1,2,1,2,Bin_5,11,8,Bin_3,1,1,1,Bin_1,9.0,Bin_3,7.0,2.0,,,,,,293.2803651,11
11,Bin_5,1,11,7,1,1,1,3,1,3,Bin_5,11,9,Bin_1,1,1,1,Bin_1,2.0,Bin_3,,,,,,,,293.2803651,11
11,Bin_5,1,11,7,1,1,1,4,1,3,Bin_1,11,5,Bin_1,1,1,1,Bin_1,2.0,Bin_2,,,,,,,,293.2803651,11
11,*,1,11,9,1,1,1,1,1,1,*,11,1,*,1,1,1,*,9.0,*,1.0,1.0,7531.0,*,3.0,,,293.2803651,11
11,*,1,11,9,1,1,1,2,1,2,*,11,10,*,1,1,1,*,9.0,*,1.0,1.0,8322.0,*,3.0,,,293.2803651,11
11,*,1,11,9,1,1,1,3,1,3,*,11,9,*,1,1,1,*,9.0,*,1.0,1.0,3122.0,*,3.0,,,293.2803651,11
11,Bin_5,1,11,9,1,1,1,4,1,5,Bin_5,11,1,Bin_2,1,1,1,Bin_1,9.0,Bin_4,7.0,2.0,,,,,,293.2803651,11
11,Bin_5,1,11,9,1,1,1,5,1,5,Bin_1,11,5,Bin_1,1,1,1,Bin_1,,,,,,,,,,293.2803651,11
11,*,1,11,10,1,1,1,1,1,1,*,11,2,*,1,1,1,*,9.0,*,1.0,1.0,4321.0,*,3.0,,,293.2803651,11
11,Bin_5,1,11,10,1,1,1,2,1,2,Bin_5,11,1,Bin_2,1,1,1,Bin_1,9.0,Bin_4,7.0,2.0,,,,,,293.2803651,11
11,Bin_5,1,11,10,1,1,1,3,1,3,Bin_5,11,9,Bin_1,1,1,1,Bin_1,2.0,Bin_1,,,,,,,,293.2803651,11
11,*,1,11,1,1,1,1,1,1,1,*,11,1,*,1,1,1,*,9.0,*,1.0,1.0,9122.0,*,3.0,,,285.6012832,11
11,*,1,11,4,1,1,1,1,1,1,*,11,10,*,1,1,1,*,9.0,*,1.0,1.0,9112.0,*,1.0,,,285.6012832,11
11,Bin_5,1,11,4,1,1,1,2,1,2,Bin_5,11,5,Bin_3,1,1,1,Bin_1,9.0,Bin_4,7.0,2.0,,,,,,285.6012832,11
11,Bin_5,1,11,4,1,1,1,3,1,3,Bin_1,11,3,Bin_2,1,1,1,Bin_1,4.0,Bin_4,8.0,2.0,,,,,,285.6012832,11
11,Bin_5,1,11,4,1,1,1,4,1,3,Bin_5,11,8,Bin_1,1,1,1,Bin_1,2.0,Bin_3,,,,,,,,285.6012832,11
11,Bin_5,1,11,5,1,1,1,1,1,1,Bin_1,11,2,Bin_5,1,1,1,Bin_1,9.0,Bin_3,9.0,2.0,,,,,,285.6012832,11
11,*,1,11,5,1,1,1,2,1,2,*,11,1,*,1,1,4,*,9.0,*,1.0,1.0,9112.0,*,3.0,,,285.6012832,11
11,Bin_5,1,11,5,1,1,1,3,1,3,Bin_5,11,2,Bin_3,1,1,1,Bin_1,9.0,Bin_4,9.0,2.0,,,,,,285.6012832,11
11,*,1,11,5,1,1,1,4,1,5,*,11,3,*,1,1,1,*,9.0,*,1.0,1.0,5221.0,*,5.0,,,285.6012832,11
11,*,1,11,5,1,1,1,5,1,5,*,11,7,*,1,1,1,*,9.0,*,1.0,1.0,7319.0,*,3.0,,,285.6012832,11
11,*,1,11,6,1,1,1,1,1,1,*,11,4,*,1,1,1,*,9.0,*,1.0,1.0,9322.0,*,3.0,,,285.6012832,11
11,*,1,11,7,1,1,1,1,1,1,*,11,9,*,1,1,1,*,9.0,*,1.0,1.0,3322.0,*,3.0,,,285.6012832,11
11,Bin_5,1,11,7,1,1,1,2,1,2,Bin_5,11,6,Bin_3,1,1,1,Bin_1,9.0,Bin_4,7.0,2.0,,,,,,285.6012832,11
11,Bin_5,1,11,7,1,1,1,3,2,3,Bin_5,11,12,Bin_2,1,1,1,Bin_1,3.0,Bin_4,,,,,,1.0,2.0,285.6012832,11
11,Bin_5,1,11,7,1,1,1,4,1,3,Bin_1,11,1,Bin_1,1,1,1,Bin_1,2.0,Bin_4,8.0,2.0,,,,,,285.6012832,11
11,Bin_5,1,11,7,1,1,1,5,1,4,Bin_5,11,1,Bin_5,1,1,1,Bin_3,9.0,Bin_3,4.0,2.0,,,,,,285.6012832,11
11,Bin_5,1,11,9,1,1,1,1,1,1,Bin_1,11,2,Bin_4,1,1,1,Bin_1,9.0,Bin_3,9.0,2.0,,,,,,285.6012832,11
11,Bin_5,1,11,9,1,1,1,2,1,2,Bin_5,11,6,Bin_4,1,1,1,Bin_1,9.0,Bin_3,9.0,2.0,,,,,,285.6012832,11
11,*,1,11,10,1,1,1,1,1,1,*,11,12,*,1,1,1,*,9.0,*,1.0,1.0,9112.0,*,3.0,,,285.6012832,11
11,Bin_5,1,11,10,1,1,1,2,2,4,Bin_1,11,10,Bin_5,1,1,1,Bin_3,9.0,Bin_3,,,,,,1.0,3.0,285.6012832,11
11,Bin_5,1,11,2,1,1,1,1,1,1,Bin_1,11,12,Bin_4,1,1,1,Bin_1,9.0,Bin_2,9.0,2.0,,,,,,281.9643816,11
11,Bin_5,1,11,2,1,1,1,2,1,2,Bin_5,11,10,Bin_4,1,1,1,Bin_1,9.0,Bin_3,7.0,2.0,,,,,,281.9643816,11
11,*,1,11,2,1,1,1,3,1,3,*,11,10,*,1,1,1,*,9.0,*,1.0,1.0,9313.0,*,3.0,,,281.9643816,11
11,*,1,11,3,1,1,1,1,1,1,*,11,1,*,1,1,1,*,9.0,*,1.0,1.0,9213.0,*,2.0,,,281.9643816,11
11,*,1,11,4,1,1,1,1,1,1,*,11,6,*,1,1,1,*,9.0,*,1.0,1.0,6114.0,*,5.0,,,281.9643816,11
11,Bin_5,1,11,4,1,1,1,2,1,2,Bin_5,11,9,Bin_4,1,1,1,Bin_1,9.0,Bin_3,9.0,2.0,,,,,,281.9643816,11
11,*,1,11,4,1,1,1,3,1,3,*,11,4,*,1,1,1,*,9.0,*,1.0,1.0,9629.0,*,1.0,,,281.9643816,11
11,Bin_5,1,11,4,1,1,1,4,1,5,Bin_5,11,3,Bin_3,1,1,1,Bin_1,9.0,Bin_4,7.0,2.0,,,,,,281.9643816,11
11,Bin_5,1,11,4,1,1,1,5,1,5,Bin_5,11,4,Bin_1,1,1,1,Bin_1,2.0,Bin_2,,,,,,,,281.9643816,11
11,Bin_5,1,11,4,1,1,1,6,1,5,Bin_1,11,5,Bin_1,1,1,1,Bin_1,1.0,,,,,,,,,281.9643816,11
11,Bin_5,1,11,5,1,1,1,1,1,1,Bin_5,11,2,Bin_3,1,1,1,Bin_1,9.0,Bin_3,7.0,2.0,,,,,,281.9643816,11
11,*,1,11,5,1,1,1,2,1,2,*,11,7,*,1,1,1,*,9.0,*,1.0,1.0,7116.0,*,3.0,,,281.9643816,11
11,Bin_5,1,11,5,1,1,1,3,1,3,Bin_5,11,2,Bin_1,1,1,1,Bin_1,2.0,Bin_2,,,,,,,,281.9643816,11
11,Bin_5,1,11,5,1,1,1,4,1,4,Bin_5,11,7,Bin_4,1,1,1,Bin_3,9.0,Bin_2,7.0,2.0,,,,,,281.9643816,11
11,*,1,11,5,1,1,1,5,1,5,*,11,1,*,1,1,1,*,9.0,*,1.0,1.0,6222.0,*,3.0,,,281.9643816,11
11,*,1,11,7,1,1,1,1,1,1,*,11,12,*,1,1,1,*,9.0,*,1.0,1.0,9998.0,*,3.0,,,281.9643816,11
11,*,1,11,7,1,1,1,2,1,2,*,11,9,*,1,1,1,*,9.0,*,1.0,1.0,1420.0,*,5.0,,,281.9643816,11
11,*,1,11,7,1,1,1,3,1,3,*,11,8,*,1,1,1,*,9.0,*,1.0,1.0,8121.0,*,3.0,,,281.9643816,11
11,Bin_5,1,11,7,1,1,1,4,1,3,Bin_5,11,8,Bin_1,1,1,1,Bin_1,2.0,Bin_3,,,,,,,,281.9643816,11
11,Bin_5,1,11,8,1,1,1,1,1,1,Bin_5,11,12,Bin_3,1,1,1,Bin_1,9.0,Bin_4,4.0,2.0,,,,,,281.9643816,11
11,Bin_5,1,11,8,1,1,1,2,1,3,Bin_1,11,4,Bin_1,1,1,1,Bin_1,2.0,Bin_2,,,,,,,,281.9643816,11
11,Bin_5,1,11,8,1,1,1,3,1,4,Bin_5,11,2,Bin_5,1,1,1,Bin_3,9.0,Bin_1,9.0,2.0,,,,,,281.9643816,11
11,Bin_5,1,11,8,1,1,1,4,2,2,Bin_1,11,3,Bin_4,1,1,1,Bin_1,9.0,Bin_3,,,,,,2.0,1.0,281.9643816,11
11,*,1,11,9,1,1,1,1,1,1,*,11,12,*,1,1,1,*,9.0,*,2.0,1.0,3114.0,*,2.0,,,281.9643816,11
11,Bin_5,1,11,9,1,1,1,2,1,2,Bin_5,11,1,Bin_3,1,1,1,Bin_1,9.0,Bin_3,7.0,2.0,,,,,,281.9643816,11
11,Bin_5,1,11,9,1,1,1,3,1,3,Bin_1,11,5,Bin_1,1,1,1,Bin_1,2.0,Bin_3,,,,,,,,281.9643816,11
11,Bin_5,1,11,9,1,1,1,4,1,3,Bin_5,11,7,Bin_1,1,1,1,Bin_1,2.0,Bin_2,,,,,,,,281.9643816,11
11,Bin_5,1,11,9,1,1,1,5,1,4,Bin_5,11,4,Bin_4,1,1,1,Bin_3,9.0,Bin_2,9.0,2.0,,,,,,281.9643816,11
11,*,1,11,10,1,1,1,1,1,1,*,11,10,*,1,1,1,*,9.0,*,1.0,1.0,6121.0,*,5.0,,,281.9643816,11
11,*,1,11,10,1,1,1,2,1,2,*,11,10,*,1,1,1,*,9.0,*,1.0,1.0,9215.0,*,6.0,,,281.9643816,11
11,Bin_5,1,11,10,1,1,1,3,1,3,Bin_5,11,5,Bin_1,1,1,1,Bin_1,,,,,,,,,,281.9643816,11
11,*,1,11,1,1,1,1,1,1,1,*,11,7,*,1,1,1,*,9.0,*,1.0,1.0,1346.0,*,3.0,,,236.536206,11
11,*,1,11,1,1,1,1,2,1,2,*,11,1,*,1,1,1,*,9.0,*,1.0,1.0,4311.0,*,3.0,,,236.536206,11
11,*,1,11,2,1,1,1,1,1,1,*,11,5,*,1,1,1,*,9.0,*,1.0,1.0,1120.0,*,1.0,,,236.536206,11
11,*,1,11,2,1,1,1,2,1,2,*,11,5,*,1,1,1,*,9.0,*,1.0,1.0,2330.0,*,1.0,,,236.536206,11
11,Bin_1,1,11,2,1,1,1,3,2,3,Bin_1,11,7,Bin_2,1,1,1,Bin_1,9.0,Bin_4,,,,,,2.0,2.0,236.536206,11
11,*,1,11,2,1,1,1,4,1,3,*,11,6,*,1,1,1,*,9.0,*,1.0,1.0,1346.0,*,3.0,,,236.536206,11
11,*,1,11,2,1,1,1,5,1,6,*,11,7,*,1,1,1,*,9.0,*,1.0,1.0,9111.0,*,3.0,,,236.536206,11
11,Bin_1,1,11,3,1,1,1,1,1,1,Bin_1,11,3,Bin_4,1,1,1,Bin_3,9.0,Bin_3,4.0,2.0,,,,,,236.536206,11
11,Bin_1,1,11,3,1,1,1,2,1,5,Bin_5,11,11,Bin_4,1,1,1,Bin_1,9.0,Bin_3,7.0,2.0,,,,,,236.536206,11
11,*,1,11,5,1,1,1,1,1,1,*,11,5,*,1,1,1,*,9.0,*,2.0,1.0,2330.0,*,3.0,,,236.536206,11
11,*,1,11,5,1,1,1,2,1,2,*,11,7,*,1,1,1,*,9.0,*,2.0,1.0,2310.0,*,1.0,,,236.536206,11
11,Bin_1,1,11,5,1,1,1,3,1,3,Bin_1,11,2,Bin_2,1,1,1,Bin_1,3.0,Bin_4,8.0,2.0,,,,,,236.536206,11
11,Bin_1,1,11,5,1,1,1,4,1,3,Bin_5,11,1,Bin_2,1,1,1,Bin_1,4.0,Bin_4,8.0,2.0,,,,,,236.536206,11
11,Bin_1,1,11,6,1,1,1,1,1,1,Bin_5,11,10,Bin_4,1,1,4,Bin_3,9.0,Bin_3,7.0,2.0,,,,,,236.536206,11
11,*,1,11,6,1,1,1,2,1,3,*,11,8,*,1,1,4,*,9.0,*,1.0,1.0,5221.0,*,5.0,,,236.536206,11
11,Bin_1,1,11,7,1,1,1,1,1,1,Bin_1,11,3,Bin_5,1,1,1,Bin_1,9.0,Bin_3,9.0,2.0,,,,,,236.536206,11
11,Bin_1,1,11,7,1,1,1,2,1,2,Bin_5,11,11,Bin_5,1,1,1,Bin_1,9.0,Bin_2,9.0,2.0,,,,,,236.536206,11
11,Bin_1,1,11,7,1,1,1,3,1,3,Bin_5,11,10,Bin_3,1,1,1,Bin_1,9.0,Bin_3,7.0,2.0,,,,,,236.536206,11
11,*,1,11,7,1,1,1,4,1,3,*,11,10,*,1,1,1,*,9.0,*,1.0,1.0,2342.0,*,3.0,,,236.536206,11
11,*,1,11,7,1,1,1,5,1,3,*,11,3,*,1,1,1,*,9.0,*,1.0,1.0,3441.0,*,5.0,,,236.536206,11
11,Bin_1,1,11,7,1,1,1,6,1,5,Bin_5,11,7,Bin_2,1,1,1,Bin_1,9.0,Bin_4,7.0,2.0,,,,,,236.536206,11
11,Bin_1,1,11,7,1,1,1,7,1,5,Bin_1,11,4,Bin_1,1,1,1,Bin_1,1.0,,,,,,,,,236.536206,11
11,Bin_1,1,11,8,1,1,1,1,1,1,Bin_1,11,8,Bin_3,1,1,1,Bin_1,9.0,Bin_4,4.0,2.0,,,,,,236.536206,11
11,Bin_1,1,11,8,1,1,1,2,1,2,Bin_5,11,5,Bin_3,1,1,1,Bin_1,9.0,Bin_4,7.0,2.0,,,,,,236.536206,11
11,Bin_1,1,11,8,1,1,1,3,1,3,Bin_1,11,3,Bin_2,1,1,1,Bin_1,2.0,Bin_4,8.0,2.0,,,,,,236.536206,11
11,Bin_1,1,11,8,1,1,1,4,1,3,Bin_5,11,6,Bin_1,1,1,1,Bin_1,2.0,Bin_3,,,,,,,,236.536206,11
11,*,1,11,9,1,1,1,1,1,1,*,11,10,*,1,1,1,*,9.0,*,1.0,1.0,8332.0,*,3.0,,,236.536206,11
11,Bin_1,1,11,9,1,1,1,2,1,3,Bin_1,11,10,Bin_3,1,1,1,Bin_1,9.0,Bin_3,1.0,1.0,8323.0,Bin_3,5.0,,,236.536206,11
11,*,1,11,9,1,1,1,3,1,5,*,11,4,*,1,1,1,*,9.0,*,1.0,1.0,1411.0,*,5.0,,,236.536206,11
11,Bin_1,1,11,9,1,1,1,4,1,5,Bin_5,11,10,Bin_1,1,1,1,Bin_1,2.0,Bin_3,,,,,,,,236.536206,11
11,Bin_1,1,11,9,1,1,1,5,1,5,Bin_5,11,5,Bin_1,1,1,1,Bin_1,2.0,Bin_2,,,,,,,,236.536206,11
11,Bin_1,1,11,9,1,1,1,6,1,5,Bin_1,11,11,Bin_1,1,1,1,Bin_1,1.0,,,,,,,,,236.536206,11
11,Bin_1,1,11,10,1,1,1,1,1,1,Bin_1,11,9,Bin_4,1,1,1,Bin_1,9.0,Bin_3,1.0,1.0,5221.0,Bin_3,5.0,,,236.536206,11
11,*,1,11,10,1,1,1,2,1,2,*,11,12,*,1,1,1,*,9.0,*,1.0,1.0,5211.0,*,5.0,,,236.536206,11
11,*,1,11,10,1,1,1,3,1,3,*,11,2,*,1,1,1,*,9.0,*,1.0,1.0,4110.0,*,2.0,,,236.536206,11
11,*,1,11,1,1,1,1,1,1,1,*,11,9,*,1,1,1,*,9.0,*,2.0,1.0,2643.0,*,5.0,,,244.2228303,11
11,Bin_1,1,11,1,1,1,1,2,1,2,Bin_5,11,4,Bin_3,1,1,1,Bin_1,9.0,Bin_4,5.0,2.0,,,,,,244.2228303,11
11,*,1,11,1,1,1,1,3,1,3,*,11,6,*,1,1,1,*,9.0,*,1.0,1.0,3341.0,*,3.0,,,244.2228303,11
11,Bin_1,1,11,2,1,1,1,1,1,1,Bin_1,11,12,Bin_3,1,1,1,Bin_1,9.0,Bin_3,9.0,2.0,,,,,,244.2228303,11
11,*,1,11,2,1,1,1,2,1,2,*,11,8,*,1,1,1,*,9.0,*,1.0,1.0,7531.0,*,3.0,,,244.2228303,11
11,*,1,11,2,1,1,1,3,1,3,*,11,5,*,1,1,1,*,9.0,*,1.0,1.0,7214.0,*,3.0,,,244.2228303,11
11,*,1,11,2,1,1,1,4,1,3,*,11,6,*,1,1,1,*,9.0,*,1.0,1.0,4311.0,*,3.0,,,244.2228303,11
11,Bin_1,1,11,3,1,1,1,1,1,1,Bin_1,11,10,Bin_4,1,1,1,Bin_1,9.0,Bin_4,4.0,2.0,,,,,,244.2228303,11
11,Bin_1,1,11,3,1,1,1,2,1,2,Bin_5,11,8,Bin_4,1,1,1,Bin_1,9.0,Bin_4,4.0,2.0,,,,,,244.2228303,11
11,Bin_1,1,11,3,1,1,1,3,2,5,Bin_1,11,6,Bin_3,1,1,1,Bin_1,9.0,Bin_4,,,,,,2.0,1.0,244.2228303,11
11,*,1,11,3,1,1,1,4,1,3,*,11,4,*,1,1,1,*,9.0,*,1.0,1.0,2342.0,*,3.0,,,244.2228303,11
11,Bin_1,1,11,3,1,1,1,5,1,5,Bin_5,11,1,Bin_1,1,1,1,Bin_1,2.0,Bin_1,,,,,,,,244.2228303,11
11,*,1,11,5,1,1,1,1,1,1,*,11,5,*,1,1,1,*,9.0,*,1.0,1.0,5321.0,*,3.0,,,244.2228303,11
11,Bin_1,1,11,5,1,1,1,2,1,2,Bin_5,11,4,Bin_3,1,1,1,Bin_1,9.0,Bin_3,7.0,2.0,,,,,,244.2228303,11
11,Bin_1,1,11,5,1,1,1,3,2,3,Bin_1,11,9,Bin_2,1,1,1,Bin_1,3.0,Bin_4,,,,,,1.0,2.0,244.2228303,11
11,Bin_1,1,11,5,1,1,1,4,1,3,Bin_1,11,4,Bin_1,1,1,1,Bin_1,6.0,Bin_3,8.0,2.0,,,,,,244.2228303,11
11,*,1,11,5,1,1,1,5,1,5,*,11,8,*,1,1,1,*,9.0,*,1.0,1.0,1321.0,*,3.0,,,244.2228303,11
11,Bin_1,1,11,6,1,1,1,1,1,1,Bin_5,11,11,Bin_5,1,1,1,Bin_3,9.0,Bin_3,9.0,2.0,,,,,,244.2228303,11
11,Bin_1,1,11,6,1,1,1,2,1,3,Bin_5,11,3,Bin_3,1,1,1,Bin_1,9.0,Bin_3,7.0,2.0,,,,,,244.2228303,11
11,Bin_1,1,11,6,1,1,1,3,1,5,Bin_1,11,7,Bin_3,1,1,1,Bin_1,9.0,Bin_3,1.0,1.0,1221.0,Bin_1,3.0,,,244.2228303,11
11,*,1,11,7,1,1,1,1,1,1,*,11,3,*,1,1,1,*,9.0,*,1.0,1.0,5212.0,*,5.0,,,244.2228303,11
11,*,1,11,7,1,1,1,2,1,3,*,11,3,*,1,1,1,*,9.0,*,1.0,1.0,5211.0,*,3.0,,,244.2228303,11
11,*,1,11,7,1,1,1,3,1,3,*,11,9,*,1,1,1,*,9.0,*,1.0,1.0,7412.0,*,5.0,,,244.2228303,11
11,*,1,11,7,1,1,1,4,1,5,*,11,8,*,1,1,1,*,9.0,*,1.0,1.0,5211.0,*,3.0,,,244.2228303,11
11,Bin_1,1,11,9,1,1,1,1,1,1,Bin_1,11,3,Bin_3,1,1,1,Bin_1,9.0,Bin_4,1.0,1.0,3324.0,Bin_3,5.0,,,244.2228303,11
11,Bin_1,1,11,9,1,1,1,2,1,2,Bin_5,11,9,Bin_2,1,1,1,Bin_1,9.0,Bin_4,7.0,2.0,,,,,,244.2228303,11
11,Bin_1,1,11,9,1,1,1,3,1,3,Bin_5,11,11,Bin_1,1,1,1,Bin_1,2.0,Bin_3,8.0,2.0,,,,,,244.2228303,11
11,Bin_1,1,11,9,1,1,1,4,1,3,Bin_5,11,2,Bin_1,1,1,1,Bin_1,2.0,Bin_2,,,,,,,,244.2228303,11
11,Bin_1,1,11,10,1,1,1,1,1,1,Bin_1,11,12,Bin_4,1,1,1,Bin_1,9.0,Bin_4,4.0,2.0,,,,,,244.2228303,11
11,Bin_1,1,11,10,1,1,1,2,1,2,Bin_5,11,4,Bin_4,1,1,4,Bin_1,9.0,Bin_4,7.0,2.0,,,,,,244.2228303,11
11,*,1,11,10,1,1,1,3,1,3,*,11,12,*,1,1,1,*,9.0,*,1.0,1.0,5121.0,*,2.0,,,244.2228303,11
11,Bin_1,1,11,10,1,1,1,4,1,5,Bin_5,11,7,Bin_4,1,1,4,Bin_4,9.0,Bin_4,7.0,2.0,,,,,,244.2228303,11
11,*,1,11,1,1,1,1,1,1,1,*,11,4,*,1,1,1,*,9.0,*,1.0,1.0,1346.0,*,3.0,,,495.0953281,11
11,Bin_1,1,11,1,1,1,1,2,1,2,Bin_5,11,4,Bin_3,1,1,4,Bin_1,9.0,Bin_5,7.0,2.0,,,,,,495.0953281,11
11,Bin_1,1,11,1,1,1,1,3,1,3,Bin_1,11,7,Bin_1,1,1,1,Bin_1,2.0,Bin_2,,,,,,,,495.0953281,11
11,Bin_1,1,11,1,1,1,1,4,1,3,Bin_1,11,4,Bin_1,1,1,1,Bin_1,2.0,Bin_2,,,,,,,,495.0953281,11
11,Bin_1,1,11,2,1,1,1,1,1,1,Bin_1,11,3,Bin_4,1,1,1,Bin_1,9.0,Bin_2,9.0,2.0,,,,,,495.0953281,11
11,Bin_1,1,11,2,1,1,1,2,1,2,Bin_5,11,1,Bin_4,1,1,1,Bin_1,9.0,Bin_2,9.0,2.0,,,,,,495.0953281,11
11,*,1,11,2,1,1,1,3,1,3,*,11,10,*,1,1,1,*,9.0,*,1.0,1.0,8121.0,*,3.0,,,495.0953281,11
11,Bin_1,1,11,2,1,1,1,4,1,5,Bin_5,11,8,Bin_2,1,1,1,Bin_1,9.0,Bin_4,7.0,2.0,,,,,,495.0953281,11
11,Bin_1,1,11,4,1,1,1,1,1,1,Bin_1,11,5,Bin_4,1,2,2,Bin_1,9.0,Bin_4,5.0,2.0,,,,,,495.0953281,11
11,Bin_1,1,11,4,1,1,1,2,1,2,Bin_5,11,6,Bin_4,1,2,2,Bin_1,9.0,Bin_4,5.0,2.0,,,,,,495.0953281,11
11,Bin_1,1,11,4,1,1,1,3,1,5,Bin_5,11,12,Bin_5,1,2,2,Bin_3,9.0,Bin_3,9.0,2.0,,,,,,495.0953281,11
11,*,1,11,4,1,1,1,4,1,6,*,11,6,*,1,2,2,*,9.0,*,1.0,1.0,9111.0,*,3.0,,,495.0953281,11
11,*,1,11,6,1,1,1,1,1,1,*,11,9,*,1,1,1,*,9.0,*,1.0,1.0,3115.0,*,2.0,,,495.0953281,11
11,*,1,11,6,1,1,1,2,1,2,*,11,1,*,1,1,1,*,9.0,*,1.0,1.0,1322.0,*,1.0,,,495.0953281,11
11,Bin_1,1,11,6,1,1,1,3,1,3,Bin_5,11,6,Bin_1,1,1,1,Bin_1,2.0,Bin_1,,,,,,,,495.0953281,11
11,Bin_1,1,11,6,1,1,1,4,1,5,Bin_1,11,1,Bin_4,1,1,1,Bin_1,9.0,Bin_3,9.0,2.0,,,,,,495.0953281,11
11,Bin_1,1,11,6,1,1,1,5,1,5,Bin_5,11,12,Bin_4,1,1,1,Bin_1,9.0,Bin_3,9.0,2.0,,,,,,495.0953281,11
11,*,1,11,7,1,1,1,1,1,1,*,11,4,*,1,1,4,*,9.0,*,1.0,1.0,2330.0,*,5.0,,,495.0953281,11
11,Bin_1,1,11,7,1,1,1,2,1,2,Bin_5,11,1,Bin_2,1,1,1,Bin_1,9.0,Bin_4,7.0,2.0,,,,,,495.0953281,11
11,Bin_1,1,11,8,1,1,1,1,1,1,Bin_5,11,3,Bin_4,1,1,1,Bin_1,9.0,Bin_4,4.0,2.0,,,,,,495.0953281,11
11,Bin_1,1,11,9,1,1,1,1,1,1,Bin_1,11,4,Bin_3,1,1,1,Bin_1,9.0,Bin_4,1.0,1.0,1211.0,Bin_3,3.0,,,495.0953281,11
11,*,1,11,9,1,1,1,2,1,2,*,11,12,*,1,1,1,*,9.0,*,1.0,1.0,1211.0,*,3.0,,,495.0953281,11
11,Bin_1,1,11,9,1,1,1,3,1,3,Bin_5,11,12,Bin_1,1,1,1,Bin_1,2.0,Bin_2,,,,,,,,495.0953281,11
11,Bin_1,1,11,9,1,1,1,4,1,3,Bin_5,11,6,Bin_1,1,1,1,Bin_1,2.0,Bin_1,,,,,,,,495.0953281,11
11,*,1,11,10,1,1,1,1,1,1,*,11,9,*,1,1,1,*,9.0,*,1.0,1.0,9111.0,*,3.0,,,495.0953281,11
11,Bin_1,1,11,1,1,1,1,1,1,1,Bin_1,11,2,Bin_3,1,1,1,Bin_1,9.0,Bin_3,1.0,1.0,1420.0,Bin_3,1.0,,,553.9297573,11
11,*,1,11,1,1,1,1,2,1,2,*,11,7,*,1,1,1,*,9.0,*,1.0,1.0,3122.0,*,1.0,,,553.9297573,11
11,Bin_1,1,11,1,1,1,1,3,1,3,Bin_1,11,7,Bin_1,1,1,1,Bin_1,2.0,Bin_2,,,,,,,,553.9297573,11
11,Bin_1,1,11,1,1,1,1,4,1,3,Bin_5,11,6,Bin_1,1,1,1,Bin_1,2.0,Bin_2,,,,,,,,553.9297573,11
11,Bin_1,1,11,1,1,1,1,5,1,3,Bin_1,11,5,Bin_1,1,1,1,Bin_1,,,,,,,,,,553.9297573,11
11,*,1,11,3,1,1,1,1,1,1,*,11,11,*,1,4,3,*,9.0,*,1.0,1.0,3322.0,*,2.0,,,553.9297573,11
11,Bin_1,1,11,3,1,1,1,2,1,2,Bin_5,11,11,Bin_3,1,4,3,Bin_1,9.0,Bin_3,7.0,2.0,,,,,,553.9297573,11
11,*,1,11,3,1,1,1,3,1,3,*,11,11,*,1,4,3,*,9.0,*,1.0,1.0,3322.0,*,2.0,,,553.9297573,11
11,Bin_1,1,11,3,1,1,1,4,1,3,Bin_5,11,10,Bin_2,1,4,3,Bin_1,9.0,Bin_3,7.0,2.0,,,,,,553.9297573,11
11,*,1,11,3,1,1,1,5,1,3,*,11,8,*,1,4,3,*,9.0,*,1.0,1.0,3322.0,*,2.0,,,553.9297573,11
11,Bin_1,1,11,3,1,1,1,6,1,3,Bin_5,11,12,Bin_2,1,4,3,Bin_1,9.0,Bin_3,7.0,2.0,,,,,,553.9297573,11
11,Bin_1,1,11,3,1,1,1,7,1,3,Bin_1,11,4,Bin_1,1,4,3,Bin_1,9.0,Bin_3,8.0,2.0,,,,,,553.9297573,11
11,Bin_1,1,11,3,1,1,1,8,1,3,Bin_5,11,8,Bin_1,1,4,3,Bin_1,1.0,,,,,,,,,553.9297573,11
11,Bin_1,1,11,3,1,1,1,9,1,3,Bin_1,11,12,Bin_1,1,4,3,Bin_1,,,,,,,,,,553.9297573,11
11,Bin_1,1,11,5,1,1,1,1,1,1,Bin_1,11,2,Bin_3,1,2,4,Bin_1,9.0,Bin_3,1.0,1.0,5121.0,Bin_3,2.0,,,553.9297573,11
11,Bin_1,1,11,5,1,1,1,2,1,2,Bin_5,11,3,Bin_3,1,2,4,Bin_1,9.0,Bin_3,7.0,2.0,,,,,,553.9297573,11
11,Bin_1,1,11,5,1,1,1,3,1,3,Bin_1,11,10,Bin_1,1,2,4,Bin_1,2.0,Bin_3,,,,,,,,553.9297573,11
11,Bin_1,1,11,6,1,1,1,1,1,1,Bin_1,11,7,Bin_4,1,2,4,Bin_1,9.0,Bin_3,6.0,2.0,,,,,,553.9297573,11
11,Bin_1,1,11,6,1,1,1,2,1,2,Bin_5,11,10,Bin_4,1,2,4,Bin_1,9.0,Bin_2,7.0,2.0,,,,,,553.9297573,11
11,Bin_1,1,11,6,1,1,1,3,1,5,Bin_5,11,3,Bin_4,1,2,4,Bin_1,9.0,Bin_2,7.0,2.0,,,,,,553.9297573,11
11,*,1,11,6,1,1,1,4,1,3,*,11,1,*,1,2,4,*,9.0,*,1.0,1.0,9211.0,*,2.0,,,553.9297573,11
11,*,1,11,6,1,1,1,5,1,5,*,11,7,*,1,2,4,*,9.0,*,1.0,1.0,9211.0,*,2.0,,,553.9297573,11
11,Bin_1,1,11,6,1,1,1,6,1,5,Bin_5,11,3,Bin_1,1,2,4,Bin_1,,,,,,,,,,553.9297573,11
11,Bin_1,1,11,7,1,1,1,1,1,1,Bin_5,11,8,Bin_4,1,2,2,Bin_3,9.0,Bin_3,7.0,2.0,,,,,,553.9297573,11
11,Bin_1,1,11,7,1,1,1,2,1,3,Bin_1,11,6,Bin_3,1,2,2,Bin_1,9.0,Bin_3,1.0,1.0,7131.0,Bin_3,3.0,,,553.9297573,11
11,Bin_1,1,11,7,1,1,1,3,1,3,Bin_5,11,8,Bin_3,1,2,2,Bin_1,9.0,Bin_3,7.0,2.0,,,,,,553.9297573,11
11,*,1,11,7,1,1,1,4,1,5,*,11,10,*,1,2,2,*,9.0,*,1.0,1.0,7114.0,*,3.0,,,553.9297573,11
11,Bin_1,1,11,7,1,1,1,5,1,5,Bin_5,11,2,Bin_1,1,2,2,Bin_1,1.0,,,,,,,,,553.9297573,11
11,Bin_1,1,11,7,1,1,1,6,1,5,Bin_5,11,12,Bin_1,1,2,2,Bin_1,,,,,,,,,,553.9297573,11
11,*,1,11,7,1,1,1,7,1,5,*,11,8,*,1,2,2,*,9.0,*,1.0,1.0,3123.0,*,3.0,,,553.9297573,11
11,Bin_1,1,11,7,1,1,1,8,1,5,Bin_1,11,8,Bin_1,1,2,2,Bin_1,2.0,Bin_2,,,,,,,,553.9297573,11
11,Bin_1,1,11,7,1,1,1,9,1,5,Bin_1,11,10,Bin_1,1,2,2,Bin_1,9.0,Bin_1,99.0,2.0,,,,,,553.9297573,11
11,*,1,11,4,1,1,1,1,1,1,*,11,11,*,1,1,1,*,9.0,*,2.0,1.0,2310.0,*,5.0,,,520.4915453,11
11,Bin_1,1,11,4,1,1,1,2,1,2,Bin_5,11,2,Bin_4,1,1,1,Bin_1,9.0,Bin_4,4.0,2.0,,,,,,520.4915453,11
11,Bin_1,1,11,4,1,1,1,3,1,3,Bin_1,11,6,Bin_2,1,1,1,Bin_1,9.0,Bin_4,3.0,2.0,,,,,,520.4915453,11
11,*,1,11,4,1,1,1,4,1,3,*,11,6,*,1,1,1,*,9.0,*,1.0,1.0,6113.0,*,1.0,,,520.4915453,11
11,Bin_1,1,11,4,1,1,1,5,1,5,Bin_5,11,6,Bin_2,1,1,1,Bin_1,9.0,Bin_4,3.0,2.0,,,,,,520.4915453,11
11,Bin_1,1,11,4,1,1,1,6,1,5,Bin_5,11,1,Bin_1,1,1,1,Bin_1,9.0,,,,,,,,,520.4915453,11
11,Bin_1,1,11,5,1,1,1,1,1,1,Bin_1,11,10,Bin_3,1,4,3,Bin_1,9.0,Bin_4,1.0,1.0,2411.0,Bin_3,2.0,,,520.4915453,11
11,Bin_1,1,11,5,1,1,1,2,1,2,Bin_5,11,12,Bin_3,1,4,3,Bin_1,9.0,Bin_4,7.0,2.0,,,,,,520.4915453,11
11,Bin_1,1,11,5,1,1,1,3,1,3,Bin_5,11,1,Bin_2,1,4,3,Bin_1,2.0,Bin_4,8.0,2.0,,,,,,520.4915453,11
11,Bin_1,1,11,5,1,1,1,4,1,3,Bin_1,11,7,Bin_1,1,4,3,Bin_1,2.0,Bin_3,8.0,2.0,,,,,,520.4915453,11
11,Bin_1,1,11,5,1,1,1,5,1,3,Bin_1,11,4,Bin_1,1,4,3,Bin_1,2.0,Bin_3,,,,,,,,520.4915453,11
11,*,1,11,7,1,1,1,1,1,1,*,11,7,*,1,4,3,*,9.0,*,1.0,1.0,2330.0,*,5.0,,,520.4915453,11
11,Bin_1,1,11,7,1,1,1,2,1,2,Bin_5,11,1,Bin_2,1,4,3,Bin_1,9.0,Bin_3,7.0,2.0,,,,,,520.4915453,11
11,Bin_1,1,11,7,1,1,1,3,1,3,Bin_5,11,12,Bin_1,1,4,3,Bin_1,9.0,,,,,,,,,520.4915453,11
11,Bin_1,1,11,7,1,1,1,4,1,3,Bin_1,11,1,Bin_1,1,4,3,Bin_1,,,,,,,,,,520.4915453,11
11,Bin_1,1,11,8,1,1,1,1,1,1,Bin_1,11,3,Bin_3,1,1,1,Bin_1,9.0,Bin_4,1.0,1.0,1420.0,Bin_3,5.0,,,520.4915453,11
11,Bin_1,1,11,8,1,1,1,2,1,2,Bin_5,11,5,Bin_3,1,1,1,Bin_1,9.0,Bin_4,7.0,2.0,,,,,,520.4915453,11
11,Bin_1,1,11,8,1,1,1,3,1,3,Bin_1,11,7,Bin_2,1,1,1,Bin_1,5.0,Bin_4,8.0,2.0,,,,,,520.4915453,11
11,Bin_1,1,11,8,1,1,1,4,1,3,Bin_1,11,10,Bin_1,1,1,1,Bin_1,2.0,Bin_3,8.0,2.0,,,,,,520.4915453,11
11,Bin_1,1,11,9,1,1,1,1,1,1,Bin_1,11,10,Bin_4,1,2,2,Bin_1,9.0,Bin_4,4.0,2.0,,,,,,520.4915453,11
11,Bin_1,1,11,9,1,1,1,2,1,2,Bin_5,11,11,Bin_4,1,2,2,Bin_1,9.0,Bin_4,4.0,2.0,,,,,,520.4915453,11
11,*,1,11,9,1,1,1,3,1,3,*,11,7,*,1,2,2,*,9.0,*,1.0,1.0,2152.0,*,3.0,,,520.4915453,11
11,*,1,11,9,1,1,1,4,1,5,*,11,10,*,1,2,2,*,9.0,*,1.0,1.0,3313.0,*,3.0,,,520.4915453,11
11,Bin_1,1,11,10,1,1,1,1,1,1,Bin_1,11,9,Bin_4,1,1,1,Bin_1,9.0,Bin_3,1.0,1.0,8322.0,Bin_3,5.0,,,520.4915453,11
11,Bin_1,1,11,10,1,1,1,2,1,2,Bin_5,11,10,Bin_4,1,1,1,Bin_1,9.0,Bin_3,7.0,2.0,,,,,,520.4915453,11
11,*,1,11,10,1,1,1,3,1,3,*,11,11,*,1,1,1,*,9.0,*,1.0,1.0,4311.0,*,2.0,,,520.4915453,11
11,*,1,11,10,1,1,1,4,1,3,*,11,7,*,1,1,1,*,9.0,*,1.0,1.0,1213.0,*,3.0,,,520.4915453,11
11,Bin_1,1,11,10,1,1,1,5,1,5,Bin_1,11,4,Bin_3,1,1,4,Bin_1,9.0,Bin_4,1.0,1.0,3511.0,Bin_3,2.0,,,520.4915453,11
11,Bin_1,1,11,10,1,1,1,6,1,5,Bin_5,11,7,Bin_2,1,1,1,Bin_1,9.0,Bin_4,7.0,2.0,,,,,,520.4915453,11
11,Bin_1,1,11,10,1,1,1,7,1,5,Bin_1,11,4,Bin_1,1,1,4,Bin_1,2.0,Bin_2,,,,,,,,520.4915453,11
11,Bin_1,1,11,10,1,1,1,8,1,5,Bin_5,11,11,Bin_1,1,1,1,Bin_1,1.0,,,,,,,,,520.4915453,11
11,Bin_1,1,11,1,1,1,1,1,1,1,Bin_1,11,4,Bin_4,1,2,2,Bin_1,9.0,Bin_3,1.0,1.0,3324.0,Bin_3,5.0,,,512.4403782,11
11,Bin_1,1,11,1,1,1,1,2,1,2,Bin_5,11,12,Bin_3,1,2,2,Bin_1,9.0,Bin_3,7.0,2.0,,,,,,512.4403782,11
11,Bin_1,1,11,1,1,1,1,3,2,3,Bin_1,11,7,Bin_2,1,2,2,Bin_1,9.0,Bin_4,,,,,,2.0,2.0,512.4403782,11
11,Bin_1,1,11,2,1,1,1,1,1,1,Bin_5,11,5,Bin_5,3,4,3,Bin_3,9.0,Bin_2,9.0,2.0,,,,,,512.4403782,11
11,Bin_1,1,11,3,1,1,1,1,1,1,Bin_1,11,2,Bin_3,1,4,3,Bin_1,9.0,Bin_3,4.0,1.0,3331.0,Bin_3,4.0,,,512.4403782,11
11,Bin_1,1,11,3,1,1,1,2,1,2,Bin_5,11,8,Bin_3,1,4,3,Bin_1,9.0,Bin_4,7.0,2.0,,,,,,512.4403782,11
11,Bin_1,1,11,3,1,1,1,3,1,3,Bin_1,11,10,Bin_1,1,4,3,Bin_1,9.0,Bin_3,4.0,2.0,,,,,,512.4403782,11
11,Bin_1,1,11,3,1,1,1,4,1,5,Bin_5,11,3,Bin_1,1,4,3,Bin_1,9.0,Bin_3,4.0,2.0,,,,,,512.4403782,11
11,Bin_1,1,11,4,1,1,1,1,1,1,Bin_5,11,3,Bin_4,1,1,1,Bin_3,9.0,Bin_3,7.0,2.0,,,,,,512.4403782,11
11,Bin_1,1,11,6,1,1,1,1,1,1,Bin_1,11,10,Bin_4,1,1,1,Bin_1,9.0,Bin_3,1.0,1.0,8323.0,Bin_3,5.0,,,512.4403782,11
11,Bin_1,1,11,6,1,1,1,2,1,2,Bin_5,11,6,Bin_4,1,1,1,Bin_1,9.0,Bin_3,7.0,2.0,,,,,,512.4403782,11
11,Bin_1,1,11,7,1,1,1,1,1,1,Bin_1,11,5,Bin_4,1,1,1,Bin_1,9.0,Bin_3,1.0,1.0,8323.0,Bin_3,5.0,,,512.4403782,11
11,Bin_1,1,11,7,1,1,1,2,1,2,Bin_5,11,10,Bin_3,1,1,1,Bin_1,9.0,Bin_3,7.0,2.0,,,,,,512.4403782,11
11,*,1,11,7,1,1,1,3,1,3,*,11,1,*,1,1,1,*,9.0,*,1.0,1.0,4311.0,*,3.0,,,512.4403782,11
11,Bin_1,1,11,7,1,1,1,4,1,3,Bin_5,11,6,Bin_2,1,1,1,Bin_1,3.0,Bin_4,8.0,2.0,,,,,,512.4403782,11
11,Bin_1,1,11,9,1,1,1,1,1,1,Bin_5,11,6,Bin_2,1,4,3,Bin_1,9.0,Bin_4,7.0,2.0,,,,,,512.4403782,11
11,Bin_1,1,11,9,1,1,1,2,1,3,Bin_1,11,11,Bin_1,1,4,3,Bin_1,2.0,Bin_2,,,,,,,,512.4403782,11
11,Bin_1,1,11,9,1,1,1,3,1,3,Bin_5,11,1,Bin_1,1,4,3,Bin_1,2.0,Bin_2,,,,,,,,512.4403782,11
11,Bin_1,1,11,9,1,1,1,4,1,3,Bin_1,11,11,Bin_1,1,4,3,Bin_1,2.0,Bin_1,,,,,,,,512.4403782,11
11,Bin_1,1,11,9,1,1,1,5,2,2,Bin_1,11,4,Bin_3,1,4,3,Bin_1,9.0,Bin_3,,,,,,2.0,1.0,512.4403782,11
11,Bin_1,1,11,10,1,1,1,1,1,1,Bin_1,11,3,Bin_4,1,1,1,Bin_1,9.0,Bin_2,9.0,2.0,,,,,,512.4403782,11
11,*,1,11,10,1,1,1,2,1,2,*,11,12,*,1,1,1,*,9.0,*,1.0,1.0,9111.0,*,3.0,,,512.4403782,11
11,Bin_1,1,11,10,1,1,1,3,1,3,Bin_1,11,10,Bin_1,1,1,1,Bin_1,2.0,Bin_3,8.0,2.0,,,,,,512.4403782,11
11,*,1,11,1,1,1,1,1,1,1,*,11,2,*,1,1,1,*,9.0,*,1.0,1.0,8322.0,*,5.0,,,248.4349316,11
11,Bin_1,1,11,1,1,1,1,2,1,2,Bin_5,11,3,Bin_3,1,1,1,Bin_1,9.0,Bin_2,7.0,2.0,,,,,,248.4349316,11
11,*,1,11,3,1,1,1,1,1,1,*,11,4,*,1,2,2,*,9.0,*,1.0,1.0,5249.0,*,3.0,,,248.4349316,11
11,Bin_1,1,11,3,1,1,1,2,1,2,Bin_5,11,2,Bin_4,1,2,2,Bin_1,9.0,Bin_2,7.0,2.0,,,,,,248.4349316,11
11,*,1,11,3,1,1,1,3,1,3,*,11,12,*,1,2,2,*,9.0,*,1.0,1.0,9211.0,*,3.0,,,248.4349316,11
11,*,1,11,4,1,1,1,1,1,1,*,11,4,*,1,2,5,*,9.0,*,1.0,1.0,9111.0,*,3.0,,,248.4349316,11
11,*,1,11,4,1,1,1,2,1,5,*,11,6,*,1,2,2,*,9.0,*,1.0,1.0,4311.0,*,3.0,,,248.4349316,11
11,*,1,11,4,1,1,1,3,1,5,*,11,10,*,1,2,2,*,9.0,*,1.0,1.0,9111.0,*,3.0,,,248.4349316,11
11,*,1,11,5,1,1,1,1,1,1,*,11,2,*,1,1,1,*,9.0,*,1.0,1.0,9111.0,*,3.0,,,248.4349316,11
11,*,1,11,5,1,1,1,2,1,2,*,11,5,*,1,1,1,*,9.0,*,1.0,1.0,5211.0,*,5.0,,,248.4349316,11
11,*,1,11,6,1,1,1,1,1,1,*,11,2,*,1,4,3,*,9.0,*,1.0,1.0,9211.0,*,3.0,,,248.4349316,11
11,*,1,11,6,1,1,1,2,1,2,*,11,10,*,1,4,3,*,9.0,*,1.0,1.0,7514.0,*,5.0,,,248.4349316,11
11,Bin_1,1,11,6,1,1,1,3,1,3,Bin_5,11,10,Bin_2,1,4,3,Bin_1,9.0,Bin_3,7.0,2.0,,,,,,248.4349316,11
11,Bin_1,1,11,7,1,1,1,1,1,1,Bin_5,11,5,Bin_2,1,1,1,Bin_1,9.0,Bin_3,7.0,2.0,,,,,,248.4349316,11
11,*,1,11,7,1,1,1,2,1,2,*,11,8,*,1,1,1,*,9.0,*,1.0,1.0,9335.0,*,1.0,,,248.4349316,11
11,Bin_1,1,11,7,1,1,1,3,1,3,Bin_5,11,6,Bin_1,1,1,1,Bin_1,1.0,,,,,,,,,248.4349316,11
11,Bin_1,1,11,7,1,1,1,4,1,5,Bin_5,11,5,Bin_1,1,1,1,Bin_1,9.0,Bin_3,99.0,2.0,,,,,,248.4349316,11
11,Bin_1,1,11,7,1,1,1,5,1,5,Bin_1,11,7,Bin_3,1,1,1,Bin_1,9.0,Bin_2,99.0,2.0,,,,,,248.4349316,11
11,Bin_1,1,11,8,1,1,1,1,1,1,Bin_5,11,6,Bin_4,1,1,1,Bin_3,9.0,Bin_5,4.0,2.0,,,,,,248.4349316,11
11,Bin_1,1,11,8,1,1,1,2,1,3,Bin_1,11,5,Bin_3,1,1,1,Bin_1,9.0,Bin_3,9.0,2.0,,,,,,248.4349316,11
11,*,1,11,8,1,1,1,3,1,3,*,11,10,*,1,1,1,*,9.0,*,1.0,1.0,9112.0,*,3.0,,,248.4349316,11
11,*,1,11,8,1,1,1,4,1,5,*,11,4,*,1,1,1,*,9.0,*,1.0,1.0,5249.0,*,3.0,,,248.4349316,11
11,*,1,11,8,1,1,1,5,1,5,*,11,7,*,1,1,1,*,9.0,*,1.0,1.0,5223.0,*,3.0,,,248.4349316,11
11,*,1,11,8,1,1,1,6,1,5,*,11,7,*,1,1,1,*,9.0,*,1.0,1.0,5223.0,*,3.0,,,248.4349316,11
11,Bin_1,1,11,8,1,1,1,7,1,3,Bin_1,11,2,Bin_3,1,1,1,Bin_1,9.0,Bin_3,9.0,2.0,,,,,,248.4349316,11
11,*,1,11,8,1,1,1,8,1,3,*,11,1,*,1,1,1,*,9.0,*,1.0,1.0,5142.0,*,5.0,,,248.4349316,11
11,Bin_1,1,11,8,1,1,1,9,1,5,Bin_5,11,7,Bin_1,1,1,1,Bin_1,2.0,Bin_1,,,,,,,,248.4349316,11
11,Bin_1,1,11,9,1,1,1,1,1,1,Bin_1,11,2,Bin_3,1,3,5,Bin_1,9.0,Bin_3,7.0,2.0,,,,,,248.4349316,11
11,Bin_1,1,11,9,1,1,1,2,1,2,Bin_5,11,8,Bin_3,1,3,5,Bin_1,9.0,Bin_5,7.0,2.0,,,,,,248.4349316,11
11,*,1,11,9,1,1,1,3,1,3,*,11,9,*,1,3,5,*,9.0,*,1.0,1.0,8332.0,*,3.0,,,248.4349316,11
11,*,1,11,9,1,1,1,4,1,3,*,11,6,*,1,3,5,*,9.0,*,1.0,1.0,9122.0,*,3.0,,,248.4349316,11
11,Bin_1,1,11,9,1,1,1,5,1,3,Bin_1,11,7,Bin_1,1,3,5,Bin_1,2.0,Bin_3,8.0,2.0,,,,,,248.4349316,11
11,Bin_1,1,11,10,1,1,1,1,1,1,Bin_5,11,7,Bin_3,1,1,1,Bin_1,9.0,Bin_3,7.0,2.0,,,,,,248.4349316,11
11,Bin_1,1,11,10,1,1,1,2,2,2,Bin_1,11,3,Bin_4,4,1,1,Bin_1,9.0,Bin_2,,,,,,1.0,1.0,248.4349316,11
11,Bin_1,1,11,10,1,1,1,3,1,3,Bin_1,11,12,Bin_1,1,1,1,Bin_1,2.0,Bin_3,,,,,,,,248.4349316,11
11,Bin_1,1,11,1,1,1,1,1,1,1,Bin_1,11,8,Bin_4,1,1,1,Bin_1,9.0,Bin_2,9.0,2.0,,,,,,281.9626547,11
11,Bin_1,1,11,1,1,1,1,2,1,2,Bin_5,11,8,Bin_4,1,1,1,Bin_1,9.0,Bin_3,7.0,2.0,,,,,,281.9626547,11
11,*,1,11,1,1,1,1,3,1,3,*,11,2,*,1,1,1,*,9.0,*,1.0,1.0,8121.0,*,3.0,,,281.9626547,11
11,Bin_1,1,11,3,1,1,1,1,1,1,Bin_1,11,5,Bin_3,1,1,1,Bin_1,9.0,Bin_4,1.0,1.0,5230.0,Bin_3,2.0,,,281.9626547,11
11,Bin_1,1,11,3,1,1,1,2,1,2,Bin_5,11,10,Bin_3,1,1,1,Bin_1,9.0,Bin_4,7.0,2.0,,,,,,281.9626547,11
11,Bin_1,1,11,3,1,1,1,3,1,3,Bin_5,11,1,Bin_1,1,1,1,Bin_1,2.0,Bin_4,8.0,2.0,,,,,,281.9626547,11
11,*,1,11,4,1,1,1,1,1,1,*,11,2,*,1,1,1,*,9.0,*,1.0,1.0,9998.0,*,5.0,,,281.9626547,11
11,Bin_1,1,11,4,1,1,1,2,1,2,Bin_1,11,12,Bin_3,1,1,1,Bin_1,9.0,Bin_3,1.0,1.0,1420.0,Bin_3,3.0,,,281.9626547,11
11,Bin_1,1,11,4,1,1,1,3,1,3,Bin_1,11,8,Bin_1,1,1,1,Bin_1,2.0,Bin_3,,,,,,,,281.9626547,11
11,Bin_1,1,11,4,1,1,1,4,1,3,Bin_5,11,5,Bin_1,1,1,1,Bin_1,2.0,Bin_2,,,,,,,,281.9626547,11
11,Bin_1,1,11,6,1,1,1,1,1,1,Bin_1,11,2,Bin_3,1,1,1,Bin_1,9.0,Bin_3,1.0,1.0,8332.0,Bin_3,3.0,,,281.9626547,11
11,*,1,11,6,1,1,1,2,1,2,*,11,4,*,1,1,1,*,9.0,*,7.0,1.0,7549.0,*,5.0,,,281.9626547,11
11,*,1,11,6,1,1,1,3,1,3,*,11,3,*,1,1,1,*,9.0,*,1.0,1.0,3513.0,*,3.0,,,281.9626547,11
11,*,1,11,6,1,1,1,4,1,3,*,11,9,*,1,1,1,*,9.0,*,1.0,1.0,8323.0,*,5.0,,,281.9626547,11
11,Bin_1,1,11,6,1,1,1,5,1,3,Bin_5,11,4,Bin_2,1,1,1,Bin_1,2.0,Bin_4,8.0,2.0,,,,,,281.9626547,11
11,Bin_1,1,11,7,1,1,1,1,1,1,Bin_1,11,2,Bin_3,1,1,1,Bin_1,9.0,Bin_3,1.0,1.0,9629.0,Bin_1,5.0,,,281.9626547,11
11,Bin_1,1,11,7,1,1,1,2,1,2,Bin_5,11,3,Bin_3,1,1,1,Bin_1,9.0,Bin_3,7.0,2.0,,,,,,281.9626547,11
11,*,1,11,7,1,1,1,3,1,3,*,11,4,*,1,1,1,*,9.0,*,1.0,1.0,3324.0,*,3.0,,,281.9626547,11
11,Bin_1,1,11,7,1,1,1,4,1,3,Bin_5,11,6,Bin_1,1,1,1,Bin_1,2.0,Bin_3,8.0,2.0,,,,,,281.9626547,11
11,Bin_1,1,11,7,1,1,1,5,1,3,Bin_5,11,3,Bin_1,1,1,1,Bin_1,2.0,Bin_2,,,,,,,,281.9626547,11
11,Bin_1,1,11,8,1,1,1,1,1,1,Bin_5,11,5,Bin_3,1,1,1,Bin_1,9.0,Bin_4,7.0,2.0,,,,,,281.9626547,11
11,Bin_1,1,11,8,1,1,1,2,1,3,Bin_1,11,2,Bin_1,1,1,1,Bin_1,2.0,Bin_3,8.0,2.0,,,,,,281.9626547,11
11,Bin_1,1,11,8,1,1,1,3,1,3,Bin_1,11,7,Bin_1,1,1,1,Bin_1,2.0,Bin_2,,,,,,,,281.9626547,11
11,Bin_1,1,11,8,1,1,1,4,1,3,Bin_5,11,1,Bin_1,1,1,1,Bin_1,9.0,Bin_5,,,,,,,,281.9626547,11
11,Bin_1,1,11,8,1,1,1,5,1,4,Bin_5,11,10,Bin_4,1,1,1,Bin_3,9.0,Bin_2,9.0,2.0,,,,,,281.9626547,11
11,Bin_1,1,11,8,1,1,1,6,2,2,Bin_1,11,7,Bin_3,1,1,1,Bin_1,9.0,Bin_3,,,,,,2.0,1.0,281.9626547,11
11,Bin_1,1,11,9,1,1,1,1,1,1,Bin_1,11,5,Bin_3,1,1,1,Bin_1,9.0,Bin_3,1.0,1.0,8323.0,Bin_3,5.0,,,281.9626547,11
11,*,1,11,9,1,1,1,2,1,2,*,11,3,*,1,1,1,*,9.0,*,7.0,1.0,5212.0,*,5.0,,,281.9626547,11
11,Bin_1,1,11,9,1,1,1,3,1,3,Bin_1,11,2,Bin_1,1,1,1,Bin_1,2.0,Bin_3,8.0,2.0,,,,,,281.9626547,11
11,Bin_1,1,11,9,1,1,1,4,1,3,Bin_1,11,4,Bin_1,1,1,1,Bin_1,2.0,Bin_3,,,,,,,,281.9626547,11
11,Bin_1,1,11,9,1,1,1,5,1,3,Bin_1,11,3,Bin_1,1,1,1,Bin_1,2.0,Bin_1,,,,,,,,281.9626547,11
11,Bin_1,1,11,9,1,1,1,6,1,3,Bin_1,11,3,Bin_1,1,1,1,Bin_1,,,,,,,,,,281.9626547,11
11,*,1,11,10,1,1,1,1,1,1,*,11,7,*,1,1,1,*,9.0,*,1.0,1.0,2642.0,*,2.0,,,281.9626547,11
11,*,1,11,10,1,1,1,2,1,2,*,11,12,*,1,1,1,*,9.0,*,1.0,1.0,4110.0,*,1.0,,,281.9626547,11
11,*,1,11,10,1,1,1,3,1,5,*,11,10,*,1,1,1,*,9.0,*,1.0,1.0,5311.0,*,1.0,,,281.9626547,11
11,Bin_1,1,11,2,1,1,1,1,1,1,Bin_1,11,7,Bin_3,1,1,4,Bin_1,9.0,Bin_3,1.0,1.0,9322.0,Bin_3,3.0,,,416.3426786,11
11,*,1,11,2,1,1,1,2,1,2,*,11,10,*,1,1,4,*,9.0,*,1.0,1.0,3313.0,*,5.0,,,416.3426786,11
11,*,1,11,2,1,1,1,3,1,3,*,11,3,*,1,1,4,*,9.0,*,1.0,1.0,3313.0,*,2.0,,,416.3426786,11
11,Bin_1,1,11,3,1,1,1,1,1,1,Bin_1,11,4,Bin_4,1,1,4,Bin_1,9.0,Bin_3,1.0,1.0,9322.0,Bin_3,3.0,,,416.3426786,11
11,Bin_1,1,11,3,1,1,1,2,1,2,Bin_5,11,7,Bin_4,1,1,4,Bin_1,9.0,Bin_2,7.0,2.0,,,,,,416.3426786,11
11,Bin_1,1,11,6,1,1,1,1,1,1,Bin_1,11,3,Bin_3,1,1,4,Bin_1,9.0,Bin_3,1.0,1.0,7115.0,Bin_1,5.0,,,416.3426786,11
11,Bin_1,1,11,6,1,1,1,2,1,2,Bin_5,11,6,Bin_3,1,1,4,Bin_1,9.0,Bin_3,7.0,2.0,,,,,,416.3426786,11
11,Bin_1,1,11,6,1,1,1,3,1,3,Bin_1,11,9,Bin_1,1,1,4,Bin_1,2.0,Bin_4,8.0,2.0,,,,,,416.3426786,11
11,Bin_1,1,11,7,1,1,1,1,1,1,Bin_1,11,11,Bin_4,1,1,5,Bin_1,9.0,Bin_3,1.0,1.0,4321.0,Bin_3,3.0,,,416.3426786,11
11,Bin_1,1,11,7,1,1,1,2,1,2,Bin_5,11,11,Bin_3,1,1,5,Bin_1,9.0,Bin_3,7.0,2.0,,,,,,416.3426786,11
11,*,1,11,7,1,1,1,3,1,3,*,11,6,*,1,1,5,*,9.0,*,1.0,1.0,4226.0,*,3.0,,,416.3426786,11
11,Bin_1,1,11,7,1,1,1,4,1,3,Bin_1,11,8,Bin_1,1,1,5,Bin_1,5.0,Bin_3,8.0,2.0,,,,,,416.3426786,11
11,*,1,11,7,1,1,1,5,1,5,*,11,2,*,1,1,5,*,9.0,*,1.0,1.0,9322.0,*,3.0,,,416.3426786,11
11,*,1,11,8,1,1,1,1,1,1,*,11,7,*,1,1,5,*,9.0,*,1.0,1.0,4110.0,*,1.0,,,416.3426786,11
11,*,1,11,8,1,1,1,2,1,2,*,11,7,*,1,1,5,*,9.0,*,7.0,1.0,7512.0,*,5.0,,,416.3426786,11
11,*,1,11,8,1,1,1,3,1,3,*,11,11,*,1,1,5,*,9.0,*,1.0,1.0,3313.0,*,3.0,,,416.3426786,11
11,*,1,11,8,1,1,1,4,1,3,*,11,5,*,1,1,5,*,9.0,*,1.0,1.0,2166.0,*,5.0,,,416.3426786,11
11,*,1,11,8,1,1,1,5,1,3,*,11,6,*,1,1,5,*,9.0,*,1.0,1.0,3322.0,*,3.0,,,416.3426786,11
11,Bin_1,1,11,9,1,1,1,1,1,1,Bin_1,11,6,Bin_3,1,1,1,Bin_1,9.0,Bin_3,1.0,1.0,7115.0,Bin_1,3.0,,,416.3426786,11
11,Bin_1,1,11,9,1,1,1,2,1,2,Bin_5,11,6,Bin_3,1,1,1,Bin_1,9.0,Bin_3,7.0,2.0,,,,,,416.3426786,11
11,Bin_1,1,11,9,1,1,1,3,1,3,Bin_5,11,6,Bin_1,1,1,1,Bin_1,2.0,Bin_3,,,,,,,,416.3426786,11
11,Bin_1,1,11,2,1,1,1,1,1,1,Bin_1,11,8,Bin_4,1,1,1,Bin_1,9.0,Bin_3,1.0,1.0,8323.0,Bin_3,3.0,,,296.258656,11
11,*,1,11,2,1,1,1,2,1,2,*,11,6,*,1,1,1,*,9.0,*,1.0,1.0,7512.0,*,5.0,,,296.258656,11
11,Bin_1,1,11,2,1,1,1,3,1,3,Bin_1,11,8,Bin_2,1,1,1,Bin_1,6.0,Bin_4,8.0,2.0,,,,,,296.258656,11
11,*,1,11,3,1,1,1,1,1,1,*,11,3,*,1,1,1,*,9.0,*,1.0,1.0,8322.0,*,3.0,,,296.258656,11
11,*,1,11,3,1,1,1,2,1,5,*,11,11,*,1,1,1,*,9.0,*,1.0,1.0,8322.0,*,3.0,,,296.258656,11
11,Bin_1,1,11,4,1,1,1,1,1,1,Bin_1,11,5,Bin_3,1,1,1,Bin_1,9.0,Bin_2,9.0,2.0,,,,,,296.258656,11
11,Bin_1,1,11,4,1,1,1,2,1,5,Bin_1,11,1,Bin_4,1,1,1,Bin_1,9.0,Bin_2,9.0,2.0,,,,,,296.258656,11
11,*,1,11,4,1,1,1,3,1,5,*,11,2,*,1,1,1,*,9.0,*,1.0,1.0,5249.0,*,3.0,,,296.258656,11
11,Bin_1,1,11,5,1,1,1,1,1,1,Bin_1,11,7,Bin_3,1,1,1,Bin_1,9.0,Bin_3,1.0,1.0,7221.0,Bin_3,5.0,,,296.258656,11
11,*,1,11,5,1,1,1,2,1,2,*,11,9,*,1,1,1,*,9.0,*,1.0,1.0,9322.0,*,3.0,,,296.258656,11
11,Bin_1,1,11,5,1,1,1,3,1,3,Bin_5,11,9,Bin_1,1,1,1,Bin_1,2.0,Bin_3,8.0,2.0,,,,,,296.258656,11
11,Bin_1,1,11,5,1,1,1,4,1,3,Bin_5,11,8,Bin_1,1,1,1,Bin_1,2.0,Bin_3,8.0,2.0,,,,,,296.258656,11
11,Bin_1,1,11,5,1,1,1,5,1,3,Bin_5,11,3,Bin_1,1,1,1,Bin_1,2.0,Bin_2,,,,,,,,296.258656,11
11,Bin_1,1,11,6,1,1,1,1,1,1,Bin_1,11,6,Bin_3,1,1,1,Bin_1,9.0,Bin_3,1.0,1.0,8323.0,Bin_3,5.0,,,296.258656,11
11,*,1,11,6,1,1,1,2,1,2,*,11,3,*,1,1,1,*,9.0,*,1.0,1.0,7531.0,*,2.0,,,296.258656,11
11,Bin_1,1,11,6,1,1,1,3,1,3,Bin_1,11,8,Bin_1,1,1,1,Bin_1,2.0,Bin_2,,,,,,,,296.258656,11
11,Bin_1,1,11,8,1,1,1,1,1,1,Bin_1,11,9,Bin_5,1,1,1,Bin_1,9.0,Bin_3,9.0,2.0,,,,,,296.258656,11
11,Bin_1,1,11,8,1,1,1,2,1,2,Bin_5,11,5,Bin_4,1,1,1,Bin_1,9.0,Bin_3,7.0,2.0,,,,,,296.258656,11
11,*,1,11,8,1,1,1,3,1,5,*,11,7,*,1,1,1,*,9.0,*,1.0,1.0,8332.0,*,2.0,,,296.258656,11
11,Bin_1,1,11,8,1,1,1,4,1,3,Bin_5,11,4,Bin_3,1,1,1,Bin_1,9.0,Bin_4,7.0,2.0,,,,,,296.258656,11
11,Bin_1,1,11,8,1,1,1,5,1,5,Bin_1,11,6,Bin_2,1,1,1,Bin_1,4.0,Bin_4,8.0,2.0,,,,,,296.258656,11
11,Bin_1,1,11,8,1,1,1,6,1,5,Bin_5,11,9,Bin_1,1,1,1,Bin_1,2.0,Bin_3,,,,,,,,296.258656,11
11,Bin_1,1,11,9,1,1,1,1,1,1,Bin_1,11,6,Bin_3,1,1,1,Bin_1,9.0,Bin_3,1.0,1.0,1420.0,Bin_3,5.0,,,296.258656,11
11,Bin_1,1,11,9,1,1,1,2,1,2,Bin_5,11,10,Bin_2,1,1,1,Bin_1,9.0,Bin_3,7.0,2.0,,,,,,296.258656,11
11,Bin_1,1,11,9,1,1,1,3,1,3,Bin_5,11,10,Bin_1,1,1,1,Bin_1,2.0,Bin_2,,,,,,,,296.258656,11
11,Bin_1,1,11,9,1,1,1,4,1,3,Bin_1,11,10,Bin_1,1,1,1,Bin_1,2.0,Bin_2,,,,,,,,296.258656,11
11,*,1,11,10,1,1,1,1,1,1,*,11,6,*,1,1,1,*,9.0,*,1.0,1.0,3334.0,*,3.0,,,296.258656,11
11,*,1,11,10,1,1,1,2,1,2,*,11,2,*,1,1,1,*,9.0,*,1.0,1.0,1120.0,*,3.0,,,296.258656,11
11,Bin_1,1,11,10,1,1,1,3,1,3,Bin_1,11,7,Bin_1,1,1,1,Bin_1,2.0,Bin_4,8.0,2.0,,,,,,296.258656,11
11,Bin_1,1,11,10,1,1,1,4,1,4,Bin_5,11,7,Bin_5,1,1,1,Bin_3,9.0,Bin_4,6.0,2.0,,,,,,296.258656,11
11,*,1,11,10,1,1,1,5,1,6,*,11,7,*,1,2,2,*,9.0,*,1.0,1.0,9111.0,*,3.0,,,296.258656,11
11,*,1,11,1,1,1,1,1,1,1,*,11,3,*,1,1,1,*,9.0,*,1.0,1.0,7116.0,*,5.0,,,384.6734425,11
11,Bin_1,1,11,1,1,1,1,2,1,2,Bin_5,11,5,Bin_2,1,1,1,Bin_1,9.0,Bin_4,7.0,2.0,,,,,,384.6734425,11
11,Bin_1,1,11,1,1,1,1,3,1,3,Bin_5,11,8,Bin_1,1,1,1,Bin_1,1.0,,,,,,,,,384.6734425,11
11,Bin_1,1,11,2,1,1,1,1,1,1,Bin_1,11,8,Bin_3,1,1,1,Bin_1,9.0,Bin_3,1.0,1.0,7116.0,Bin_3,5.0,,,384.6734425,11
11,Bin_1,1,11,2,1,1,1,2,1,2,Bin_5,11,2,Bin_3,1,1,1,Bin_1,9.0,Bin_3,7.0,2.0,,,,,,384.6734425,11
11,Bin_1,1,11,2,1,1,1,3,1,3,Bin_5,11,8,Bin_2,1,1,1,Bin_1,4.0,Bin_4,8.0,2.0,,,,,,384.6734425,11
11,*,1,11,3,1,1,1,1,1,1,*,11,5,*,1,1,1,*,9.0,*,1.0,1.0,8332.0,*,5.0,,,384.6734425,11
11,*,1,11,3,1,1,1,2,1,2,*,11,4,*,1,1,1,*,9.0,*,7.0,1.0,6121.0,*,5.0,,,384.6734425,11
11,Bin_1,1,11,3,1,1,1,3,1,3,Bin_1,11,9,Bin_1,1,1,1,Bin_1,2.0,Bin_1,,,,,,,,384.6734425,11
11,Bin_1,1,11,4,1,1,1,1,1,1,Bin_1,11,10,Bin_3,1,1,1,Bin_1,9.0,Bin_3,1.0,1.0,8323.0,Bin_3,5.0,,,384.6734425,11
11,Bin_1,1,11,4,1,1,1,2,1,2,Bin_5,11,11,Bin_3,1,1,1,Bin_1,9.0,Bin_3,7.0,2.0,,,,,,384.6734425,11
11,Bin_1,1,11,4,1,1,1,3,1,3,Bin_5,11,11,Bin_1,1,1,1,Bin_1,2.0,Bin_2,,,,,,,,384.6734425,11
11,Bin_1,1,11,4,1,1,1,4,1,3,Bin_5,11,11,Bin_1,1,1,1,Bin_1,2.0,Bin_1,,,,,,,,384.6734425,11
11,Bin_1,1,11,4,1,1,1,5,1,3,Bin_5,11,9,Bin_1,1,1,1,Bin_1,,,,,,,,,,384.6734425,11
11,Bin_1,1,11,4,1,1,1,6,1,4,Bin_5,11,1,Bin_5,1,1,1,Bin_3,9.0,Bin_4,9.0,2.0,,,,,,384.6734425,11
11,*,1,11,4,1,1,1,7,1,5,*,11,9,*,1,1,1,*,9.0,*,1.0,1.0,9629.0,*,3.0,,,384.6734425,11
11,*,1,11,5,1,1,1,1,1,1,*,11,6,*,1,1,1,*,9.0,*,1.0,1.0,7115.0,*,5.0,,,384.6734425,11
11,Bin_1,1,11,5,1,1,1,2,1,2,Bin_5,11,4,Bin_3,1,1,1,Bin_1,9.0,Bin_3,7.0,2.0,,,,,,384.6734425,11
11,*,1,11,5,1,1,1,3,1,3,*,11,6,*,1,1,1,*,9.0,*,1.0,1.0,5230.0,*,3.0,,,384.6734425,11
11,Bin_1,1,11,5,1,1,1,4,1,3,Bin_1,11,11,Bin_1,1,1,1,Bin_1,2.0,Bin_3,8.0,2.0,,,,,,384.6734425,11
11,Bin_1,1,11,5,1,1,1,5,1,3,Bin_5,11,3,Bin_1,1,1,1,Bin_1,2.0,Bin_2,,,,,,,,384.6734425,11
11,*,1,11,6,1,1,1,1,1,1,*,11,5,*,1,1,1,*,9.0,*,1.0,1.0,1420.0,*,4.0,,,384.6734425,11
11,Bin_1,1,11,6,1,1,1,2,2,2,Bin_1,11,8,Bin_3,1,1,1,Bin_1,9.0,Bin_4,,,,,,2.0,1.0,384.6734425,11
11,Bin_1,1,11,6,1,1,1,3,1,4,Bin_1,11,1,Bin_4,1,1,1,Bin_1,9.0,Bin_4,4.0,2.0,,,,,,384.6734425,11
11,Bin_1,1,11,6,1,1,1,4,1,4,Bin_5,11,3,Bin_4,1,1,1,Bin_1,9.0,Bin_4,7.0,2.0,,,,,,384.6734425,11
11,Bin_1,1,11,7,1,1,1,1,1,1,Bin_5,11,2,Bin_5,1,1,1,Bin_3,9.0,Bin_5,9.0,2.0,,,,,,384.6734425,11
11,*,1,11,7,1,1,1,2,1,3,*,11,6,*,1,1,1,*,9.0,*,1.0,1.0,5249.0,*,3.0,,,384.6734425,11
11,*,1,11,9,1,1,1,1,1,1,*,11,1,*,1,1,1,*,9.0,*,1.0,1.0,9322.0,*,3.0,,,384.6734425,11
11,Bin_1,1,11,9,1,1,1,2,1,2,Bin_5,11,2,Bin_4,1,1,1,Bin_1,9.0,Bin_3,7.0,2.0,,,,,,384.6734425,11
11,*,1,11,9,1,1,1,3,1,3,*,11,12,*,1,1,1,*,9.0,*,1.0,1.0,4311.0,*,3.0,,,384.6734425,11
11,Bin_1,1,11,10,1,1,1,1,1,1,Bin_5,11,5,Bin_3,1,1,1,Bin_5,9.0,Bin_3,7.0,2.0,,,,,,384.6734425,11
11,Bin_1,1,11,10,1,1,1,2,1,3,Bin_1,11,2,Bin_1,1,1,1,Bin_1,6.0,Bin_3,8.0,2.0,,,,,,384.6734425,11
11,Bin_1,1,11,10,1,1,1,3,1,3,Bin_1,11,4,Bin_1,1,1,1,Bin_1,2.0,Bin_2,,,,,,,,384.6734425,11
11,*,1,11,1,1,1,1,1,1,1,*,11,9,*,1,1,1,*,9.0,*,1.0,1.0,8322.0,*,3.0,,,264.530716,11
11,Bin_1,1,11,1,1,1,1,2,1,2,Bin_5,11,1,Bin_3,1,1,1,Bin_1,9.0,Bin_3,7.0,2.0,,,,,,264.530716,11
11,Bin_1,1,11,1,1,1,1,3,1,3,Bin_5,11,9,Bin_2,1,1,1,Bin_1,3.0,Bin_4,8.0,2.0,,,,,,264.530716,11
11,Bin_1,1,11,1,1,1,1,4,1,3,Bin_5,11,10,Bin_2,1,1,1,Bin_1,5.0,Bin_4,8.0,2.0,,,,,,264.530716,11
11,Bin_1,1,11,1,1,1,1,5,1,3,Bin_1,11,9,Bin_1,1,1,1,Bin_1,2.0,Bin_3,8.0,2.0,,,,,,264.530716,11
11,Bin_1,1,11,1,1,1,1,6,1,3,Bin_1,11,10,Bin_1,1,1,1,Bin_1,2.0,Bin_2,,,,,,,,264.530716,11
11,Bin_1,1,11,2,1,1,1,1,1,1,Bin_1,11,3,Bin_3,1,1,1,Bin_1,9.0,Bin_4,1.0,1.0,1214.0,Bin_3,3.0,,,264.530716,11
11,*,1,11,2,1,1,1,2,1,2,*,11,12,*,1,1,1,*,9.0,*,1.0,1.0,3341.0,*,3.0,,,264.530716,11
11,*,1,11,2,1,1,1,3,1,5,*,11,6,*,1,1,1,*,9.0,*,1.0,1.0,5414.0,*,3.0,,,264.530716,11
11,Bin_1,1,11,2,1,1,1,4,1,5,Bin_5,11,4,Bin_4,1,1,1,Bin_3,9.0,Bin_3,7.0,2.0,,,,,,264.530716,11
11,Bin_1,1,11,2,1,1,1,5,1,5,Bin_5,11,2,Bin_5,1,1,1,Bin_1,9.0,Bin_3,9.0,2.0,,,,,,264.530716,11
11,Bin_1,1,11,2,1,1,1,6,1,3,Bin_5,11,3,Bin_2,1,1,1,Bin_1,3.0,Bin_4,8.0,2.0,,,,,,264.530716,11
11,Bin_1,1,11,3,1,1,1,1,1,1,Bin_1,11,10,Bin_4,1,1,1,Bin_1,9.0,Bin_3,4.0,2.0,,,,,,264.530716,11
11,Bin_1,1,11,3,1,1,1,2,1,2,Bin_5,11,3,Bin_4,1,1,1,Bin_1,9.0,Bin_3,7.0,2.0,,,,,,264.530716,11
11,*,1,11,3,1,1,1,3,1,3,*,11,6,*,1,1,1,*,9.0,*,1.0,1.0,5221.0,*,5.0,,,264.530716,11
11,*,1,11,3,1,1,1,4,1,5,*,11,1,*,1,1,1,*,9.0,*,1.0,1.0,4321.0,*,1.0,,,264.530716,11
11,Bin_1,1,11,3,1,1,1,5,1,5,Bin_5,11,11,Bin_1,1,1,1,Bin_1,1.0,,,,,,,,,264.530716,11
11,*,1,11,4,1,1,1,1,1,1,*,11,6,*,1,1,5,*,9.0,*,1.0,1.0,8332.0,*,5.0,,,264.530716,11
11,Bin_1,1,11,4,1,1,1,2,1,2,Bin_5,11,4,Bin_5,1,1,5,Bin_1,9.0,Bin_3,7.0,2.0,,,,,,264.530716,11
11,Bin_1,1,11,5,1,1,1,1,1,1,Bin_1,11,2,Bin_5,1,1,1,Bin_1,9.0,Bin_3,4.0,2.0,,,,,,264.530716,11
11,Bin_1,1,11,5,1,1,1,2,1,2,Bin_5,11,1,Bin_4,1,1,1,Bin_1,9.0,Bin_3,7.0,2.0,,,,,,264.530716,11
11,Bin_1,1,11,6,1,1,1,1,1,1,Bin_5,11,1,Bin_4,1,1,1,Bin_3,9.0,Bin_2,7.0,2.0,,,,,,264.530716,11
11,Bin_1,1,11,6,1,1,1,2,1,3,Bin_1,11,11,Bin_3,1,1,1,Bin_1,9.0,Bin_3,1.0,1.0,7116.0,Bin_1,5.0,,,264.530716,11
11,*,1,11,6,1,1,1,3,1,5,*,11,10,*,1,1,1,*,9.0,*,1.0,1.0,7531.0,*,3.0,,,264.530716,11
11,Bin_1,1,11,6,1,1,1,4,1,5,Bin_5,11,6,Bin_1,1,1,1,Bin_1,2.0,Bin_3,8.0,2.0,,,,,,264.530716,11
11,Bin_1,1,11,7,1,1,1,1,1,1,Bin_1,11,11,Bin_4,1,1,1,Bin_1,9.0,Bin_3,9.0,2.0,,,,,,264.530716,11
11,*,1,11,7,1,1,1,2,1,2,*,11,7,*,1,1,1,*,9.0,*,1.0,1.0,9998.0,*,3.0,,,264.530716,11
11,*,1,11,7,1,1,1,3,1,3,*,11,2,*,1,1,1,*,9.0,*,1.0,1.0,9111.0,*,3.0,,,264.530716,11
11,Bin_1,1,11,7,1,1,1,4,1,5,Bin_5,11,1,Bin_1,1,1,1,Bin_1,2.0,Bin_1,,,,,,,,264.530716,11
11,Bin_1,1,11,8,1,1,1,1,1,1,Bin_1,11,6,Bin_4,1,1,1,Bin_1,9.0,Bin_3,5.0,2.0,,,,,,264.530716,11
11,Bin_1,1,11,8,1,1,1,2,1,2,Bin_5,11,4,Bin_4,1,1,1,Bin_1,9.0,Bin_3,7.0,2.0,,,,,,264.530716,11
11,*,1,11,8,1,1,1,3,1,3,*,11,1,*,1,1,1,*,9.0,*,1.0,1.0,8332.0,*,5.0,,,264.530716,11
11,Bin_1,1,11,8,1,1,1,4,2,3,Bin_5,11,11,Bin_3,1,1,1,Bin_1,9.0,Bin_4,,,,,,2.0,1.0,264.530716,11
11,Bin_1,1,11,9,1,1,1,1,1,1,Bin_1,11,12,Bin_3,1,1,1,Bin_1,9.0,Bin_3,1.0,1.0,7131.0,Bin_3,4.0,,,264.530716,11
11,Bin_1,1,11,9,1,1,1,2,1,2,Bin_5,11,7,Bin_2,1,1,1,Bin_1,9.0,Bin_4,7.0,2.0,,,,,,264.530716,11
11,Bin_1,1,11,9,1,1,1,3,1,3,Bin_5,11,7,Bin_1,1,1,1,Bin_1,2.0,Bin_2,,,,,,,,264.530716,11
11,Bin_1,1,11,9,1,1,1,4,1,3,Bin_1,11,6,Bin_1,1,1,1,Bin_1,2.0,Bin_1,,,,,,,,264.530716,11
11,*,1,11,10,1,1,1,1,1,1,*,11,11,*,1,1,1,*,9.0,*,1.0,1.0,7313.0,*,5.0,,,264.530716,11
11,*,1,11,10,1,1,1,2,1,2,*,11,3,*,1,1,1,*,9.0,*,1.0,1.0,7313.0,*,6.0,,,264.530716,11
11,Bin_1,1,11,10,1,1,1,3,1,3,Bin_1,11,3,Bin_2,1,1,1,Bin_1,9.0,Bin_4,8.0,2.0,,,,,,264.530716,11
11,Bin_1,2,11,1,1,1,1,1,1,1,Bin_5,11,8,Bin_2,1,2,2,Bin_1,9.0,Bin_2,7.0,2.0,,,,,,302.930336,11
11,Bin_1,2,11,1,1,1,1,2,2,2,Bin_1,11,2,Bin_3,1,2,2,Bin_1,9.0,Bin_3,,,,,,2.0,1.0,302.930336,11
11,Bin_1,2,11,1,1,1,1,3,1,3,Bin_5,11,8,Bin_1,1,2,2,Bin_1,2.0,Bin_3,,,,,,,,302.930336,11
11,Bin_1,2,11,1,1,1,1,4,1,3,Bin_1,11,10,Bin_1,1,2,2,Bin_1,2.0,Bin_2,,,,,,,,302.930336,11
11,Bin_1,2,11,1,1,1,1,5,1,3,Bin_1,11,10,Bin_1,1,2,2,Bin_1,2.0,Bin_1,,,,,,,,302.930336,11
11,*,2,11,3,1,1,1,1,1,1,*,11,12,*,1,2,2,*,9.0,*,1.0,1.0,5211.0,*,3.0,,,302.930336,11
11,Bin_1,2,11,3,1,1,1,2,1,2,Bin_5,11,2,Bin_2,1,2,2,Bin_1,9.0,Bin_3,7.0,2.0,,,,,,302.930336,11
11,Bin_1,2,11,3,1,1,1,3,1,3,Bin_5,11,2,Bin_1,1,2,2,Bin_1,,,,,,,,,,302.930336,11
11,Bin_1,2,11,4,1,1,1,1,1,1,Bin_1,11,11,Bin_3,1,2,2,Bin_1,9.0,Bin_3,1.0,1.0,5211.0,Bin_3,3.0,,,302.930336,11
11,*,2,11,4,1,1,1,2,1,2,*,11,11,*,1,2,2,*,9.0,*,1.0,1.0,2341.0,*,1.0,,,302.930336,11
11,Bin_1,2,11,4,1,1,1,3,1,3,Bin_1,11,1,Bin_1,1,2,2,Bin_1,2.0,Bin_4,8.0,2.0,,,,,,302.930336,11
11,Bin_1,2,11,4,1,1,1,4,1,3,Bin_5,11,1,Bin_1,1,2,2,Bin_1,2.0,Bin_3,,,,,,,,302.930336,11
11,Bin_1,2,11,4,1,1,1,5,1,3,Bin_5,11,1,Bin_1,1,2,2,Bin_1,2.0,Bin_2,,,,,,,,302.930336,11
11,*,2,11,5,1,1,1,1,1,1,*,11,8,*,1,2,2,*,9.0,*,1.0,1.0,7531.0,*,6.0,,,302.930336,11
11,Bin_1,2,11,5,1,1,1,2,1,2,Bin_5,11,9,Bin_4,1,2,2,Bin_1,9.0,Bin_3,7.0,2.0,,,,,,302.930336,11
11,*,2,11,5,1,1,1,3,1,3,*,11,7,*,1,2,2,*,9.0,*,1.0,1.0,7531.0,*,6.0,,,302.930336,11
11,*,2,11,5,1,1,1,4,1,3,*,11,1,*,1,2,2,*,9.0,*,1.0,1.0,1321.0,*,4.0,,,302.930336,11
11,Bin_1,2,11,5,1,1,1,5,1,5,Bin_5,11,7,Bin_2,1,2,2,Bin_1,9.0,Bin_4,7.0,2.0,,,,,,302.930336,11
11,Bin_1,2,11,5,1,1,1,6,1,5,Bin_5,11,8,Bin_1,1,2,2,Bin_1,,,,,,,,,,302.930336,11
11,Bin_1,2,11,6,1,1,1,1,1,1,Bin_1,11,4,Bin_4,1,4,3,Bin_1,9.0,Bin_3,1.0,1.0,4321.0,Bin_3,3.0,,,302.930336,11
11,Bin_1,2,11,6,1,1,1,2,1,2,Bin_5,11,4,Bin_3,1,4,3,Bin_1,9.0,Bin_2,7.0,2.0,,,,,,302.930336,11
11,Bin_1,2,11,6,1,1,1,3,1,3,Bin_1,11,3,Bin_2,1,4,3,Bin_1,9.0,Bin_3,3.0,2.0,,,,,,302.930336,11
11,Bin_1,2,11,6,1,1,1,4,2,3,Bin_1,11,4,Bin_2,1,4,3,Bin_1,9.0,Bin_3,,,,,,2.0,1.0,302.930336,11
11,Bin_1,2,11,6,1,1,1,5,1,3,Bin_5,11,12,Bin_2,1,4,3,Bin_1,9.0,Bin_3,7.0,2.0,,,,,,302.930336,11
11,*,2,11,6,1,1,1,6,1,5,*,11,1,*,1,4,3,*,9.0,*,1.0,1.0,1221.0,*,5.0,,,302.930336,11
11,Bin_1,2,11,7,1,1,1,1,1,1,Bin_1,11,1,Bin_3,1,2,2,Bin_1,9.0,Bin_4,1.0,1.0,1221.0,Bin_3,3.0,,,302.930336,11
11,Bin_1,2,11,7,1,1,1,2,1,2,Bin_5,11,8,Bin_3,1,2,2,Bin_1,9.0,Bin_4,7.0,2.0,,,,,,302.930336,11
11,Bin_1,2,11,7,1,1,1,3,1,3,Bin_5,11,10,Bin_1,1,2,2,Bin_1,2.0,Bin_3,,,,,,,,302.930336,11
11,Bin_1,2,11,7,1,1,1,4,1,3,Bin_1,11,12,Bin_1,1,2,2,Bin_1,2.0,Bin_2,,,,,,,,302.930336,11
11,Bin_1,2,11,7,1,1,1,5,1,3,Bin_5,11,8,Bin_1,1,2,2,Bin_1,2.0,Bin_1,,,,,,,,302.930336,11
11,Bin_1,2,11,9,1,1,1,1,1,1,Bin_5,11,3,Bin_3,1,4,3,Bin_3,9.0,Bin_2,7.0,2.0,,,,,,302.930336,11
11,Bin_1,2,11,9,1,1,1,2,1,3,Bin_5,11,4,Bin_2,1,4,3,Bin_1,9.0,Bin_3,7.0,2.0,,,,,,302.930336,11
11,*,2,11,9,1,1,1,3,1,3,*,11,11,*,1,4,3,*,9.0,*,1.0,1.0,5230.0,*,3.0,,,302.930336,11
11,Bin_1,2,11,9,1,1,1,4,1,3,Bin_5,11,3,Bin_1,1,4,3,Bin_1,2.0,Bin_3,,,,,,,,302.930336,11
11,*,2,11,9,1,1,1,5,1,3,*,11,12,*,1,4,3,*,9.0,*,1.0,1.0,8332.0,*,3.0,,,302.930336,11
11,Bin_1,2,11,9,1,1,1,6,1,5,Bin_5,11,1,Bin_2,1,4,3,Bin_1,9.0,Bin_3,7.0,2.0,,,,,,302.930336,11
11,Bin_1,2,11,10,1,1,1,1,1,1,Bin_5,11,5,Bin_4,1,2,2,Bin_3,9.0,Bin_3,7.0,2.0,,,,,,302.930336,11
11,*,2,11,1,1,1,1,1,1,1,*,11,10,*,1,2,2,*,9.0,*,1.0,1.0,9111.0,*,3.0,,,251.5403683,11
11,*,2,11,1,1,1,1,2,1,5,*,11,6,*,1,2,2,*,9.0,*,1.0,1.0,5211.0,*,3.0,,,251.5403683,11
11,Bin_1,2,11,1,1,1,1,3,1,5,Bin_1,11,12,Bin_1,1,2,2,Bin_1,2.0,Bin_3,8.0,2.0,,,,,,251.5403683,11
11,Bin_1,2,11,3,1,1,1,1,1,1,Bin_1,11,6,Bin_4,1,1,1,Bin_1,9.0,Bin_3,9.0,2.0,,,,,,251.5403683,11
11,Bin_1,2,11,3,1,1,1,2,1,2,Bin_5,11,5,Bin_4,1,1,1,Bin_1,9.0,Bin_3,9.0,2.0,,,,,,251.5403683,11
11,*,2,11,4,1,1,1,1,1,1,*,11,5,*,1,1,1,*,9.0,*,1.0,1.0,7531.0,*,5.0,,,251.5403683,11
11,*,2,11,4,1,1,1,2,1,3,*,11,3,*,1,1,1,*,4.0,*,1.0,1.0,3312.0,*,2.0,,,251.5403683,11
11,*,2,11,4,1,1,1,3,1,3,*,11,1,*,1,1,1,*,4.0,*,1.0,1.0,3341.0,*,3.0,,,251.5403683,11
11,*,2,11,4,1,1,1,4,1,5,*,11,12,*,1,1,1,*,9.0,*,1.0,1.0,2511.0,*,3.0,,,251.5403683,11
11,Bin_1,2,11,4,1,1,1,5,1,5,Bin_5,11,9,Bin_2,1,1,1,Bin_1,9.0,Bin_4,7.0,2.0,,,,,,251.5403683,11
11,*,2,11,5,1,1,1,1,1,1,*,11,2,*,1,2,2,*,9.0,*,1.0,1.0,2330.0,*,5.0,,,251.5403683,11
11,Bin_1,2,11,5,1,1,1,2,1,2,Bin_5,11,1,Bin_4,1,2,4,Bin_1,9.0,Bin_4,7.0,2.0,,,,,,251.5403683,11
11,*,2,11,5,1,1,1,3,1,3,*,11,5,*,1,2,2,*,4.0,*,1.0,1.0,2519.0,*,3.0,,,251.5403683,11
11,*,2,11,7,1,1,1,1,1,1,*,11,7,*,1,1,1,*,9.0,*,1.0,1.0,5211.0,*,3.0,,,251.5403683,11
11,Bin_1,2,11,7,1,1,1,2,1,2,Bin_5,11,8,Bin_3,1,2,4,Bin_1,9.0,Bin_3,7.0,2.0,,,,,,251.5403683,11
11,*,2,11,7,1,1,1,3,1,3,*,11,5,*,1,1,1,*,9.0,*,1.0,1.0,3313.0,*,3.0,,,251.5403683,11
11,*,2,11,8,1,1,1,1,1,1,*,11,12,*,1,2,2,*,9.0,*,1.0,1.0,1345.0,*,1.0,,,251.5403683,11
11,*,2,11,8,1,1,1,2,1,2,*,11,7,*,1,2,2,*,9.0,*,1.0,1.0,3360.0,*,1.0,,,251.5403683,11
11,Bin_1,2,11,8,1,1,1,3,1,3,Bin_1,11,3,Bin_1,1,2,2,Bin_1,2.0,Bin_2,,,,,,,,251.5403683,11
11,Bin_1,2,11,8,1,1,1,4,1,5,Bin_1,11,8,Bin_3,1,2,2,Bin_3,9.0,Bin_3,7.0,2.0,,,,,,251.5403683,11
11,Bin_1,2,11,9,1,1,1,1,1,1,Bin_1,11,11,Bin_3,1,2,2,Bin_1,9.0,Bin_3,1.0,1.0,8322.0,Bin_3,3.0,,,251.5403683,11
11,*,2,11,9,1,1,1,2,1,2,*,11,6,*,1,2,2,*,9.0,*,1.0,1.0,5221.0,*,5.0,,,251.5403683,11
11,Bin_1,2,11,10,1,1,1,1,1,1,Bin_1,11,10,Bin_4,1,2,2,Bin_1,9.0,Bin_3,1.0,1.0,5211.0,Bin_3,3.0,,,251.5403683,11
11,*,2,11,10,1,1,1,2,1,2,*,11,12,*,1,2,2,*,9.0,*,1.0,1.0,5211.0,*,3.0,,,251.5403683,11
11,*,2,11,10,1,1,1,3,1,3,*,11,10,*,1,2,2,*,9.0,*,1.0,1.0,5211.0,*,3.0,,,251.5403683,11
11,Bin_1,2,11,10,1,1,1,4,1,5,Bin_5,11,4,Bin_2,1,2,2,Bin_1,9.0,Bin_3,7.0,2.0,,,,,,251.5403683,11
11,Bin_1,2,11,10,1,1,1,5,1,5,Bin_1,11,12,Bin_1,1,2,2,Bin_1,,,,,,,,,,251.5403683,11
11,Bin_1,2,11,2,1,1,1,1,1,1,Bin_1,11,4,Bin_3,1,4,3,Bin_1,9.0,Bin_4,1.0,1.0,7532.0,Bin_3,3.0,,,329.3981013,11
11,Bin_1,2,11,2,1,1,1,2,1,2,Bin_5,11,1,Bin_2,1,4,3,Bin_1,9.0,Bin_3,7.0,2.0,,,,,,329.3981013,11
11,Bin_1,2,11,2,1,1,1,3,1,3,Bin_1,11,5,Bin_1,1,4,3,Bin_1,2.0,Bin_2,,,,,,,,329.3981013,11
11,Bin_1,2,11,2,1,1,1,4,1,3,Bin_5,11,3,Bin_1,1,4,3,Bin_1,2.0,Bin_2,,,,,,,,329.3981013,11
11,*,2,11,3,1,1,1,1,1,1,*,11,3,*,1,2,2,*,9.0,*,1.0,1.0,4212.0,*,3.0,,,329.3981013,11
11,Bin_1,2,11,3,1,1,1,2,1,2,Bin_5,11,2,Bin_4,1,2,2,Bin_1,9.0,Bin_2,7.0,2.0,,,,,,329.3981013,11
11,Bin_1,2,11,3,1,1,1,3,1,5,Bin_5,11,4,Bin_1,1,2,2,Bin_1,,,,,,,,,,329.3981013,11
11,Bin_1,2,11,3,1,1,1,4,1,5,Bin_5,11,11,Bin_1,1,2,2,Bin_1,,,,,,,,,,329.3981013,11
11,Bin_1,2,11,4,1,1,1,1,1,1,Bin_1,11,2,Bin_4,1,6,3,Bin_1,9.0,Bin_3,9.0,2.0,,,,,,329.3981013,11
11,Bin_1,2,11,4,1,1,1,2,1,3,Bin_5,11,1,Bin_3,1,6,3,Bin_5,9.0,Bin_3,7.0,2.0,,,,,,329.3981013,11
11,Bin_1,2,11,4,1,1,1,3,1,5,Bin_5,11,9,Bin_2,1,6,3,Bin_1,9.0,Bin_3,7.0,2.0,,,,,,329.3981013,11
11,Bin_1,2,11,4,1,1,1,4,1,5,Bin_5,11,6,Bin_1,1,6,3,Bin_1,2.0,Bin_3,8.0,2.0,,,,,,329.3981013,11
11,Bin_1,2,11,4,1,1,1,5,2,2,Bin_5,11,1,Bin_3,1,6,3,Bin_1,9.0,Bin_3,,,,,,2.0,1.0,329.3981013,11
11,*,2,11,5,1,1,1,1,1,1,*,11,11,*,1,4,3,*,9.0,*,1.0,1.0,1411.0,*,3.0,,,329.3981013,11
11,Bin_1,2,11,5,1,1,1,2,1,2,Bin_5,11,11,Bin_2,1,4,3,Bin_1,9.0,Bin_3,7.0,2.0,,,,,,329.3981013,11
11,Bin_1,2,11,5,1,1,1,3,1,3,Bin_1,11,9,Bin_1,1,4,3,Bin_1,2.0,Bin_2,,,,,,,,329.3981013,11
11,Bin_1,2,11,5,1,1,1,4,1,3,Bin_5,11,6,Bin_1,1,4,3,Bin_1,2.0,Bin_1,,,,,,,,329.3981013,11
11,*,2,11,5,1,1,1,5,1,5,*,11,8,*,1,4,3,*,9.0,*,1.0,1.0,7532.0,*,3.0,,,329.3981013,11
11,Bin_1,2,11,6,1,1,1,1,1,1,Bin_1,11,12,Bin_2,1,1,1,Bin_1,9.0,Bin_4,7.0,2.0,,,,,,329.3981013,11
11,*,2,11,6,1,1,1,2,1,2,*,11,11,*,1,1,1,*,9.0,*,1.0,1.0,5131.0,*,3.0,,,329.3981013,11
11,Bin_1,2,11,6,1,1,1,3,1,3,Bin_5,11,11,Bin_1,1,1,1,Bin_1,1.0,,,,,,,,,329.3981013,11
11,Bin_1,2,11,7,1,1,1,1,1,1,Bin_1,11,5,Bin_4,1,2,2,Bin_1,9.0,Bin_3,4.0,2.0,,,,,,329.3981013,11
11,*,2,11,7,1,1,1,2,1,2,*,11,1,*,1,2,2,*,9.0,*,1.0,1.0,9111.0,*,3.0,,,329.3981013,11
11,Bin_1,2,11,7,1,1,1,3,1,3,Bin_5,11,6,Bin_2,1,2,2,Bin_1,4.0,Bin_3,8.0,2.0,,,,,,329.3981013,11
11,*,2,11,8,1,1,1,1,1,1,*,11,10,*,1,4,3,*,9.0,*,1.0,1.0,5211.0,*,3.0,,,329.3981013,11
11,Bin_1,2,11,8,1,1,1,2,1,2,Bin_5,11,6,Bin_4,1,4,3,Bin_1,9.0,Bin_3,7.0,2.0,,,,,,329.3981013,11
11,*,2,11,8,1,1,1,3,1,3,*,11,4,*,1,4,3,*,9.0,*,1.0,1.0,5211.0,*,3.0,,,329.3981013,11
11,*,2,11,8,1,1,1,4,1,5,*,11,5,*,1,4,3,*,9.0,*,1.0,1.0,3123.0,*,3.0,,,329.3981013,11
11,Bin_1,2,11,8,1,1,1,5,1,9,Bin_1,11,10,Bin_1,1,4,3,Bin_1,2.0,Bin_1,,,,,,,,329.3981013,11
11,Bin_1,2,11,8,1,1,1,6,1,9,Bin_1,11,3,Bin_1,1,4,3,Bin_1,,,,,,,,,,329.3981013,11
11,Bin_1,2,11,8,1,1,1,7,1,3,Bin_5,11,7,Bin_2,1,4,3,Bin_1,9.0,Bin_4,7.0,2.0,,,,,,329.3981013,11
11,Bin_1,2,11,8,1,1,1,8,1,9,Bin_1,11,10,Bin_1,1,4,3,Bin_1,2.0,Bin_1,,,,,,,,329.3981013,11
11,Bin_1,2,11,8,1,1,1,9,1,9,Bin_5,11,7,Bin_1,1,4,3,Bin_1,,,,,,,,,,329.3981013,11
11,Bin_1,2,11,8,1,1,1,10,1,3,Bin_5,11,6,Bin_1,1,4,3,Bin_1,2.0,Bin_4,8.0,2.0,,,,,,329.3981013,11
11,Bin_1,2,11,8,1,1,1,11,2,5,Bin_1,11,6,Bin_2,1,4,3,Bin_1,9.0,Bin_3,,,,,,2.0,1.0,329.3981013,11
11,Bin_5,2,11,1,1,1,1,1,1,1,Bin_1,11,5,Bin_4,1,1,1,Bin_1,9.0,Bin_3,9.0,2.0,,,,,,337.1700395,11
11,Bin_5,2,11,1,1,1,1,2,1,2,Bin_5,11,8,Bin_4,1,1,1,Bin_1,9.0,Bin_3,7.0,2.0,,,,,,337.1700395,11
11,Bin_5,2,11,1,1,1,1,3,1,3,Bin_1,11,3,Bin_2,1,1,1,Bin_1,9.0,Bin_4,7.0,2.0,,,,,,337.1700395,11
11,*,2,11,4,1,1,1,1,1,1,*,11,12,*,1,1,1,*,9.0,*,1.0,1.0,5211.0,*,3.0,,,337.1700395,11
11,Bin_5,2,11,4,1,1,1,2,1,2,Bin_5,11,2,Bin_3,1,1,1,Bin_1,9.0,Bin_3,7.0,2.0,,,,,,337.1700395,11
11,Bin_5,2,11,4,1,1,1,3,1,3,Bin_1,11,12,Bin_1,1,1,1,Bin_1,2.0,Bin_3,,,,,,,,337.1700395,11
11,Bin_5,2,11,5,1,1,1,1,1,1,Bin_5,11,6,Bin_4,1,1,1,Bin_3,9.0,Bin_2,9.0,2.0,,,,,,337.1700395,11
11,*,2,11,5,1,1,1,2,1,3,*,11,5,*,1,1,1,*,9.0,*,1.0,1.0,8323.0,*,5.0,,,337.1700395,11
11,Bin_5,2,11,5,1,1,1,3,1,5,Bin_5,11,9,Bin_2,1,1,1,Bin_1,9.0,Bin_3,7.0,2.0,,,,,,337.1700395,11
11,Bin_5,2,11,5,1,1,1,4,1,5,Bin_5,11,9,Bin_1,1,1,1,Bin_1,2.0,Bin_2,,,,,,,,337.1700395,11
11,Bin_5,2,11,5,1,1,1,5,1,5,Bin_5,11,7,Bin_1,1,1,1,Bin_1,1.0,,,,,,,,,337.1700395,11
11,*,2,11,6,1,1,1,1,1,1,*,11,12,*,1,1,1,*,9.0,*,1.0,1.0,5221.0,*,5.0,,,337.1700395,11
11,Bin_5,2,11,7,1,1,1,1,1,1,Bin_1,11,11,Bin_4,1,1,1,Bin_1,9.0,Bin_5,9.0,2.0,,,,,,337.1700395,11
11,*,2,11,7,1,1,1,2,1,2,*,11,2,*,1,1,1,*,9.0,*,2.0,1.0,2211.0,*,5.0,,,337.1700395,11
11,Bin_5,2,11,7,1,1,1,3,1,3,Bin_5,11,4,Bin_2,1,1,1,Bin_1,3.0,Bin_4,8.0,2.0,,,,,,337.1700395,11
11,Bin_5,2,11,7,1,1,1,4,1,3,Bin_1,11,6,Bin_1,1,1,1,Bin_1,2.0,Bin_4,8.0,2.0,,,,,,337.1700395,11
11,*,2,11,8,1,1,1,1,1,1,*,11,12,*,1,1,1,*,9.0,*,1.0,1.0,5221.0,*,5.0,,,337.1700395,11
11,Bin_5,2,11,8,1,1,1,2,1,2,Bin_5,11,2,Bin_4,1,1,1,Bin_1,9.0,Bin_3,7.0,2.0,,,,,,337.1700395,11
11,*,2,11,8,1,1,1,3,1,3,*,11,9,*,1,1,1,*,9.0,*,1.0,1.0,3511.0,*,1.0,,,337.1700395,11
11,Bin_5,2,11,8,1,1,1,4,1,3,Bin_1,11,12,Bin_2,1,1,1,Bin_1,4.0,Bin_4,8.0,2.0,,,,,,337.1700395,11
11,*,2,11,9,1,1,1,1,1,1,*,11,3,*,1,1,1,*,9.0,*,1.0,1.0,7231.0,*,5.0,,,337.1700395,11
11,Bin_5,2,11,9,1,1,1,2,1,2,Bin_5,11,4,Bin_2,1,1,1,Bin_1,9.0,Bin_3,7.0,2.0,,,,,,337.1700395,11
11,Bin_5,2,11,9,1,1,1,3,1,3,Bin_1,11,12,Bin_1,1,1,1,Bin_1,2.0,Bin_2,,,,,,,,337.1700395,11
11,Bin_5,2,11,9,1,1,1,4,1,3,Bin_5,11,2,Bin_1,1,1,1,Bin_1,2.0,Bin_1,,,,,,,,337.1700395,11
11,Bin_5,2,11,9,1,1,1,5,1,3,Bin_5,11,2,Bin_1,1,1,1,Bin_1,1.0,Bin_5,,,,,,,,337.1700395,11
11,*,2,11,1,1,1,1,1,1,1,*,11,8,*,1,1,1,*,9.0,*,1.0,1.0,5412.0,*,1.0,,,359.9276815,11
11,Bin_1,2,11,1,1,1,1,2,1,2,Bin_5,11,4,Bin_3,1,1,1,Bin_1,9.0,Bin_4,4.0,2.0,,,,,,359.9276815,11
11,Bin_1,2,11,1,1,1,1,3,1,4,Bin_5,11,12,Bin_5,1,1,1,Bin_3,9.0,Bin_1,9.0,2.0,,,,,,359.9276815,11
11,Bin_1,2,11,1,1,1,1,4,1,5,Bin_5,11,9,Bin_4,1,1,1,Bin_1,9.0,Bin_3,7.0,2.0,,,,,,359.9276815,11
11,*,2,11,2,1,1,1,1,1,1,*,11,9,*,1,1,1,*,9.0,*,1.0,1.0,5414.0,*,3.0,,,359.9276815,11
11,Bin_1,2,11,2,1,1,1,2,1,3,Bin_1,11,10,Bin_2,1,1,1,Bin_1,9.0,Bin_4,3.0,2.0,,,,,,359.9276815,11
11,Bin_1,2,11,2,1,1,1,3,2,2,Bin_1,11,11,Bin_4,1,1,1,Bin_1,9.0,Bin_4,,,,,,1.0,3.0,359.9276815,11
11,Bin_1,2,11,2,1,1,1,4,2,3,Bin_1,11,11,Bin_2,1,1,1,Bin_1,4.0,Bin_4,,,,,,1.0,2.0,359.9276815,11
11,Bin_1,2,11,3,1,1,1,1,1,1,Bin_1,11,1,Bin_3,1,1,1,Bin_1,9.0,Bin_3,1.0,1.0,3122.0,Bin_1,3.0,,,359.9276815,11
11,Bin_1,2,11,3,1,1,1,2,1,2,Bin_5,11,12,Bin_2,1,1,1,Bin_1,9.0,Bin_4,7.0,2.0,,,,,,359.9276815,11
11,Bin_1,2,11,3,1,1,1,3,1,3,Bin_1,11,10,Bin_1,1,1,1,Bin_1,2.0,Bin_1,,,,,,,,359.9276815,11
11,Bin_1,2,11,3,1,1,1,4,1,3,Bin_5,11,7,Bin_1,1,1,1,Bin_1,2.0,Bin_1,,,,,,,,359.9276815,11
11,*,2,11,4,1,1,1,1,1,1,*,11,3,*,1,1,1,*,9.0,*,1.0,1.0,5121.0,*,3.0,,,359.9276815,11
11,*,2,11,4,1,1,1,2,1,2,*,11,8,*,1,1,1,*,9.0,*,1.0,1.0,4110.0,*,3.0,,,359.9276815,11
11,Bin_1,2,11,4,1,1,1,3,1,3,Bin_5,11,9,Bin_1,1,1,1,Bin_1,2.0,Bin_1,,,,,,,,359.9276815,11
11,Bin_1,2,11,4,1,1,1,4,1,3,Bin_5,11,4,Bin_1,1,1,1,Bin_1,,,,,,,,,,359.9276815,11
11,Bin_1,2,11,5,1,1,1,1,1,1,Bin_1,11,5,Bin_3,1,1,1,Bin_1,9.0,Bin_3,1.0,1.0,5221.0,Bin_3,5.0,,,359.9276815,11
11,*,2,11,5,1,1,1,2,1,2,*,11,12,*,1,1,1,*,9.0,*,1.0,1.0,4110.0,*,1.0,,,359.9276815,11
11,Bin_1,2,11,5,1,1,1,3,1,3,Bin_5,11,4,Bin_2,1,1,1,Bin_1,2.0,Bin_4,8.0,2.0,,,,,,359.9276815,11
11,Bin_1,2,11,5,1,1,1,4,1,3,Bin_1,11,9,Bin_1,1,1,1,Bin_1,2.0,Bin_3,8.0,2.0,,,,,,359.9276815,11
11,*,2,11,6,1,1,1,1,1,1,*,11,5,*,1,1,1,*,9.0,*,2.0,1.0,3341.0,*,3.0,,,359.9276815,11
11,*,2,11,6,1,1,1,2,1,2,*,11,6,*,1,1,1,*,9.0,*,3.0,1.0,2611.0,*,3.0,,,359.9276815,11
11,Bin_1,2,11,6,1,1,1,3,1,3,Bin_1,11,6,Bin_1,1,1,1,Bin_1,,,,,,,,,,359.9276815,11
11,Bin_1,2,11,6,1,1,1,4,1,5,Bin_5,11,5,Bin_4,1,1,1,Bin_1,9.0,Bin_4,9.0,2.0,,,,,,359.9276815,11
11,Bin_1,2,11,7,1,1,1,1,1,1,Bin_1,11,9,Bin_3,1,1,1,Bin_1,9.0,Bin_4,1.0,1.0,1420.0,Bin_3,5.0,,,359.9276815,11
11,Bin_1,2,11,7,1,1,1,2,1,2,Bin_5,11,4,Bin_3,1,1,1,Bin_1,9.0,Bin_4,7.0,2.0,,,,,,359.9276815,11
11,Bin_1,2,11,7,1,1,1,3,1,3,Bin_5,11,11,Bin_2,1,1,1,Bin_1,9.0,Bin_4,99.0,2.0,,,,,,359.9276815,11
11,Bin_1,2,11,7,1,1,1,4,1,3,Bin_1,11,3,Bin_1,1,1,1,Bin_1,2.0,Bin_4,8.0,2.0,,,,,,359.9276815,11
11,Bin_1,2,11,7,1,1,1,5,1,3,Bin_1,11,11,Bin_1,1,1,1,Bin_1,2.0,Bin_1,,,,,,,,359.9276815,11
11,*,2,11,8,1,1,1,1,1,1,*,11,5,*,1,1,1,*,9.0,*,1.0,1.0,3422.0,*,3.0,,,359.9276815,11
11,*,2,11,10,1,1,1,1,1,1,*,11,9,*,1,1,1,*,9.0,*,2.0,1.0,3115.0,*,3.0,,,359.9276815,11
11,Bin_1,2,11,10,1,1,1,2,1,2,Bin_5,11,9,Bin_3,1,1,1,Bin_1,9.0,Bin_3,7.0,2.0,,,,,,359.9276815,11
11,Bin_1,2,11,10,1,1,1,3,1,3,Bin_5,11,10,Bin_2,1,1,1,Bin_1,4.0,Bin_4,8.0,2.0,,,,,,359.9276815,11
11,Bin_1,2,11,10,1,1,1,4,1,3,Bin_5,11,6,Bin_1,1,1,1,Bin_1,2.0,Bin_2,,,,,,,,359.9276815,11
11,Bin_1,2,11,1,1,1,1,1,1,1,Bin_1,11,5,Bin_3,1,1,1,Bin_1,9.0,Bin_4,1.0,1.0,1439.0,Bin_3,4.0,,,254.4943202,11
11,Bin_1,2,11,1,1,1,1,2,1,2,Bin_5,11,2,Bin_2,1,1,1,Bin_1,9.0,Bin_4,7.0,2.0,,,,,,254.4943202,11
11,Bin_1,2,11,1,1,1,1,3,1,3,Bin_5,11,7,Bin_1,1,1,1,Bin_1,2.0,Bin_2,,,,,,,,254.4943202,11
11,Bin_1,2,11,1,1,1,1,4,1,3,Bin_1,11,9,Bin_1,1,1,1,Bin_1,2.0,Bin_1,,,,,,,,254.4943202,11
11,*,2,11,2,1,1,1,1,1,1,*,11,6,*,1,1,1,*,9.0,*,1.0,1.0,8332.0,*,2.0,,,254.4943202,11
11,Bin_1,2,11,2,1,1,1,2,1,2,Bin_5,11,5,Bin_3,1,1,1,Bin_1,9.0,Bin_3,7.0,2.0,,,,,,254.4943202,11
11,Bin_1,2,11,2,1,1,1,3,1,5,Bin_1,11,3,Bin_3,1,1,1,Bin_1,9.0,Bin_3,1.0,1.0,8332.0,Bin_3,5.0,,,254.4943202,11
11,Bin_1,2,11,3,1,1,1,1,1,1,Bin_1,11,8,Bin_3,1,1,1,Bin_1,9.0,Bin_3,2.0,1.0,8323.0,Bin_3,5.0,,,254.4943202,11
11,Bin_1,2,11,3,1,1,1,2,1,2,Bin_5,11,9,Bin_3,1,1,1,Bin_1,9.0,Bin_4,7.0,2.0,,,,,,254.4943202,11
11,Bin_1,2,11,3,1,1,1,3,2,3,Bin_5,11,12,Bin_2,1,1,1,Bin_1,3.0,Bin_4,,,,,,1.0,2.0,254.4943202,11
11,*,2,11,4,1,1,1,1,1,1,*,11,2,*,1,1,1,*,9.0,*,1.0,1.0,5221.0,*,5.0,,,254.4943202,11
11,*,2,11,4,1,1,1,2,1,2,*,11,9,*,1,1,1,*,9.0,*,7.0,1.0,5211.0,*,6.0,,,254.4943202,11
11,*,2,11,4,1,1,1,3,1,3,*,11,6,*,1,1,1,*,9.0,*,1.0,1.0,3313.0,*,3.0,,,254.4943202,11
11,Bin_1,2,11,4,1,1,1,4,1,5,Bin_5,11,10,Bin_2,1,1,1,Bin_1,9.0,Bin_5,3.0,2.0,,,,,,254.4943202,11
11,Bin_1,2,11,5,1,1,1,1,1,1,Bin_1,11,8,Bin_3,1,1,1,Bin_1,9.0,Bin_3,1.0,1.0,1321.0,Bin_1,4.0,,,254.4943202,11
11,Bin_1,2,11,5,1,1,1,2,1,2,Bin_5,11,4,Bin_3,1,1,1,Bin_1,9.0,Bin_3,7.0,2.0,,,,,,254.4943202,11
11,*,2,11,5,1,1,1,3,1,3,*,11,8,*,1,1,1,*,4.0,*,1.0,1.0,3313.0,*,3.0,,,254.4943202,11
11,Bin_1,2,11,5,1,1,1,4,1,3,Bin_5,11,5,Bin_2,1,1,1,Bin_1,4.0,Bin_4,3.0,2.0,,,,,,254.4943202,11
11,Bin_1,2,11,6,1,1,1,1,1,1,Bin_5,11,9,Bin_4,1,1,1,Bin_3,9.0,Bin_4,7.0,2.0,,,,,,254.4943202,11
11,*,2,11,6,1,1,1,2,1,3,*,11,11,*,1,1,1,*,4.0,*,1.0,1.0,4110.0,*,3.0,,,254.4943202,11
11,*,2,11,6,1,1,1,3,1,3,*,11,3,*,1,1,1,*,4.0,*,1.0,1.0,4110.0,*,3.0,,,254.4943202,11
11,*,2,11,8,1,1,1,1,1,1,*,11,12,*,1,1,1,*,9.0,*,1.0,1.0,2310.0,*,1.0,,,254.4943202,11
11,Bin_1,2,11,8,1,1,1,2,1,2,Bin_5,11,8,Bin_4,1,1,1,Bin_1,9.0,Bin_5,7.0,2.0,,,,,,254.4943202,11
11,*,2,11,8,1,1,1,3,1,3,*,11,2,*,1,1,1,*,4.0,*,1.0,1.0,2152.0,*,3.0,,,254.4943202,11
11,Bin_1,2,11,8,1,1,1,4,2,3,Bin_5,11,5,Bin_2,1,1,1,Bin_1,3.0,Bin_5,,,,,,2.0,2.0,254.4943202,11
11,Bin_1,2,11,9,1,1,1,1,1,1,Bin_1,11,8,Bin_4,1,1,1,Bin_1,9.0,Bin_3,1.0,1.0,8323.0,Bin_3,5.0,,,254.4943202,11
11,*,2,11,9,1,1,1,2,1,2,*,11,9,*,1,1,1,*,9.0,*,1.0,1.0,9112.0,*,3.0,,,254.4943202,11
11,*,2,11,10,1,1,1,1,1,1,*,11,10,*,1,1,1,*,9.0,*,1.0,1.0,2166.0,*,3.0,,,254.4943202,11
11,Bin_1,2,11,10,1,1,1,2,1,2,Bin_5,11,8,Bin_3,1,1,1,Bin_1,9.0,Bin_4,7.0,2.0,,,,,,254.4943202,11
11,Bin_1,2,11,10,1,1,1,3,1,3,Bin_5,11,9,Bin_1,1,1,1,Bin_1,2.0,Bin_2,,,,,,,,254.4943202,11
11,Bin_1,2,11,10,1,1,1,4,1,3,Bin_1,11,11,Bin_1,1,1,1,Bin_1,2.0,Bin_1,,,,,,,,254.4943202,11
11,Bin_1,2,11,1,1,1,1,1,1,1,Bin_1,11,12,Bin_3,1,1,1,Bin_1,9.0,Bin_3,1.0,1.0,8323.0,Bin_3,4.0,,,377.492039,11
11,Bin_1,2,11,1,1,1,1,2,1,2,Bin_5,11,3,Bin_3,1,1,4,Bin_1,9.0,Bin_3,7.0,2.0,,,,,,377.492039,11
11,Bin_1,2,11,1,1,1,1,3,1,3,Bin_1,11,1,Bin_2,1,1,4,Bin_1,9.0,Bin_3,3.0,2.0,,,,,,377.492039,11
11,Bin_1,2,11,1,1,1,1,4,1,3,Bin_5,11,6,Bin_1,1,1,4,Bin_1,6.0,Bin_3,8.0,2.0,,,,,,377.492039,11
11,Bin_1,2,11,1,1,1,1,5,1,3,Bin_5,11,12,Bin_1,1,1,4,Bin_1,2.0,Bin_2,,,,,,,,377.492039,11
11,Bin_1,2,11,1,1,1,1,6,1,3,Bin_5,11,11,Bin_1,1,1,4,Bin_1,2.0,Bin_1,,,,,,,,377.492039,11
11,Bin_1,2,11,3,1,1,1,1,1,1,Bin_1,11,3,Bin_5,1,1,1,Bin_1,9.0,Bin_4,4.0,2.0,,,,,,377.492039,11
11,Bin_1,2,11,3,1,1,1,2,1,2,Bin_5,11,9,Bin_5,1,1,1,Bin_1,9.0,Bin_4,4.0,2.0,,,,,,377.492039,11
11,*,2,11,3,1,1,1,3,1,3,*,11,9,*,1,1,1,*,9.0,*,1.0,1.0,3313.0,*,3.0,,,377.492039,11
11,Bin_1,2,11,3,1,1,1,4,2,5,Bin_5,11,8,Bin_2,1,1,1,Bin_1,9.0,Bin_4,,,,,,1.0,1.0,377.492039,11
11,Bin_1,2,11,5,1,1,1,1,1,1,Bin_1,11,7,Bin_5,1,1,1,Bin_1,9.0,Bin_5,4.0,2.0,,,,,,377.492039,11
11,Bin_1,2,11,5,1,1,1,2,1,2,Bin_5,11,2,Bin_5,1,1,1,Bin_1,9.0,Bin_3,7.0,2.0,,,,,,377.492039,11
11,*,2,11,8,1,1,1,1,1,1,*,11,10,*,1,1,1,*,9.0,*,1.0,1.0,7512.0,*,5.0,,,377.492039,11
11,*,2,11,8,1,1,1,2,1,2,*,11,5,*,1,1,1,*,9.0,*,1.0,1.0,9411.0,*,6.0,,,377.492039,11
11,*,2,11,8,1,1,1,3,1,3,*,11,12,*,1,1,1,*,9.0,*,1.0,1.0,3111.0,*,1.0,,,377.492039,11
11,*,2,11,8,1,1,1,4,1,5,*,11,3,*,1,1,1,*,9.0,*,1.0,1.0,3111.0,*,1.0,,,377.492039,11
11,Bin_1,2,11,9,1,1,1,1,1,1,Bin_1,11,3,Bin_3,1,4,3,Bin_1,9.0,Bin_3,1.0,1.0,3313.0,Bin_1,3.0,,,377.492039,11
11,Bin_1,2,11,9,1,1,1,2,1,2,Bin_5,11,2,Bin_3,1,4,3,Bin_1,9.0,Bin_3,7.0,2.0,,,,,,377.492039,11
11,*,2,11,9,1,1,1,3,1,3,*,11,2,*,1,4,3,*,9.0,*,1.0,1.0,4321.0,*,3.0,,,377.492039,11
11,Bin_1,2,11,9,1,1,1,4,1,3,Bin_5,11,4,Bin_2,1,4,3,Bin_1,4.0,Bin_4,8.0,2.0,,,,,,377.492039,11
11,*,2,11,9,1,1,1,5,1,3,*,11,5,*,1,4,3,*,9.0,*,1.0,1.0,3313.0,*,3.0,,,377.492039,11
11,Bin_1,2,11,9,1,1,1,6,1,3,Bin_5,11,6,Bin_1,1,4,3,Bin_1,2.0,Bin_3,8.0,2.0,,,,,,377.492039,11
11,Bin_1,2,11,9,1,1,1,7,1,3,Bin_1,11,3,Bin_1,1,4,3,Bin_1,2.0,Bin_1,,,,,,,,377.492039,11
11,*,2,11,10,1,1,1,1,1,1,*,11,6,*,1,1,4,*,9.0,*,1.0,1.0,2212.0,*,1.0,,,377.492039,11
11,Bin_1,2,11,10,1,1,1,2,2,2,Bin_1,11,3,Bin_3,1,1,4,Bin_1,9.0,Bin_5,,,,,,1.0,1.0,377.492039,11
11,Bin_1,2,11,10,1,1,1,3,1,3,Bin_5,11,2,Bin_1,1,1,4,Bin_1,2.0,Bin_2,,,,,,,,377.492039,11
11,Bin_1,2,11,10,1,1,1,4,1,3,Bin_1,11,11,Bin_1,1,1,4,Bin_1,2.0,Bin_2,,,,,,,,377.492039,11
11,Bin_1,2,11,10,1,1,1,5,1,3,Bin_5,11,11,Bin_1,1,1,4,Bin_1,2.0,Bin_1,,,,,,,,377.492039,11
11,Bin_1,2,11,10,1,1,1,6,1,5,Bin_5,11,5,Bin_5,1,1,1,Bin_3,9.0,Bin_3,4.0,2.0,,,,,,377.492039,11
11,*,2,11,1,1,1,1,1,1,1,*,11,5,*,1,1,1,*,9.0,*,1.0,1.0,3341.0,*,3.0,,,281.9187194,11
11,Bin_5,2,11,1,1,1,1,2,1,2,Bin_5,11,10,Bin_4,1,1,1,Bin_1,9.0,Bin_4,7.0,2.0,,,,,,281.9187194,11
11,*,2,11,2,1,1,1,1,1,1,*,11,1,*,1,1,1,*,9.0,*,1.0,1.0,9313.0,*,3.0,,,281.9187194,11
11,*,2,11,2,1,1,1,2,1,2,*,11,6,*,1,1,1,*,9.0,*,7.0,1.0,7531.0,*,5.0,,,281.9187194,11
11,Bin_5,2,11,2,1,1,1,3,1,3,Bin_5,11,1,Bin_1,1,1,1,Bin_1,2.0,Bin_1,,,,,,,,281.9187194,11
11,Bin_5,2,11,2,1,1,1,4,1,3,Bin_5,11,1,Bin_1,1,1,1,Bin_1,2.0,Bin_1,,,,,,,,281.9187194,11
11,Bin_5,2,11,2,1,1,1,5,1,4,Bin_5,11,8,Bin_4,1,1,1,Bin_1,9.0,Bin_3,9.0,2.0,,,,,,281.9187194,11
11,Bin_5,2,11,2,1,1,1,6,1,4,Bin_5,11,4,Bin_4,1,1,1,Bin_1,9.0,Bin_2,7.0,2.0,,,,,,281.9187194,11
11,Bin_5,2,11,3,1,1,1,1,1,1,Bin_1,11,5,Bin_4,1,1,1,Bin_1,9.0,Bin_4,4.0,2.0,,,,,,281.9187194,11
11,Bin_5,2,11,3,1,1,1,2,1,2,Bin_5,11,4,Bin_4,1,1,1,Bin_1,9.0,Bin_3,7.0,2.0,,,,,,281.9187194,11
11,*,2,11,4,1,1,1,1,1,1,*,11,1,*,1,1,1,*,9.0,*,1.0,1.0,9122.0,*,3.0,,,281.9187194,11
11,*,2,11,4,1,1,1,2,1,2,*,11,7,*,1,1,1,*,9.0,*,1.0,1.0,5311.0,*,3.0,,,281.9187194,11
11,*,2,11,4,1,1,1,3,1,3,*,11,2,*,1,1,1,*,9.0,*,1.0,1.0,9112.0,*,3.0,,,281.9187194,11
11,Bin_5,2,11,5,1,1,1,1,1,1,Bin_5,11,10,Bin_4,1,1,1,Bin_3,9.0,Bin_4,4.0,2.0,,,,,,281.9187194,11
11,*,2,11,5,1,1,1,2,1,3,*,11,4,*,1,1,1,*,9.0,*,1.0,1.0,2412.0,*,3.0,,,281.9187194,11
11,*,2,11,7,1,1,1,1,1,1,*,11,1,*,1,1,1,*,9.0,*,1.0,1.0,3411.0,*,1.0,,,281.9187194,11
11,*,2,11,7,1,1,1,2,1,2,*,11,1,*,1,1,1,*,9.0,*,1.0,1.0,2341.0,*,1.0,,,281.9187194,11
11,Bin_5,2,11,7,1,1,1,3,1,3,Bin_1,11,10,Bin_2,1,1,1,Bin_1,4.0,Bin_4,8.0,2.0,,,,,,281.9187194,11
11,Bin_5,2,11,7,1,1,1,4,1,3,Bin_1,11,3,Bin_1,1,1,1,Bin_1,2.0,Bin_3,,,,,,,,281.9187194,11
11,*,2,11,8,1,1,1,1,1,1,*,11,2,*,1,1,5,*,9.0,*,1.0,1.0,1321.0,*,5.0,,,281.9187194,11
11,*,2,11,8,1,1,1,2,1,2,*,11,8,*,1,1,5,*,9.0,*,1.0,1.0,7536.0,*,6.0,,,281.9187194,11
11,Bin_5,2,11,8,1,1,1,3,1,3,Bin_1,11,4,Bin_1,1,1,5,Bin_1,9.0,Bin_5,9.0,2.0,,,,,,281.9187194,11
11,Bin_5,2,11,8,1,1,1,4,1,3,Bin_5,11,9,Bin_1,1,1,5,Bin_1,2.0,Bin_3,,,,,,,,281.9187194,11
11,Bin_5,2,11,8,1,1,1,5,1,3,Bin_5,11,9,Bin_1,1,1,5,Bin_1,2.0,Bin_2,,,,,,,,281.9187194,11
11,Bin_5,2,11,8,1,1,1,6,1,3,Bin_1,11,3,Bin_1,1,1,5,Bin_1,2.0,Bin_1,,,,,,,,281.9187194,11
11,Bin_5,2,11,8,1,1,1,7,1,4,Bin_5,11,2,Bin_4,1,1,1,Bin_5,9.0,Bin_3,7.0,2.0,,,,,,281.9187194,11
11,Bin_5,2,11,9,1,1,1,1,1,1,Bin_5,11,4,Bin_5,1,1,1,Bin_3,9.0,Bin_3,7.0,2.0,,,,,,281.9187194,11
11,Bin_5,2,11,9,1,1,1,2,1,3,Bin_5,11,7,Bin_3,1,1,1,Bin_1,9.0,Bin_3,7.0,2.0,,,,,,281.9187194,11
11,*,2,11,9,1,1,1,3,1,3,*,11,6,*,1,1,1,*,9.0,*,1.0,1.0,2342.0,*,5.0,,,281.9187194,11
11,*,2,11,9,1,1,1,4,1,3,*,11,7,*,1,1,1,*,9.0,*,1.0,1.0,9112.0,*,3.0,,,281.9187194,11
11,Bin_5,2,11,1,1,1,1,1,1,1,Bin_1,11,3,Bin_5,1,1,1,Bin_1,9.0,Bin_2,5.0,2.0,,,,,,253.0556124,11
11,Bin_5,2,11,1,1,1,1,2,1,2,Bin_5,11,2,Bin_4,1,1,1,Bin_1,9.0,Bin_2,5.0,2.0,,,,,,253.0556124,11
11,*,2,11,1,1,1,1,3,1,3,*,11,4,*,1,1,1,*,9.0,*,1.0,1.0,1321.0,*,5.0,,,253.0556124,11
11,Bin_5,2,11,1,1,1,1,4,1,5,Bin_5,11,5,Bin_3,1,1,1,Bin_1,9.0,Bin_4,7.0,2.0,,,,,,253.0556124,11
11,Bin_5,2,11,1,1,1,1,5,1,5,Bin_1,11,12,Bin_1,1,1,1,Bin_1,2.0,Bin_3,,,,,,,,253.0556124,11
11,Bin_5,2,11,1,1,1,1,6,1,5,Bin_1,11,2,Bin_1,1,1,1,Bin_1,2.0,Bin_2,,,,,,,,253.0556124,11
11,*,2,11,2,1,1,1,1,1,1,*,11,10,*,1,1,1,*,9.0,*,1.0,1.0,1321.0,*,4.0,,,253.0556124,11
11,*,2,11,2,1,1,1,2,1,2,*,11,4,*,1,1,1,*,9.0,*,1.0,1.0,5211.0,*,6.0,,,253.0556124,11
11,*,2,11,2,1,1,1,3,1,3,*,11,6,*,1,1,1,*,9.0,*,1.0,1.0,1321.0,*,6.0,,,253.0556124,11
11,*,2,11,2,1,1,1,4,1,5,*,11,12,*,1,1,1,*,9.0,*,1.0,1.0,5211.0,*,6.0,,,253.0556124,11
11,*,2,11,2,1,1,1,5,1,5,*,11,2,*,1,1,1,*,9.0,*,1.0,1.0,1321.0,*,6.0,,,253.0556124,11
11,*,2,11,2,1,1,1,6,1,5,*,11,4,*,1,1,1,*,9.0,*,1.0,1.0,5211.0,*,6.0,,,253.0556124,11
11,*,2,11,3,1,1,1,1,1,1,*,11,9,*,1,1,1,*,9.0,*,1.0,1.0,6111.0,*,5.0,,,253.0556124,11
11,Bin_5,2,11,3,1,1,1,2,1,2,Bin_5,11,4,Bin_4,1,1,1,Bin_1,9.0,Bin_2,7.0,2.0,,,,,,253.0556124,11
11,*,2,11,3,1,1,1,3,1,3,*,11,1,*,1,1,1,*,9.0,*,1.0,1.0,5230.0,*,3.0,,,253.0556124,11
11,Bin_5,2,11,3,1,1,1,4,1,3,Bin_5,11,3,Bin_2,1,1,1,Bin_1,9.0,Bin_4,7.0,2.0,,,,,,253.0556124,11
11,Bin_5,2,11,3,1,1,1,5,1,5,Bin_5,11,1,Bin_1,1,1,1,Bin_1,1.0,,,,,,,,,253.0556124,11
11,Bin_5,2,11,3,1,1,1,6,1,5,Bin_1,11,1,Bin_1,1,1,1,Bin_1,,,,,,,,,,253.0556124,11
11,*,2,11,4,1,1,1,1,1,1,*,11,3,*,1,1,1,*,9.0,*,1.0,1.0,5122.0,*,5.0,,,253.0556124,11
11,*,2,11,4,1,1,1,2,1,2,*,11,5,*,1,1,1,*,9.0,*,1.0,1.0,9411.0,*,6.0,,,253.0556124,11
11,Bin_5,2,11,4,1,1,1,3,1,3,Bin_5,11,8,Bin_1,1,1,1,Bin_1,2.0,Bin_3,,,,,,,,253.0556124,11
11,Bin_5,2,11,4,1,1,1,4,1,3,Bin_5,11,2,Bin_1,1,1,1,Bin_1,2.0,Bin_1,,,,,,,,253.0556124,11
11,Bin_5,2,11,4,1,1,1,5,1,3,Bin_5,11,9,Bin_1,1,1,1,Bin_1,1.0,,,,,,,,,253.0556124,11
11,*,2,11,5,1,1,1,1,1,1,*,11,6,*,1,1,1,*,9.0,*,1.0,1.0,2230.0,*,5.0,,,253.0556124,11
11,*,2,11,5,1,1,1,2,1,2,*,11,5,*,1,1,1,*,9.0,*,1.0,1.0,2230.0,*,5.0,,,253.0556124,11
11,Bin_5,2,11,6,1,1,1,1,1,1,Bin_5,11,1,Bin_3,1,1,1,Bin_3,9.0,Bin_3,7.0,2.0,,,,,,253.0556124,11
11,*,2,11,6,1,1,1,2,1,3,*,11,4,*,1,1,1,*,9.0,*,1.0,1.0,7531.0,*,3.0,,,253.0556124,11
11,*,2,11,6,1,1,1,3,1,3,*,11,4,*,1,1,1,*,9.0,*,1.0,1.0,1439.0,*,4.0,,,253.0556124,11
11,*,2,11,6,1,1,1,4,1,3,*,11,8,*,1,1,1,*,9.0,*,1.0,1.0,7231.0,*,6.0,,,253.0556124,11
11,Bin_5,2,11,7,1,1,1,1,1,1,Bin_5,11,8,Bin_4,1,1,1,Bin_1,9.0,Bin_4,4.0,2.0,,,,,,253.0556124,11
11,Bin_5,2,11,7,1,1,1,2,1,5,Bin_5,11,6,Bin_4,1,1,1,Bin_1,9.0,Bin_5,4.0,2.0,,,,,,253.0556124,11
11,*,2,11,9,1,1,1,1,1,1,*,11,1,*,1,1,1,*,9.0,*,1.0,1.0,7536.0,*,5.0,,,253.0556124,11
11,Bin_5,2,11,9,1,1,1,2,1,4,Bin_5,11,2,Bin_4,1,1,1,Bin_3,9.0,Bin_2,7.0,2.0,,,,,,253.0556124,11
11,Bin_5,2,11,9,1,1,1,3,1,2,Bin_5,11,6,Bin_3,1,1,1,Bin_1,9.0,Bin_3,7.0,2.0,,,,,,253.0556124,11
11,Bin_5,2,11,9,1,1,1,4,1,3,Bin_5,11,7,Bin_1,1,1,1,Bin_1,2.0,Bin_3,8.0,2.0,,,,,,253.0556124,11
11,*,2,11,1,1,1,1,1,1,1,*,11,12,*,1,2,1,*,9.0,*,1.0,1.0,5211.0,*,3.0,,,394.3563283,11
11,Bin_1,2,11,1,1,1,1,2,1,2,Bin_5,11,6,Bin_2,1,1,1,Bin_1,9.0,Bin_4,7.0,2.0,,,,,,394.3563283,11
11,Bin_1,2,11,1,1,1,1,3,1,3,Bin_1,11,4,Bin_1,1,2,1,Bin_1,2.0,Bin_3,8.0,2.0,,,,,,394.3563283,11
11,Bin_1,2,11,1,1,1,1,4,1,3,Bin_5,11,10,Bin_1,1,2,1,Bin_1,2.0,Bin_1,,,,,,,,394.3563283,11
11,Bin_1,2,11,1,1,1,1,5,2,4,Bin_5,11,11,Bin_5,1,2,2,Bin_3,9.0,Bin_2,,,,,,1.0,3.0,394.3563283,11
11,Bin_1,2,11,2,1,1,1,1,1,1,Bin_5,11,11,Bin_5,1,2,2,Bin_3,9.0,Bin_1,9.0,2.0,,,,,,394.3563283,11
11,*,2,11,2,1,1,1,2,1,3,*,11,6,*,1,2,2,*,9.0,*,1.0,1.0,9311.0,*,3.0,,,394.3563283,11
11,*,2,11,2,1,1,1,3,1,5,*,11,7,*,1,2,2,*,9.0,*,1.0,1.0,9212.0,*,3.0,,,394.3563283,11
11,Bin_1,2,11,2,1,1,1,4,1,5,Bin_1,11,1,Bin_1,1,2,2,Bin_1,6.0,Bin_3,99.0,2.0,,,,,,394.3563283,11
11,Bin_1,2,11,2,1,1,1,5,1,5,Bin_1,11,4,Bin_1,1,2,2,Bin_1,2.0,Bin_3,8.0,2.0,,,,,,394.3563283,11
11,Bin_1,2,11,2,1,1,1,6,1,5,Bin_5,11,12,Bin_1,1,2,2,Bin_1,2.0,Bin_3,,,,,,,,394.3563283,11
11,*,2,11,3,1,1,1,1,1,1,*,11,12,*,1,2,2,*,9.0,*,1.0,1.0,9411.0,*,3.0,,,394.3563283,11
11,Bin_1,2,11,3,1,1,1,2,1,2,Bin_1,11,6,Bin_3,1,2,2,Bin_1,9.0,Bin_3,1.0,1.0,8332.0,Bin_1,3.0,,,394.3563283,11
11,Bin_1,2,11,3,1,1,1,3,2,3,Bin_1,11,4,Bin_2,1,2,2,Bin_1,9.0,Bin_4,,,,,,1.0,1.0,394.3563283,11
11,Bin_1,2,11,3,1,1,1,4,1,3,Bin_5,11,12,Bin_2,1,2,2,Bin_1,9.0,Bin_3,7.0,2.0,,,,,,394.3563283,11
11,Bin_1,2,11,3,1,1,1,5,1,3,Bin_5,11,5,Bin_2,1,2,2,Bin_1,9.0,Bin_3,7.0,2.0,,,,,,394.3563283,11
