district,sector,month,strata,psu,snumber,hhno,nhh,result,person_serial_no,residence,relationship,sex,birth_year,birth_month,age,registration,ethnicity,religion,marital_status,curr_educ,education,main_activity,is_active,main_occupation,industry,employment_status,uresidencf,live,finalweight,B_year
11,1,1,111,PSU_RECODED_103,2,1,1,1,1,1,1,1,58,3,60,1,4,3,2,9,12,4,2, , , , , ,298.0423127,1958
11,1,1,111,PSU_RECODED_103,2,1,1,1,2,1,2,2,60,9,58,1,4,3,2,9,10,7,2, , , , , ,298.0423127,1960
11,1,1,111,PSU_RECODED_103,2,1,1,1,3,1,3,2,91,1,28,1,4,3,2,9,13,1,1,2330,85211,1, , ,298.0423127,1991
11,1,1,111,PSU_RECODED_103,2,1,1,1,4,1,3,2,92,8,26,1,4,3,1,3,13,8,2, , , , , ,298.0423127,1992
11,1,1,111,PSU_RECODED_103,2,1,1,1,5,1,5,2,16,1,3,1,4,3,1,1, , , , , , , , ,298.0423127,2016
11,1,1,111,PSU_RECODED_103,6,1,1,1,1,1,1,2,42,6,76,1,1,1,2,9,11,9,2, , , , , ,298.0423127,1942
11,1,1,111,PSU_RECODED_103,6,1,1,1,2,1,2,1,40,3,78,1,1,1,2,9,5,9,2, , , , , ,298.0423127,1940
11,1,1,111,PSU_RECODED_103,6,1,1,1,3,1,3,2,70,4,48,1,1,1,1,9,10,1,1,8152,13945,3, , ,298.0423127,1970
11,1,1,111,PSU_RECODED_180,3,1,1,1,1,1,1,2,62,3,56,1,1,1,2,9,10,7,2, , , , , ,436.4627395,1962
11,1,1,111,PSU_RECODED_180,3,1,1,1,2,1,3,2,82,3,36,1,1,1,1,9,13,1,1,5412,84230,1, , ,436.4627395,1982
11,1,1,111,PSU_RECODED_180,3,1,1,1,3,1,3,1,92,4,26,1,1,1,1,9,13,1,1,3122,13992,3, , ,436.4627395,1992
11,1,1,111,PSU_RECODED_180,3,1,1,1,4,1,3,1,96,11,22,1,1,1,1,9,11,1,1,7322,18115,3, , ,436.4627395,1996
11,1,1,111,PSU_RECODED_180,3,1,1,1,5,2,2,1,60,3,58,1,1,1,2,9,8, , , , , ,1,1,436.4627395,1960
11,1,1,111,PSU_RECODED_180,9,1,1,1,1,1,1,1,46,2,72,1,1,1,2,9,7,9,2, , , , , ,436.4627395,1946
11,1,1,111,PSU_RECODED_180,9,1,1,1,2,1,2,2,57,11,61,1,1,1,2,9,4,7,2, , , , , ,436.4627395,1957
11,1,1,111,PSU_RECODED_180,9,1,1,1,3,1,3,1,88,3,30,1,1,1,1,9,10,1,1,7212,25113,5, , ,436.4627395,1988
11,1,1,111,PSU_RECODED_180,9,1,1,1,4,1,3,1,89,7,29,1,1,1,1,9,13,1,1,8189,18111,3, , ,436.4627395,1989
11,2,1,112,PSU_RECODED_OTHER,6,1,1,1,1,1,1,2,50,4,68,1,1,1,4,9,11,1,1,9322,14302,3, , ,285.6012832,1950
11,1,1,111,PSU_RECODED_15,3,1,1,1,1,1,1,1,70,1,49,1,1,1,2,9,13,1,1,7421,95111,5, , ,271.9852019,1970
11,1,1,111,PSU_RECODED_15,3,1,1,1,2,1,2,2,70,8,48,1,1,1,2,9,11,1,1,9112,95111,6, , ,271.9852019,1970
11,1,1,111,PSU_RECODED_15,3,1,1,1,3,1,3,1,97,11,21,1,1,1,1,4,13,1,1,3511,84120,1, , ,271.9852019,1997
11,1,1,111,PSU_RECODED_15,3,1,1,1,4,1,3,2,3,1,16,1,1,1,1,6,10,8,2, , , , , ,271.9852019,2003
11,1,1,111,PSU_RECODED_15,3,1,1,1,5,1,3,2,7,3,11,1,1,1,1,2,6, , , , , , , ,271.9852019,2007
11,1,1,111,PSU_RECODED_15,3,1,1,1,6,1,4,2,43,9,75,1,1,1,4,9,13,9,2, , , , , ,271.9852019,1943
11,1,1,111,PSU_RECODED_15,7,1,1,1,1,1,1,2,64,11,54,1,1,1,2,9,11,1,1,7531,14101,3, , ,271.9852019,1964
11,1,1,111,PSU_RECODED_15,7,1,1,1,2,2,2,1,61,10,57,1,1,1,2,9,10, , , , , ,1,1,271.9852019,1961
11,1,1,111,PSU_RECODED_15,7,1,1,1,3,1,3,1,93,10,25,1,1,1,1,5,13,1,1,5414,11011,3, , ,271.9852019,1993
11,1,1,111,PSU_RECODED_15,7,1,1,1,4,1,3,2,94,10,24,1,1,1,1,9,12,3,2, , , , , ,271.9852019,1994
11,1,1,111,PSU_RECODED_107,1,1,1,1,1,1,1,1,79,4,39,1,1,1,2,9,16,1,1,1346,64191,3, , ,495.0953281,1979
11,1,1,111,PSU_RECODED_107,1,1,1,1,2,1,2,2,80,4,38,1,1,4,2,9,17,7,2, , , , , ,495.0953281,1980
11,1,1,111,PSU_RECODED_107,1,1,1,1,3,1,3,1,6,7,12,1,1,1,1,2,7, , , , , , , ,495.0953281,2006
11,1,1,111,PSU_RECODED_107,1,1,1,1,4,1,3,1,9,4,9,1,1,1,1,2,4, , , , , , , ,495.0953281,2009
11,1,1,111,PSU_RECODED_107,7,1,1,1,1,1,1,1,91,4,27,1,1,4,2,9,15,1,1,2330,85492,5, , ,495.0953281,1991
11,1,1,111,PSU_RECODED_107,7,1,1,1,2,1,2,2,92,1,27,1,1,1,2,9,15,7,2, , , , , ,495.0953281,1992
11,2,1,112,PSU_RECODED_72,1,1,1,1,1,1,1,2,60,6,58,1,1,1,4,9,8,1,1,5212,47817,5, , ,305.2323975,1960
11,2,1,112,PSU_RECODED_72,1,1,1,1,2,1,3,1,89,9,29,1,1,1,2,9,9,1,1,7125,43302,3, , ,305.2323975,1989
11,2,1,112,PSU_RECODED_72,1,1,1,1,3,1,5,2,97,1,22,1,1,1,2,9,10,7,2, , , , , ,305.2323975,1997
11,2,1,112,PSU_RECODED_72,6,1,1,1,1,1,1,1,51,11,67,1,1,1,2,9,13,4,2, , , , , ,305.2323975,1951
11,2,1,112,PSU_RECODED_72,6,1,1,1,2,1,2,2,57,10,61,1,1,1,2,9,11,7,2, , , , , ,305.2323975,1957
11,1,1,111,PSU_RECODED_189,1,1,1,1,1,1,1,1,60,2,58,1,1,1,2,9,7,1,1,8322,49222,5, , ,248.4349316,1960
11,1,1,111,PSU_RECODED_189,1,1,1,1,2,1,2,2,63,3,55,1,1,1,2,9,7,7,2, , , , , ,248.4349316,1963
11,1,1,111,PSU_RECODED_189,6,1,1,1,1,1,1,1,61,2,57,1,4,3,2,9,7,1,1,9211,46305,3, , ,248.4349316,1961
11,1,1,111,PSU_RECODED_189,6,1,1,1,2,1,2,2,67,10,51,1,4,3,2,9,7,1,1,7514,47819,5, , ,248.4349316,1967
11,1,1,111,PSU_RECODED_189,6,1,1,1,3,1,3,2,97,10,21,1,4,3,1,9,11,7,2, , , , , ,248.4349316,1997
11,1,1,111,PSU_RECODED_189,10,1,1,1,1,1,1,2,64,7,54,1,1,1,2,9,9,7,2, , , , , ,248.4349316,1964
11,1,1,111,PSU_RECODED_189,10,1,1,1,2,2,2,1,59,3,59,4,1,1,2,9,4, , , , , ,1,1,248.4349316,1959
11,1,1,111,PSU_RECODED_189,10,1,1,1,3,1,3,1,5,12,13,1,1,1,1,2,8, , , , , , , ,248.4349316,2005
11,1,1,111,PSU_RECODED_21,5,1,1,1,1,1,1,1,57,5,61,1,1,1,2,9,15,2,1,2330,85492,3, , ,236.536206,1957
11,1,1,111,PSU_RECODED_21,5,1,1,1,2,1,2,2,65,7,53,1,1,1,2,9,16,2,1,2310,84120,1, , ,236.536206,1965
11,1,1,111,PSU_RECODED_21,5,1,1,1,3,1,3,1,95,2,23,1,1,1,1,3,13,8,2, , , , , ,236.536206,1995
11,1,1,111,PSU_RECODED_21,5,1,1,1,4,1,3,2,0,1,19,1,1,1,1,4,13,8,2, , , , , ,236.536206,2000
11,1,1,111,PSU_RECODED_21,9,1,1,1,1,1,1,1,52,10,66,1,1,1,4,9,10,1,1,8332,49232,3, , ,236.536206,1952
11,1,1,111,PSU_RECODED_21,9,1,1,1,2,1,3,1,76,10,42,1,1,1,2,9,11,1,1,8323,49222,5, , ,236.536206,1976
11,1,1,111,PSU_RECODED_21,9,1,1,1,3,1,5,2,83,4,35,1,1,1,2,9,11,1,1,1411,56102,5, , ,236.536206,1983
11,1,1,111,PSU_RECODED_21,9,1,1,1,4,1,5,2,4,10,14,1,1,1,1,2,9, , , , , , , ,236.536206,2004
11,1,1,111,PSU_RECODED_21,9,1,1,1,5,1,5,2,7,5,11,1,1,1,1,2,6, , , , , , , ,236.536206,2007
11,1,1,111,PSU_RECODED_21,9,1,1,1,6,1,5,1,15,11,3,1,1,1,1,1, , , , , , , , ,236.536206,2015
11,1,1,111,PSU_RECODED_103,3,1,1,1,1,1,1,1,88,5,30,1,1,1,2,9,10,1,1,8332,49232,5, , ,384.6734425,1988
11,1,1,111,PSU_RECODED_103,3,1,1,1,2,1,2,2,88,4,30,1,1,1,2,9,13,7,1,6121,10505,5, , ,384.6734425,1988
11,1,1,111,PSU_RECODED_103,3,1,1,1,3,1,3,1,13,9,5,1,1,1,1,2,0, , , , , , , ,384.6734425,2013
11,1,1,111,PSU_RECODED_103,7,1,1,1,1,1,1,2,35,2,83,1,1,1,4,9,19,9,2, , , , , ,384.6734425,1935
11,1,1,111,PSU_RECODED_103,7,1,1,1,2,1,3,1,76,6,42,1,1,1,1,9,7,1,1,5249,47113,3, , ,384.6734425,1976
11,1,1,111,PSU_RECODED_122,5,1,1,1,1,1,1,1,78,10,40,1,4,3,2,9,13,1,1,2411,46412,2, , ,520.4915453,1978
11,1,1,111,PSU_RECODED_122,5,1,1,1,2,1,2,2,79,12,39,1,4,3,2,9,13,7,2, , , , , ,520.4915453,1979
11,1,1,111,PSU_RECODED_122,5,1,1,1,3,1,3,2,0,1,19,1,4,3,1,2,12,8,2, , , , , ,520.4915453,2000
11,1,1,111,PSU_RECODED_122,5,1,1,1,4,1,3,1,2,7,16,1,4,3,1,2,10,8,2, , , , , ,520.4915453,2002
11,1,1,111,PSU_RECODED_122,5,1,1,1,5,1,3,1,4,4,14,1,4,3,1,2,8, , , , , , , ,520.4915453,2004
11,1,1,111,PSU_RECODED_122,10,1,1,1,1,1,1,1,52,9,66,1,1,1,2,9,10,1,1,8322,49222,5, , ,520.4915453,1952
11,1,1,111,PSU_RECODED_122,10,1,1,1,2,1,2,2,58,10,60,1,1,1,2,9,10,7,2, , , , , ,520.4915453,1958
11,1,1,111,PSU_RECODED_122,10,1,1,1,3,1,3,2,77,11,41,1,1,1,2,9,13,1,1,4311,41002,2, , ,520.4915453,1977
11,1,1,111,PSU_RECODED_122,10,1,1,1,4,1,3,1,84,7,34,1,1,1,2,9,10,1,1,1213,55103,3, , ,520.4915453,1984
11,1,1,111,PSU_RECODED_122,10,1,1,1,5,1,5,1,76,4,42,1,1,4,2,9,13,1,1,3511,41002,2, , ,520.4915453,1976
11,1,1,111,PSU_RECODED_122,10,1,1,1,6,1,5,2,91,7,27,1,1,1,2,9,13,7,2, , , , , ,520.4915453,1991
11,1,1,111,PSU_RECODED_122,10,1,1,1,7,1,5,1,8,4,10,1,1,4,1,2,4, , , , , , , ,520.4915453,2008
11,1,1,111,PSU_RECODED_122,10,1,1,1,8,1,5,2,15,11,3,1,1,1,1,1, , , , , , , , ,520.4915453,2015
11,1,2,111,PSU_RECODED_75,5,1,1,1,1,1,1,1,82,11,36,1,4,3,2,9,12,1,1,1411,55106,3, , ,329.3981013,1982
11,1,2,111,PSU_RECODED_75,5,1,1,1,2,1,2,2,83,11,35,1,4,3,2,9,11,7,2, , , , , ,329.3981013,1983
11,1,2,111,PSU_RECODED_75,5,1,1,1,3,1,3,1,8,9,10,1,4,3,1,2,5, , , , , , , ,329.3981013,2008
11,1,2,111,PSU_RECODED_75,5,1,1,1,4,1,3,2,11,6,7,1,4,3,1,2,1, , , , , , , ,329.3981013,2011
11,1,2,111,PSU_RECODED_75,5,1,1,1,5,1,5,1,98,8,20,1,4,3,1,9,12,1,1,7532,14101,3, , ,329.3981013,1998
11,1,1,111,PSU_RECODED_88,2,1,1,1,1,1,1,1,74,7,44,1,1,4,2,9,8,1,1,9322,47591,3, , ,416.3426786,1974
11,1,1,111,PSU_RECODED_88,2,1,1,1,2,1,2,2,68,10,50,1,1,4,2,9,10,1,1,3313,64191,5, , ,416.3426786,1968
11,1,1,111,PSU_RECODED_88,2,1,1,1,3,1,3,2,99,3,19,1,1,4,1,9,13,1,1,3313,64191,2, , ,416.3426786,1999
11,1,1,111,PSU_RECODED_88,8,1,1,1,1,1,1,1,61,7,57,1,1,5,2,9,13,1,1,4110,84130,1, , ,416.3426786,1961
11,1,1,111,PSU_RECODED_88,8,1,1,1,2,1,2,2,66,7,52,1,1,5,2,9,13,7,1,7512,10712,5, , ,416.3426786,1966
11,1,1,111,PSU_RECODED_88,8,1,1,1,3,1,3,2,89,11,29,1,1,5,1,9,15,1,1,3313,69201,3, , ,416.3426786,1989
11,1,1,111,PSU_RECODED_88,8,1,1,1,4,1,3,2,93,5,25,1,1,5,1,9,13,1,1,2166,62020,5, , ,416.3426786,1993
11,1,1,111,PSU_RECODED_88,8,1,1,1,5,1,3,2,95,6,23,1,1,5,1,9,13,1,1,3322,49233,3, , ,416.3426786,1995
11,1,2,111,PSU_RECODED_OTHER,5,1,1,1,1,1,1,1,28,7,90,1,1,1,2,9,16,4,2, , , , , ,377.492039,1928
11,1,2,111,PSU_RECODED_OTHER,5,1,1,1,2,1,2,2,43,2,76,1,1,1,2,9,10,7,2, , , , , ,377.492039,1943
11,1,2,111,PSU_RECODED_100,1,1,1,1,1,1,1,2,81,8,37,1,2,2,2,9,5,7,2, , , , , ,302.930336,1981
11,1,2,111,PSU_RECODED_100,1,1,1,1,2,2,2,1,70,2,49,1,2,2,2,9,10, , , , , ,2,1,302.930336,1970
11,1,2,111,PSU_RECODED_100,1,1,1,1,3,1,3,2,4,8,14,1,2,2,1,2,9, , , , , , , ,302.930336,2004
11,1,2,111,PSU_RECODED_100,1,1,1,1,4,1,3,1,6,10,12,1,2,2,1,2,7, , , , , , , ,302.930336,2006
11,1,2,111,PSU_RECODED_100,1,1,1,1,5,1,3,1,12,10,6,1,2,2,1,2,1, , , , , , , ,302.930336,2012
11,1,2,111,PSU_RECODED_100,6,1,1,1,1,1,1,1,54,4,64,1,4,3,2,9,8,1,1,4321,47598,3, , ,302.930336,1954
11,1,2,111,PSU_RECODED_100,6,1,1,1,2,1,2,2,67,4,51,1,4,3,2,9,7,7,2, , , , , ,302.930336,1967
11,1,2,111,PSU_RECODED_100,6,1,1,1,3,1,3,1,91,3,27,1,4,3,1,9,10,3,2, , , , , ,302.930336,1991
11,1,2,111,PSU_RECODED_100,6,1,1,1,4,2,3,1,94,4,24,1,4,3,1,9,11, , , , , ,2,1,302.930336,1994
11,1,2,111,PSU_RECODED_100,6,1,1,1,5,1,3,2,97,12,21,1,4,3,2,9,11,7,2, , , , , ,302.930336,1997
11,1,2,111,PSU_RECODED_100,6,1,1,1,6,1,5,1,90,1,29,1,4,3,2,9,7,1,1,1221,47821,5, , ,302.930336,1990
11,2,2,112,PSU_RECODED_104,1,1,1,1,1,1,1,1,76,2,43,1,1,1,2,9,10,1,1,9213,1291,5, , ,282.8495883,1976
11,2,2,112,PSU_RECODED_104,1,1,1,1,2,1,2,2,76,3,42,1,1,1,2,9,10,1,1,1420,56302,5, , ,282.8495883,1976
11,2,2,112,PSU_RECODED_104,1,1,1,1,3,1,3,2,5,3,13,1,1,1,1,2,8, , , , , , , ,282.8495883,2005
11,2,2,112,PSU_RECODED_104,1,1,1,1,4,1,3,2,8,3,10,1,1,1,1,2,5, , , , , , , ,282.8495883,2008
11,2,2,112,PSU_RECODED_104,1,1,1,1,5,1,3,2,12,9,6,1,1,1,1,2,1, , , , , , , ,282.8495883,2012
11,2,2,112,PSU_RECODED_104,1,1,1,1,6,1,4,2,42,5,76,1,1,1,5,9,7,1,1,9112,56302,6, , ,282.8495883,1942
11,2,2,112,PSU_RECODED_104,5,1,1,1,1,1,1,2,39,11,79,1,1,1,4,9,2,9,2, , , , , ,282.8495883,1939
11,2,2,112,PSU_RECODED_104,5,1,1,1,2,1,3,1,64,2,55,1,1,1,2,9,10,1,1,8331,49211,2, , ,282.8495883,1964
11,2,2,112,PSU_RECODED_104,5,1,1,1,3,1,5,2,71,11,47,1,1,1,2,9,10,7,2, , , , , ,282.8495883,1971
11,2,2,112,PSU_RECODED_104,5,1,1,1,4,1,5,2,93,7,25,1,1,1,1,9,13,3,2, , , , , ,282.8495883,1993
11,1,2,111,PSU_RECODED_152,1,1,1,1,1,1,1,1,72,8,46,1,1,1,2,9,11,1,1,5412,84230,1, , ,359.9276815,1972
11,1,2,111,PSU_RECODED_152,1,1,1,1,2,1,2,2,76,4,42,1,1,1,2,9,13,4,2, , , , , ,359.9276815,1976
11,1,2,111,PSU_RECODED_152,1,1,1,1,3,1,4,2,37,12,81,1,1,1,4,9,2,9,2, , , , , ,359.9276815,1937
11,1,2,111,PSU_RECODED_152,1,1,1,1,4,1,5,2,57,9,61,1,1,1,1,9,11,7,2, , , , , ,359.9276815,1957
11,1,2,111,PSU_RECODED_152,5,1,1,1,1,1,1,1,65,5,53,1,1,1,2,9,11,1,1,5221,47113,5, , ,359.9276815,1965
11,1,2,111,PSU_RECODED_152,5,1,1,1,2,1,2,2,71,12,47,1,1,1,2,9,13,1,1,4110,84110,1, , ,359.9276815,1971
11,1,2,111,PSU_RECODED_152,5,1,1,1,3,1,3,2,99,4,19,1,1,1,1,2,12,8,2, , , , , ,359.9276815,1999
11,1,2,111,PSU_RECODED_152,5,1,1,1,4,1,3,1,3,9,15,1,1,1,1,2,10,8,2, , , , , ,359.9276815,2003
11,1,2,111,PSU_RECODED_152,10,1,1,1,1,1,1,1,71,9,47,1,1,1,2,9,10,2,1,3115,64910,3, , ,359.9276815,1971
11,1,2,111,PSU_RECODED_152,10,1,1,1,2,1,2,2,75,9,43,1,1,1,2,9,10,7,2, , , , , ,359.9276815,1975
11,1,2,111,PSU_RECODED_152,10,1,1,1,3,1,3,2,99,10,19,1,1,1,1,4,12,8,2, , , , , ,359.9276815,1999
11,1,2,111,PSU_RECODED_152,10,1,1,1,4,1,3,2,6,6,12,1,1,1,1,2,7, , , , , , , ,359.9276815,2006
11,2,2,112,PSU_RECODED_131,2,1,1,1,1,1,1,1,66,10,52,1,1,1,2,9,11,1,1,1321,10711,4, , ,253.0556124,1966
11,2,2,112,PSU_RECODED_131,2,1,1,1,2,1,2,2,71,4,47,1,1,1,2,9,11,1,1,5211,47215,6, , ,253.0556124,1971
11,2,2,112,PSU_RECODED_131,2,1,1,1,3,1,3,1,90,6,28,1,1,1,2,9,13,1,1,1321,10711,6, , ,253.0556124,1990
11,2,2,112,PSU_RECODED_131,2,1,1,1,4,1,5,2,94,12,24,1,1,1,2,9,13,1,1,5211,47215,6, , ,253.0556124,1994
11,2,2,112,PSU_RECODED_131,2,1,1,1,5,1,5,1,92,2,27,1,1,1,2,9,13,1,1,1321,10711,6, , ,253.0556124,1992
11,2,2,112,PSU_RECODED_131,2,1,1,1,6,1,5,2,94,4,24,1,1,1,2,9,13,1,1,5211,47215,6, , ,253.0556124,1994
11,2,2,112,PSU_RECODED_131,6,1,1,1,1,1,1,2,65,1,54,1,1,1,4,9,11,7,2, , , , , ,253.0556124,1965
11,2,2,112,PSU_RECODED_131,6,1,1,1,2,1,3,2,90,4,28,1,1,1,1,9,11,1,1,7531,14101,3, , ,253.0556124,1990
11,2,2,112,PSU_RECODED_131,6,1,1,1,3,1,3,1,93,4,25,1,1,1,1,9,11,1,1,1439,45201,4, , ,253.0556124,1993
11,2,2,112,PSU_RECODED_131,6,1,1,1,4,1,3,1,95,8,23,1,1,1,1,9,11,1,1,7231,45201,6, , ,253.0556124,1995
11,1,2,111,PSU_RECODED_OTHER,4,1,1,1,1,1,1,1,89,2,30,1,1,1,2,9,13,1,1,2411,46492,3, , ,363.8841058,1989
11,1,2,111,PSU_RECODED_OTHER,4,1,1,1,2,1,2,2,89,12,29,1,1,1,2,9,13,1,1,2411,46492,3, , ,363.8841058,1989
11,1,2,111,PSU_RECODED_OTHER,4,1,1,1,3,1,3,2,16,5,2,1,1,1,1, , , , , , , , , ,363.8841058,2016
11,1,2,111,PSU_RECODED_53,2,1,1,1,1,1,1,1,64,10,54,1,1,1,2,9,13,1,1,7126,85301,2, , ,264.779335,1964
11,1,2,111,PSU_RECODED_53,2,1,1,1,2,1,2,2,72,2,47,1,1,1,2,9,15,1,1,1213,64194,2, , ,264.779335,1972
11,1,2,111,PSU_RECODED_53,2,1,1,1,3,1,3,1,95,11,23,1,1,1,1,9,15,8,2, , , , , ,264.779335,1995
11,1,2,111,PSU_RECODED_53,2,1,1,1,4,1,3,2,1,8,17,1,1,1,1,2,12,8,2, , , , , ,264.779335,2001
11,1,2,111,PSU_RECODED_53,6,1,1,1,1,1,1,1,35,9,83,1,6,3,4,9,11,9,2, , , , , ,264.779335,1935
11,1,2,111,PSU_RECODED_53,6,1,1,1,2,1,3,1,86,11,32,1,6,3,2,9,11,1,1,3115,55101,3, , ,264.779335,1986
11,1,2,111,PSU_RECODED_53,6,1,1,1,3,2,5,2,92,11,26,1,6,3,2,9,11, , , , , ,1,3,264.779335,1992
11,1,2,111,PSU_RECODED_53,10,1,1,1,1,1,1,2,67,2,52,1,1,1,2,9,11,1,1,5221,47113,5, , ,264.779335,1967
11,1,2,111,PSU_RECODED_53,10,1,1,1,2,2,2,1,65,11,53,1,1,1,2,9,11, , , , , ,2,1,264.779335,1965
11,1,2,111,PSU_RECODED_53,10,1,1,1,3,1,3,1,98,6,20,1,1,1,1,9,11,1,1,6111,46307,2, , ,264.779335,1998
11,1,2,111,PSU_RECODED_53,10,1,1,1,4,1,3,2,1,1,18,1,1,1,1,2,12,8,2, , , , , ,264.779335,2001
11,1,2,111,PSU_RECODED_53,10,1,1,1,5,1,3,2,1,1,18,1,1,1,1,2,12,8,2, , , , , ,264.779335,2001
11,1,2,111,PSU_RECODED_53,10,1,1,1,6,1,5,2,36,9,82,1,1,1,1,9,10,1,1,9112,47113,6, , ,264.779335,1936
11,1,2,111,PSU_RECODED_2,5,1,1,1,1,1,1,2,56,5,62,1,2,2,4,9,6,2,2, , , , , ,345.785179,1956
11,1,3,111,PSU_RECODED_88,2,1,1,1,1,1,1,2,85,6,33,1,4,3,2,9,13,7,2, , , , , ,470.1153322,1985
11,1,3,111,PSU_RECODED_88,2,1,1,1,2,2,2,1,84,9,34,1,4,3,2,9,15, , , , , ,2,1,470.1153322,1984
11,1,3,111,PSU_RECODED_88,2,1,1,1,3,1,3,1,11,8,7,1,4,3,1,2,2, , , , , , , ,470.1153322,2011
11,1,3,111,PSU_RECODED_88,2,1,1,1,4,1,3,1,11,8,7,1,4,3,1,2,2, , , , , , , ,470.1153322,2011
11,1,3,111,PSU_RECODED_88,2,1,1,1,5,1,5,2,57,6,61,1,4,3,4,9,11,9,2, , , , , ,470.1153322,1957
11,1,3,111,PSU_RECODED_88,9,1,1,1,1,1,1,1,64,1,55,1,2,2,2,9,4,1,1,7131,43304,3, , ,470.1153322,1964
11,1,3,111,PSU_RECODED_88,9,1,1,1,2,1,2,2,75,3,44,1,2,2,2,9,10,7,2, , , , , ,470.1153322,1975
11,1,3,111,PSU_RECODED_88,9,1,1,1,3,1,3,2,92,9,26,1,2,2,1,9,11,1,1,7531,14101,3, , ,470.1153322,1992
11,1,3,111,PSU_RECODED_88,9,1,1,1,4,1,3,1,1,5,17,1,2,2,1,9,10,3,2, , , , , ,470.1153322,2001
11,1,3,111,PSU_RECODED_88,9,1,1,1,5,1,5,1,48,6,70,1,2,2,2,9,5,9,2, , , , , ,470.1153322,1948
11,1,3,111,PSU_RECODED_88,9,1,1,1,6,1,5,2,47,5,71,1,2,2,2,9,5,9,2, , , , , ,470.1153322,1947
11,1,2,111,PSU_RECODED_158,3,1,1,1,1,1,1,2,44,2,75,1,1,1,4,9,4,4,2, , , , , ,356.6815804,1944
11,1,2,111,PSU_RECODED_158,3,1,1,1,2,1,3,2,85,2,34,1,1,1,1,9,12,1,1,4110,69101,3, , ,356.6815804,1985
11,1,2,111,PSU_RECODED_158,9,1,1,1,1,1,1,1,51,7,67,1,1,1,2,9,12,1,1,7412,43211,5, , ,356.6815804,1951
11,1,2,111,PSU_RECODED_158,9,1,1,1,2,1,2,2,57,6,61,1,1,1,2,9,11,1,1,3422,96094,5, , ,356.6815804,1957
11,1,2,111,PSU_RECODED_158,9,1,1,1,3,1,3,1,96,7,22,1,1,1,1,9,13,1,1,3313,64910,3, , ,356.6815804,1996
11,1,2,111,PSU_RECODED_158,9,1,1,1,4,1,5,2,50,3,68,1,1,1,1,9,11,7,2, , , , , ,356.6815804,1950
11,1,2,111,PSU_RECODED_158,9,1,1,1,5,1,4,2,26,7,92,3,1,1,4,9,5,9,2, , , , , ,356.6815804,1926
11,1,3,111,PSU_RECODED_38,6,1,1,1,1,1,1,1,80,5,38,1,1,1,2,9,13,1,1,3313,65120,3, , ,409.9176372,1980
11,1,3,111,PSU_RECODED_38,6,1,1,1,2,1,2,2,84,8,34,1,1,1,2,9,13,7,2, , , , , ,409.9176372,1984
11,1,3,111,PSU_RECODED_38,6,1,1,1,3,1,3,2,9,7,9,1,1,1,1,2,4, , , , , , , ,409.9176372,2009
11,1,3,111,PSU_RECODED_38,10,1,1,1,1,1,1,2,48,1,71,1,1,1,2,9,10,7,2, , , , , ,409.9176372,1948
11,1,3,111,PSU_RECODED_38,10,1,1,1,2,1,2,1,50,2,69,1,1,1,2,9,15,4,2, , , , , ,409.9176372,1950
11,1,3,111,PSU_RECODED_38,10,1,1,1,3,1,3,1,74,12,44,1,1,1,2,9,11,1,1,8323,49222,5, , ,409.9176372,1974
11,1,3,111,PSU_RECODED_38,10,1,1,1,4,1,5,2,85,10,33,1,1,1,2,9,11,7,2, , , , , ,409.9176372,1985
11,1,3,111,PSU_RECODED_38,10,1,1,1,5,1,5,1,4,5,14,1,1,1,1,2,9, , , , , , , ,409.9176372,2004
11,1,3,111,PSU_RECODED_38,10,1,1,1,6,1,5,2,7,7,11,1,1,1,1,2,6, , , , , , , ,409.9176372,2007
11,1,3,111,PSU_RECODED_38,10,1,1,1,7,1,5,2,17,1,2,1,1,1,1, , , , , , , , , ,409.9176372,2017
11,1,3,111,PSU_RECODED_130,7,1,1,1,1,1,1,1,75,8,43,1,1,1,2,9,11,1,1,8323,49222,5, , ,470.7188179,1975
11,1,3,111,PSU_RECODED_130,7,1,1,1,2,1,2,2,81,1,38,1,1,1,2,9,13,7,2, , , , , ,470.7188179,1981
11,1,3,111,PSU_RECODED_130,7,1,1,1,3,1,3,2,4,8,14,1,1,1,1,2,9, , , , , , , ,470.7188179,2004
11,1,3,111,PSU_RECODED_130,7,1,1,1,4,1,3,1,8,4,10,1,1,1,1,2,5, , , , , , , ,470.7188179,2008
11,1,3,111,PSU_RECODED_130,7,1,1,1,5,1,3,1,13,5,5,1,1,1,1,2,0, , , , , , , ,470.7188179,2013
11,1,3,111,PSU_RECODED_130,7,1,1,1,6,1,4,2,53,2,66,1,1,1,4,9,4,9,2, , , , , ,470.7188179,1953
11,2,3,112,PSU_RECODED_192,2,1,1,1,1,1,1,1,66,4,52,1,1,1,2,9,10,4,2, , , , , ,277.1805896,1966
11,2,3,112,PSU_RECODED_192,2,1,1,1,2,1,2,2,66,5,52,1,1,1,2,9,10,7,2, , , , , ,277.1805896,1966
11,2,3,112,PSU_RECODED_192,2,1,1,1,3,1,3,1,98,2,21,1,1,1,1,9,13,3,2, , , , , ,277.1805896,1998
11,2,3,112,PSU_RECODED_192,2,1,1,1,4,1,5,2,25,8,93,1,1,1,4,9,10,9,2, , , , , ,277.1805896,1925
11,2,3,112,PSU_RECODED_192,6,1,1,1,1,1,1,1,65,7,53,1,1,1,2,9,13,1,1,8322,49221,5, , ,277.1805896,1965
11,2,3,112,PSU_RECODED_192,6,1,1,1,2,1,2,2,64,10,54,1,1,1,2,9,13,7,2, , , , , ,277.1805896,1964
11,2,3,112,PSU_RECODED_192,6,1,1,1,3,1,3,2,97,7,21,1,1,1,1,3,13,8,2, , , , , ,277.1805896,1997
11,2,3,112,PSU_RECODED_192,6,1,1,1,4,1,3,1,1,1,18,1,1,1,1,2,11,8,2, , , , , ,277.1805896,2001
11,2,3,112,PSU_RECODED_192,10,1,1,1,1,1,1,2,74,8,44,1,1,1,2,9,13,7,2, , , , , ,277.1805896,1974
11,2,3,112,PSU_RECODED_192,10,1,1,1,2,1,3,1,1,9,17,1,1,1,1,2,11,8,2, , , , , ,277.1805896,2001
11,2,3,112,PSU_RECODED_192,10,1,1,1,3,1,3,1,90,4,28,1,1,1,2,9,13,1,1,7422,80201,5, , ,277.1805896,1990
11,2,3,112,PSU_RECODED_192,10,1,1,1,4,1,5,2,92,12,26,1,1,1,2,9,13,7,2, , , , , ,277.1805896,1992
11,2,3,112,PSU_RECODED_192,10,1,1,1,5,1,4,2,42,11,76,1,1,1,4,9,5,9,2, , , , , ,277.1805896,1942
11,2,3,112,PSU_RECODED_192,10,1,1,1,6,2,2,1,61,8,57,1,1,1,2,9,13, , , , , ,2,1,277.1805896,1961
11,2,3,112,PSU_RECODED_192,10,1,1,1,7,2,3,1,94,10,24,1,1,1,1,9,13, , , , , ,2,1,277.1805896,1994
11,2,3,112,PSU_RECODED_188,7,1,1,1,1,1,1,1,56,10,62,1,1,1,2,9,10,1,1,4110,24100,3, , ,234.4820265,1956
11,2,3,112,PSU_RECODED_188,7,1,1,1,2,1,2,2,55,7,63,1,1,1,2,9,10,7,2, , , , , ,234.4820265,1955
11,2,3,112,PSU_RECODED_188,7,1,1,1,3,1,3,2,78,9,40,1,1,1,2,9,12,1,1,4311,47190,3, , ,234.4820265,1978
11,2,3,112,PSU_RECODED_188,7,1,1,1,4,1,3,1,85,5,33,1,1,1,2,9,12,1,1,3441,74201,5, , ,234.4820265,1985
11,2,3,112,PSU_RECODED_188,7,1,1,1,5,1,3,1,94,3,25,1,1,1,1,9,15,1,1,110,84220,1, , ,234.4820265,1994
11,2,3,112,PSU_RECODED_188,7,1,1,1,6,1,5,1,74,8,44,1,1,1,2,9,12,1,1,1321,24100,3, , ,234.4820265,1974
11,2,3,112,PSU_RECODED_188,7,1,1,1,7,1,5,2,88,3,31,1,1,1,2,9,15,1,1,4110,84120,1, , ,234.4820265,1988
11,2,3,112,PSU_RECODED_188,7,1,1,1,8,1,5,2,16,6,2,1,1,1,1, , , , , , , , , ,234.4820265,2016
11,2,3,112,PSU_RECODED_21,1,1,1,1,1,1,1,1,83,2,36,1,1,1,2,9,13,1,1,1221,65110,3, , ,344.7330607,1983
11,2,3,112,PSU_RECODED_21,1,1,1,1,2,1,2,2,88,10,30,1,1,1,2,9,13,1,1,3115,84230,1, , ,344.7330607,1988
11,2,3,112,PSU_RECODED_21,1,1,1,1,3,1,3,1,14,8,4,1,1,1,1,1, , , , , , , , ,344.7330607,2014
11,2,3,112,PSU_RECODED_21,1,1,1,1,4,1,3,2,17,2,2,1,1,1,1, , , , , , , , , ,344.7330607,2017
11,2,3,112,PSU_RECODED_21,1,1,1,1,5,1,4,2,54,1,65,1,1,1,4,9,7,7,2, , , , , ,344.7330607,1954
11,2,3,112,PSU_RECODED_21,7,1,1,1,1,1,1,1,80,9,38,1,1,1,2,9,11,1,1,7115,16222,5, , ,344.7330607,1980
11,2,3,112,PSU_RECODED_21,7,1,1,1,2,1,2,2,82,9,36,1,1,1,2,9,11,7,2, , , , , ,344.7330607,1982
11,2,3,112,PSU_RECODED_21,7,1,1,1,3,1,3,2,10,6,8,1,1,1,1,2,3, , , , , , , ,344.7330607,2010
11,2,3,112,PSU_RECODED_21,7,1,1,1,4,1,3,1,12,1,7,1,1,1,1,2,2, , , , , , , ,344.7330607,2012
11,1,3,111,PSU_RECODED_161,2,1,1,1,1,1,1,1,82,2,37,1,4,3,2,9,11,1,1,1420,56102,5, , ,411.9575235,1982
11,1,3,111,PSU_RECODED_161,2,1,1,1,2,1,2,2,82,5,36,1,4,3,2,9,15,1,1,2611,69101,3, , ,411.9575235,1982
11,1,3,111,PSU_RECODED_161,2,1,1,1,3,1,3,2,8,8,10,1,4,3,1,2,5, , , , , , , ,411.9575235,2008
11,1,3,111,PSU_RECODED_161,2,1,1,1,4,1,3,2,12,8,6,1,4,3,1,2,2, , , , , , , ,411.9575235,2012
11,1,3,111,PSU_RECODED_161,2,1,1,1,5,1,3,1,16,4,2,1,4,3,1, , , , , , , , , ,411.9575235,2016
11,1,3,111,PSU_RECODED_161,2,1,1,1,6,1,6,2,86,2,33,1,2,2,2,9,10,1,1,9111,97006,3, , ,411.9575235,1986
11,1,3,111,PSU_RECODED_161,2,1,1,1,7,1,6,2,83,2,36,1,1,1,2,9,10,1,1,9111,97006,3, , ,411.9575235,1983
11,1,3,111,PSU_RECODED_161,8,1,1,1,1,1,1,1,53,11,65,1,1,1,2,9,8,6,2, , , , , ,411.9575235,1953
11,1,3,111,PSU_RECODED_161,8,1,1,1,2,1,2,2,56,10,62,1,1,1,2,9,7,1,1,7512,28250,5, , ,411.9575235,1956
11,1,3,111,PSU_RECODED_161,8,1,1,1,3,1,3,2,85,3,34,1,1,1,1,9,13,1,1,2411,45302,3, , ,411.9575235,1985
11,1,3,111,PSU_RECODED_161,8,1,1,1,4,2,3,1,97,3,22,1,1,1,1,9,13, , , , , ,2,2,411.9575235,1997
11,2,3,112,PSU_RECODED_58,1,1,1,1,1,1,1,1,92,3,27,1,1,1,2,9,10,1,1,7313,43304,3, , ,287.0910067,1992
11,2,3,112,PSU_RECODED_58,1,1,1,1,2,2,2,2,93,8,25,1,1,1,2,9,13, , , , , ,2,1,287.0910067,1993
11,2,3,112,PSU_RECODED_58,1,1,1,1,3,2,3,1,16,11,2,1,1,1,1, , , , , , , ,2,2,287.0910067,2016
11,2,3,112,PSU_RECODED_58,5,1,1,1,1,1,1,1,59,3,60,1,1,1,4,9,7,7,2, , , , , ,287.0910067,1959
11,2,3,112,PSU_RECODED_58,5,1,1,1,2,1,3,2,98,9,21,1,1,1,1,9,13,1,1,4311,64921,3, , ,287.0910067,1998
11,1,3,111,PSU_RECODED_22,3,1,1,1,1,1,1,2,41,4,77,1,1,1,4,9,8,7,2, , , , , ,257.1301543,1941
11,1,3,111,PSU_RECODED_22,3,1,1,1,2,1,3,2,66,7,52,1,1,1,1,9,13,1,1,2330,85213,3, , ,257.1301543,1966
11,1,3,111,PSU_RECODED_22,8,1,1,1,1,1,1,1,82,11,36,1,1,1,2,9,8,1,1,8323,49222,5, , ,257.1301543,1982
11,1,3,111,PSU_RECODED_22,8,1,1,1,2,1,2,2,86,7,32,1,1,1,2,9,10,7,2, , , , , ,257.1301543,1986
11,1,3,111,PSU_RECODED_22,8,1,1,1,3,1,3,2,7,7,11,1,1,1,1,2,6, , , , , , , ,257.1301543,2007
11,1,3,111,PSU_RECODED_89,2,1,1,1,1,1,1,2,66,9,52,1,2,5,4,9,9,1,1,9112,88903,3, , ,461.6081311,1966
11,1,3,111,PSU_RECODED_89,2,1,1,1,2,1,3,1,96,5,22,1,2,5,1,9,10,9,2, , , , , ,461.6081311,1996
11,1,3,111,PSU_RECODED_89,9,1,1,1,1,1,1,1,62,8,56,1,1,1,4,9,9,1,1,7512,47819,5, , ,461.6081311,1962
11,1,3,111,PSU_RECODED_89,9,1,1,1,2,1,3,1,81,7,37,1,1,1,1,9,10,1,1,8323,49222,5, , ,461.6081311,1981
11,1,3,111,PSU_RECODED_89,9,1,1,1,3,1,3,1,88,4,30,1,1,1,1,9,9,1,1,9520,47612,5, , ,461.6081311,1988
11,1,3,111,PSU_RECODED_89,9,1,1,1,4,1,3,1,85,3,34,1,1,1,1,9,9,1,1,8323,49222,5, , ,461.6081311,1985
11,1,4,111,PSU_RECODED_OTHER,5,1,1,1,1,1,1,1,76,9,42,1,1,1,1,9,7,1,2, , , , , ,226.7406137,1976
11,1,4,111,PSU_RECODED_OTHER,10,1,1,1,1,1,1,1,89,8,29,1,1,1,2,9,9,1,1,9998,99998,3, , ,226.7406137,1989
11,1,4,111,PSU_RECODED_OTHER,10,1,1,1,2,1,2,2,93,11,25,1,2,2,2,9,10,7,2, , , , , ,226.7406137,1993
11,1,4,111,PSU_RECODED_OTHER,10,1,1,1,3,1,3,2,15,6,3,1,2,2,1,1, , , , , , , , ,226.7406137,2015
11,1,3,111,PSU_RECODED_59,7,1,1,1,1,1,1,1,62,12,56,1,1,5,2,9,13,1,1,3313,64191,3, , ,212.828732,1962
11,1,3,111,PSU_RECODED_59,7,1,1,1,2,1,2,2,66,6,52,1,1,4,2,9,13,7,2, , , , , ,212.828732,1966
11,1,3,111,PSU_RECODED_59,7,1,1,1,3,1,3,2,95,5,23,1,1,4,1,9,13,1,1,4211,64191,3, , ,212.828732,1995
11,1,3,111,PSU_RECODED_59,7,1,1,1,4,1,3,2,99,12,19,1,1,4,1,9,13,1,1,4211,64191,3, , ,212.828732,1999
11,1,3,111,PSU_RECODED_59,7,1,1,1,5,1,3,2,3,8,15,1,1,4,1,2,10,8,2, , , , , ,212.828732,2003
11,2,4,112,PSU_RECODED_170,1,1,1,1,1,1,1,1,73,4,46,1,1,1,2,9,11,1,1,7412,33150,5, , ,240.081953,1973
11,2,4,112,PSU_RECODED_170,1,1,1,1,2,1,2,2,76,3,43,1,1,1,2,9,13,7,2, , , , , ,240.081953,1976
11,2,4,112,PSU_RECODED_170,1,1,1,1,3,1,3,1,14,4,5,1,1,1,1,1,19, , , , , , , ,240.081953,2014
11,2,4,112,PSU_RECODED_170,5,1,1,1,1,1,1,2,47,8,71,1,1,1,4,9,11,4,2, , , , , ,240.081953,1947
11,2,4,112,PSU_RECODED_170,5,1,1,1,2,1,3,1,75,11,43,1,1,1,1,9,10,1,1,8322,14101,3, , ,240.081953,1975
11,1,4,111,PSU_RECODED_188,4,1,1,1,1,1,1,1,71,12,47,1,2,2,2,9,11,1,1,1420,47113,4, , ,306.7169652,1971
11,1,4,111,PSU_RECODED_188,4,1,1,1,2,1,2,2,85,3,34,1,2,2,2,9,11,7,2, , , , , ,306.7169652,1985
11,1,4,111,PSU_RECODED_188,4,1,1,1,3,1,3,2,8,6,10,1,2,2,1,2,5, , , , , , , ,306.7169652,2008
11,1,4,111,PSU_RECODED_188,4,1,1,1,4,1,3,2,11,11,7,1,2,2,1,2,2, , , , , , , ,306.7169652,2011
11,1,4,111,PSU_RECODED_188,9,1,1,1,1,1,1,1,86,4,33,1,2,2,2,9,13,1,1,2411,79120,3, , ,306.7169652,1986
11,1,4,111,PSU_RECODED_188,9,1,1,1,2,1,2,2,91,10,27,1,2,2,2,9,13,7,2, , , , , ,306.7169652,1991
11,1,4,111,PSU_RECODED_188,9,1,1,1,3,1,3,1,15,3,4,1,2,2,1,1, , , , , , , , ,306.7169652,2015
11,1,4,111,PSU_RECODED_188,9,1,1,1,4,1,4,1,59,4,60,1,2,2,2,9,8,5,2, , , , , ,306.7169652,1959
11,1,4,111,PSU_RECODED_188,9,1,1,1,5,1,4,2,63,10,55,1,2,2,2,9,13,7,2, , , , , ,306.7169652,1963
11,1,4,111,PSU_RECODED_15,3,1,1,1,1,1,1,2,59,7,59,1,1,1,4,9,8,1,1,9111,97006,3, , ,349.4790551,1959
11,1,4,111,PSU_RECODED_15,3,1,1,1,2,1,3,1,79,1,40,1,1,1,1,9,10,1,1,9998,99998,3, , ,349.4790551,1979
11,1,4,111,PSU_RECODED_15,3,1,1,1,3,1,5,1,69,2,50,1,1,1,2,9,6,1,2, , , , , ,349.4790551,1969
11,1,4,111,PSU_RECODED_15,3,1,1,1,4,1,5,1,71,3,48,1,1,1,2,9,5,1,2, , , , , ,349.4790551,1971
11,1,4,111,PSU_RECODED_15,3,1,1,1,5,1,5,2,24,4,95,1,1,1,4,9,2,9,2, , , , , ,349.4790551,1924
11,1,4,111,PSU_RECODED_15,8,1,1,1,1,1,1,1,58,2,61,1,1,1,2,9,16,2,1,1120,86202,5, , ,349.4790551,1958
11,1,4,111,PSU_RECODED_15,8,1,1,1,2,1,2,2,57,4,62,1,1,1,2,9,13,1,1,1311,1271,5, , ,349.4790551,1957
11,1,4,111,PSU_RECODED_15,8,1,1,1,3,1,5,2,96,1,23,1,1,1,1,3,13,8,2, , , , , ,349.4790551,1996
11,1,4,111,PSU_RECODED_190,5,1,1,1,1,1,1,1,75,9,43,1,1,1,2,9,11,1,1,8121,18115,3, , ,302.708409,1975
11,1,4,111,PSU_RECODED_190,5,1,1,1,2,1,2,2,77,7,41,1,1,1,2,9,11,1,1,8189,14109,3, , ,302.708409,1977
11,1,4,111,PSU_RECODED_190,5,1,1,1,3,1,3,1,6,1,13,1,1,1,1,2,8, , , , , , , ,302.708409,2006
11,1,4,111,PSU_RECODED_190,5,1,1,1,4,1,3,1,12,1,7,1,1,1,1,2,2, , , , , , , ,302.708409,2012
11,1,4,111,PSU_RECODED_190,9,1,1,1,1,1,1,2,42,5,76,1,1,1,4,9,5,9,2, , , , , ,302.708409,1942
11,1,4,111,PSU_RECODED_190,9,1,1,1,2,1,5,1,84,6,34,1,1,1,1,9,10,1,1,7531,14105,3, , ,302.708409,1984
11,1,4,111,PSU_RECODED_190,9,1,1,1,3,1,5,1,87,4,32,1,1,1,1,9,10,1,1,7531,14109,3, , ,302.708409,1987
11,1,4,111,PSU_RECODED_190,3,1,1,1,1,1,1,2,60,5,58,1,1,5,4,9,13,4,2, , , , , ,379.0407243,1960
11,1,4,111,PSU_RECODED_190,3,1,1,1,2,1,3,2,90,3,29,1,1,5,1,9,15,1,1,1221,62020,3, , ,379.0407243,1990
11,1,4,111,PSU_RECODED_190,3,1,1,1,3,1,3,2,93,12,25,1,1,5,1,9,15,1,1,3313,55101,3, , ,379.0407243,1993
11,1,4,111,PSU_RECODED_190,3,1,1,1,4,1,4,2,38,3,81,1,1,4,4,9,10,9,2, , , , , ,379.0407243,1938
11,2,4,112,PSU_RECODED_175,1,1,1,1,1,1,1,2,56,12,62,1,1,1,1,9,19,9,2, , , , , ,301.5425941,1956
11,2,4,112,PSU_RECODED_175,5,1,1,1,1,1,1,1,59,9,59,1,1,1,2,9,8,9,2, , , , , ,301.5425941,1959
11,2,4,112,PSU_RECODED_175,5,1,1,1,2,1,2,2,62,2,57,1,1,1,2,9,3,1,1,7512,10734,5, , ,301.5425941,1962
11,2,4,112,PSU_RECODED_175,5,1,1,1,3,1,3,1,87,8,31,1,1,1,2,9,11,1,1,8323,49222,5, , ,301.5425941,1987
11,2,4,112,PSU_RECODED_175,5,1,1,1,4,1,5,2,85,3,34,1,1,1,2,9,11,7,2, , , , , ,301.5425941,1985
11,2,4,112,PSU_RECODED_175,5,1,1,1,5,1,5,2,12,8,6,1,1,1,1,2,1, , , , , , , ,301.5425941,2012
11,2,4,112,PSU_RECODED_175,5,1,1,1,6,1,5,1,16,3,3,1,1,1,1,9, , , , , , , , ,301.5425941,2016
11,2,4,112,PSU_RECODED_175,5,1,1,1,7,2,3,1,83,3,36,1,1,1,1,9,10, , , , , ,1,1,301.5425941,1983
11,1,4,111,PSU_RECODED_190,1,1,1,1,1,1,1,1,80,12,38,1,1,5,2,9,4,1,1,5230,49212,3, , ,303.9446117,1980
11,1,4,111,PSU_RECODED_190,1,1,1,1,2,1,2,2,85,3,34,1,1,1,2,9,9,7,2, , , , , ,303.9446117,1985
11,1,4,111,PSU_RECODED_190,1,1,1,1,3,1,3,1,1,11,17,1,1,5,1,2,11,8,2, , , , , ,303.9446117,2001
11,1,4,111,PSU_RECODED_190,1,1,1,1,4,2,3,1,9,4,10,1,1,5,1,2,3, , , , , ,1,2,303.9446117,2009
11,1,4,111,PSU_RECODED_190,1,1,1,1,5,1,3,2,15,2,4,1,1,5,1,1, , , , , , , , ,303.9446117,2015
11,1,4,111,PSU_RECODED_190,5,1,1,1,1,1,1,1,55,1,64,1,1,1,2,9,1,1,1,7511,47817,5, , ,303.9446117,1955
11,1,4,111,PSU_RECODED_190,5,1,1,1,2,1,2,2,57,12,61,1,1,5,2,9,7,7,2, , , , , ,303.9446117,1957
11,1,4,111,PSU_RECODED_190,5,1,1,1,3,1,5,1,81,3,38,1,1,1,2,9,10,1,1,9112,84110,1, , ,303.9446117,1981
11,1,4,111,PSU_RECODED_190,5,1,1,1,4,1,3,2,79,7,39,1,1,1,2,9,10,7,2, , , , , ,303.9446117,1979
11,1,4,111,PSU_RECODED_190,5,1,1,1,5,1,3,1,91,12,27,1,1,1,2,9,10,1,1,8323,49222,5, , ,303.9446117,1991
11,1,4,111,PSU_RECODED_190,5,1,1,1,6,1,5,2,93,9,25,1,1,1,2,9,10,7,2, , , , , ,303.9446117,1993
11,1,4,111,PSU_RECODED_190,5,1,1,1,7,1,5,1,0,12,18,1,1,1,1,2,12,8,2, , , , , ,303.9446117,2000
11,1,4,111,PSU_RECODED_190,5,1,1,1,8,1,5,1,11,6,7,1,1,1,1,2,2, , , , , , , ,303.9446117,2011
11,1,4,111,PSU_RECODED_51,2,1,1,1,1,1,1,1,57,4,62,1,1,4,2,9,13,1,1,1420,47723,4, , ,303.9446117,1957
11,1,4,111,PSU_RECODED_51,2,1,1,1,2,1,2,2,62,5,56,1,1,4,2,9,15,1,1,1120,47723,3, , ,303.9446117,1962
11,1,4,111,PSU_RECODED_51,2,1,1,1,3,1,3,2,90,6,28,1,1,4,1,3,16,3,2, , , , , ,303.9446117,1990
11,1,4,111,PSU_RECODED_51,2,1,1,1,4,1,3,2,92,12,26,1,1,4,1,9,15,1,1,2163,14101,3, , ,303.9446117,1992
11,1,4,111,PSU_RECODED_51,2,1,1,1,5,1,6,2,83,4,36,1,2,2,1,9,10,1,1,9111,97006,3, , ,303.9446117,1983
11,1,4,111,PSU_RECODED_51,2,1,1,1,6,2,3,2,99,4,20,1,1,4,1,3,13, , , , , ,2,2,303.9446117,1999
11,1,4,111,PSU_RECODED_51,6,1,1,1,1,1,1,1,69,12,49,1,1,1,2,9,13,1,1,3123,55101,3, , ,303.9446117,1969
11,1,4,111,PSU_RECODED_51,6,1,1,1,2,1,2,2,70,6,48,1,1,1,2,9,13,7,2, , , , , ,303.9446117,1970
11,1,4,111,PSU_RECODED_51,6,1,1,1,3,1,3,2,95,12,23,1,1,1,1,9,13,1,1,2330,85492,5, , ,303.9446117,1995
11,1,4,111,PSU_RECODED_51,6,1,1,1,4,1,3,1,5,9,13,1,1,1,1,2,8, , , , , , , ,303.9446117,2005
11,1,4,111,PSU_RECODED_51,6,1,1,1,5,1,5,2,44,11,74,1,1,1,4,9,11,7,2, , , , , ,303.9446117,1944
11,1,4,111,PSU_RECODED_108,1,1,1,1,1,1,1,1,62,10,56,1,1,1,2,9,15,1,1,3521,60100,2, , ,347.2243515,1962
11,1,4,111,PSU_RECODED_108,1,1,1,1,2,1,2,2,62,6,56,1,1,1,2,9,13,1,1,1412,55106,5, , ,347.2243515,1962
11,1,4,111,PSU_RECODED_108,1,1,1,1,3,1,3,2,86,12,32,1,1,1,1,4,15,1,1,3339,94110,3, , ,347.2243515,1986
11,1,4,111,PSU_RECODED_108,1,1,1,1,4,1,6,1,74,3,45,1,1,1,2,9,10,1,1,9111,97006,3, , ,347.2243515,1974
11,1,4,111,PSU_RECODED_108,10,1,1,1,1,1,1,1,87,8,31,1,1,1,2,9,10,7,2, , , , , ,347.2243515,1987
11,1,4,111,PSU_RECODED_108,10,1,1,1,2,1,2,2,85,10,33,1,1,1,2,9,10,1,1,7131,41003,3, , ,347.2243515,1985
11,1,4,111,PSU_RECODED_108,10,1,1,1,3,1,3,1,13,7,5,1,1,1,1,2,1, , , , , , , ,347.2243515,2013
11,1,5,111,PSU_RECODED_55,6,1,1,1,1,1,1,1,61,8,57,1,1,1,2,9,13,4,2, , , , , ,392.42579,1961
11,1,5,111,PSU_RECODED_55,6,1,1,1,2,1,2,2,53,10,65,1,1,1,2,9,11,1,1,7531,14105,5, , ,392.42579,1953
11,1,5,111,PSU_RECODED_55,6,1,1,1,3,1,3,1,79,5,40,1,1,1,2,9,13,1,1,3511,18115,3, , ,392.42579,1979
11,1,5,111,PSU_RECODED_55,6,1,1,1,4,1,5,2,83,11,35,1,1,1,2,9,15,1,1,1212,84120,1, , ,392.42579,1983
11,1,5,111,PSU_RECODED_55,6,1,1,1,5,1,5,2,17,10,1,1,1,1,1, , , , , , , , , ,392.42579,2017
11,1,4,111,PSU_RECODED_64,1,1,1,1,1,1,1,1,62,12,56,1,1,1,2,9,13,1,1,9623,84130,1, , ,315.1831121,1962
11,1,4,111,PSU_RECODED_64,1,1,1,1,2,1,2,2,65,7,53,1,1,1,2,9,13,7,2, , , , , ,315.1831121,1965
11,1,4,111,PSU_RECODED_64,1,1,1,1,3,1,3,2,96,7,22,1,1,1,1,9,13,8,2, , , , , ,315.1831121,1996
11,1,4,111,PSU_RECODED_64,1,1,1,1,4,1,3,2,1,8,17,1,1,1,1,2,11,8,2, , , , , ,315.1831121,2001
11,1,4,111,PSU_RECODED_64,5,1,1,1,1,1,1,1,58,12,60,1,1,4,2,9,15,7,2, , , , , ,315.1831121,1958
11,1,4,111,PSU_RECODED_64,5,1,1,1,2,1,2,2,64,8,54,1,1,1,2,9,15,7,2, , , , , ,315.1831121,1964
11,1,4,111,PSU_RECODED_64,5,1,1,1,3,2,3,1,87,10,31,1,1,4,1,9,15, , , , , ,2,1,315.1831121,1987
11,1,4,111,PSU_RECODED_64,5,1,1,1,4,1,3,2,91,4,28,1,1,4,1,9,13,1,1,3322,47221,3, , ,315.1831121,1991
11,1,4,111,PSU_RECODED_64,5,1,1,1,5,1,5,1,3,4,16,1,1,1,1,6,11,8,2, , , , , ,315.1831121,2003
11,1,1,111,PSU_RECODED_131,1,1,1,1,1,1,1,1,76,3,42,1,1,1,2,9,15,1,1,1213,81309,3, , ,361.6920328,1976
11,1,1,111,PSU_RECODED_131,1,1,1,1,2,1,2,2,77,7,41,1,1,1,2,9,13,1,1,4110,84120,1, , ,361.6920328,1977
11,1,1,111,PSU_RECODED_131,1,1,1,1,3,1,3,1,17,11,1,1,1,1,1, , , , , , , , , ,361.6920328,2017
11,1,1,111,PSU_RECODED_131,7,1,1,1,1,1,1,1,75,12,43,1,1,1,2,9,10,1,1,8122,25931,3, , ,361.6920328,1975
11,1,1,111,PSU_RECODED_131,7,1,1,1,2,1,2,2,76,5,42,1,1,1,2,9,10,7,2, , , , , ,361.6920328,1976
11,1,1,111,PSU_RECODED_131,7,1,1,1,3,1,3,1,1,8,17,1,1,1,1,2,11,8,2, , , , , ,361.6920328,2001
11,1,1,111,PSU_RECODED_131,7,1,1,1,4,1,3,1,8,10,10,1,1,1,1,2,5, , , , , , , ,361.6920328,2008
11,2,5,112,PSU_RECODED_51,1,1,1,1,1,1,1,1,68,5,51,1,1,1,2,9,11,9,2, , , , , ,316.0053057,1968
11,2,5,112,PSU_RECODED_51,1,1,1,1,2,1,2,2,73,11,45,1,1,1,2,9,11,1,1,9111,97006,3, , ,316.0053057,1973
11,2,5,112,PSU_RECODED_51,1,1,1,1,3,1,3,1,2,10,16,1,1,1,1,2,11,8,2, , , , , ,316.0053057,2002
11,2,5,112,PSU_RECODED_51,1,1,1,1,4,1,3,1,6,11,12,1,1,1,1,2,7, , , , , , , ,316.0053057,2006
11,2,5,112,PSU_RECODED_51,1,1,1,1,5,1,3,1,10,9,8,1,1,1,1,2,3, , , , , , , ,316.0053057,2010
11,2,5,112,PSU_RECODED_51,6,1,1,1,1,1,1,1,53,9,65,1,1,1,2,9,11,1,1,5414,80101,3, , ,316.0053057,1953
11,2,5,112,PSU_RECODED_51,6,1,1,1,2,1,2,2,65,6,53,1,1,1,2,9,11,7,2, , , , , ,316.0053057,1965
11,2,5,112,PSU_RECODED_51,6,1,1,1,3,1,3,1,87,3,32,1,1,1,2,9,11,1,1,7212,25113,3, , ,316.0053057,1987
11,2,5,112,PSU_RECODED_51,6,1,1,1,4,1,5,2,87,11,31,1,1,1,2,9,12,7,2, , , , , ,316.0053057,1987
11,2,5,112,PSU_RECODED_51,6,1,1,1,5,1,5,2,19,5,0,1,1,1,1, , , , , , , , , ,316.0053057,2019
11,2,5,112,PSU_RECODED_135,1,1,1,1,1,1,1,1,52,2,67,1,1,1,2,9,5,1,1,9520,92003,3, , ,259.1374087,1952
11,2,5,112,PSU_RECODED_135,1,1,1,1,2,1,2,2,51,2,68,1,1,1,2,9,12,7,2, , , , , ,259.1374087,1951
11,2,5,112,PSU_RECODED_135,1,1,1,1,3,1,3,2,78,12,40,1,1,1,5,9,13,1,1,5249,47591,3, , ,259.1374087,1978
11,2,5,112,PSU_RECODED_135,6,1,1,1,1,1,1,1,79,8,39,1,4,3,2,9,19,1,1,1420,10612,5, , ,259.1374087,1979
11,2,5,112,PSU_RECODED_135,6,1,1,1,2,1,2,2,78,6,40,1,4,3,2,9,10,1,1,9322,10612,6, , ,259.1374087,1978
11,2,5,112,PSU_RECODED_135,6,1,1,1,3,1,3,1,2,5,17,1,4,3,1,9,10,1,1,9322,10612,3, , ,259.1374087,2002
11,2,5,112,PSU_RECODED_135,6,1,1,1,4,1,3,2,8,10,10,1,4,3,1,2,5, , , , , , , ,259.1374087,2008
11,2,5,112,PSU_RECODED_135,6,1,1,1,5,1,5,2,8,10,10,1,4,3,1,2,5, , , , , , , ,259.1374087,2008
11,2,1,112,PSU_RECODED_21,1,1,1,1,1,1,1,1,71,8,47,1,1,1,2,9,11,1,1,6111,1285,5, , ,293.2803651,1971
11,2,1,112,PSU_RECODED_21,1,1,1,1,2,1,2,2,72,1,47,1,1,1,2,9,11,7,2, , , , , ,293.2803651,1972
11,2,1,112,PSU_RECODED_21,1,1,1,1,3,1,3,2,3,9,15,1,1,1,1,2,10,8,2, , , , , ,293.2803651,2003
11,2,1,112,PSU_RECODED_21,1,1,1,1,4,1,3,1,5,2,13,1,1,1,1,2,8, , , , , , , ,293.2803651,2005
11,2,1,112,PSU_RECODED_21,1,1,1,1,5,1,3,1,8,5,10,1,1,1,1,2,5, , , , , , , ,293.2803651,2008
11,2,1,112,PSU_RECODED_21,5,1,1,1,1,1,1,1,75,10,43,1,1,1,2,9,10,1,1,7116,41003,3, , ,293.2803651,1975
11,2,1,112,PSU_RECODED_21,5,1,1,1,2,1,2,2,77,8,41,1,1,1,2,9,10,1,1,7531,14105,3, , ,293.2803651,1977
11,2,1,112,PSU_RECODED_21,5,1,1,1,3,1,3,2,98,2,20,1,1,1,1,9,12,8,2, , , , , ,293.2803651,1998
11,2,1,112,PSU_RECODED_21,5,1,1,1,4,1,3,2,7,4,11,1,1,1,1,2,6, , , , , , , ,293.2803651,2007
11,2,1,112,PSU_RECODED_21,10,1,1,1,1,1,1,1,82,2,36,1,1,1,2,9,13,1,1,4321,85229,3, , ,293.2803651,1982
11,2,1,112,PSU_RECODED_21,10,1,1,1,2,1,2,2,90,1,29,1,1,1,2,9,13,7,2, , , , , ,293.2803651,1990
11,2,1,112,PSU_RECODED_21,10,1,1,1,3,1,3,2,11,9,7,1,1,1,1,2,2, , , , , , , ,293.2803651,2011
11,1,5,111,PSU_RECODED_OTHER,1,1,1,1,1,1,1,1,50,9,68,1,1,1,2,9,16,1,1,1221,46492,3, , ,395.2777216,1950
11,1,5,111,PSU_RECODED_OTHER,1,1,1,1,2,1,2,2,75,2,44,1,1,1,2,9,13,7,2, , , , , ,395.2777216,1975
11,1,5,111,PSU_RECODED_OTHER,7,1,1,1,1,1,1,1,63,12,55,1,1,1,2,9,10,9,2, , , , , ,395.2777216,1963
11,1,5,111,PSU_RECODED_OTHER,7,1,1,1,2,1,2,2,64,1,55,1,1,1,2,9,6,1,1,9111,97006,3, , ,395.2777216,1964
11,1,1,111,PSU_RECODED_167,2,1,1,1,1,1,1,1,63,12,55,1,1,1,2,9,10,9,2, , , , , ,244.2228303,1963
11,1,1,111,PSU_RECODED_167,2,1,1,1,2,1,2,2,67,8,51,1,1,1,2,9,10,1,1,7531,14101,3, , ,244.2228303,1967
11,1,1,111,PSU_RECODED_167,2,1,1,1,3,1,3,1,95,5,23,1,1,1,1,9,11,1,1,7214,25112,3, , ,244.2228303,1995
11,1,1,111,PSU_RECODED_167,2,1,1,1,4,1,3,2,97,6,21,1,1,1,1,9,11,1,1,4311,14101,3, , ,244.2228303,1997
11,1,1,111,PSU_RECODED_167,7,1,1,1,1,1,1,2,66,3,52,1,1,1,4,9,9,1,1,5212,56106,5, , ,244.2228303,1966
11,1,1,111,PSU_RECODED_167,7,1,1,1,2,1,3,1,99,3,19,1,1,1,1,9,10,1,1,5211,1494,3, , ,244.2228303,1999
11,1,1,111,PSU_RECODED_167,7,1,1,1,3,1,3,1,95,9,23,1,1,1,2,9,10,1,1,7412,43211,5, , ,244.2228303,1995
11,1,1,111,PSU_RECODED_167,7,1,1,1,4,1,5,2,96,8,22,1,1,1,2,9,12,1,1,5211,47721,3, , ,244.2228303,1996
11,1,5,111,PSU_RECODED_18,5,1,1,1,1,1,1,1,61,8,57,1,1,1,2,9,9,1,1,7116,41003,3, , ,364.1346284,1961
11,1,5,111,PSU_RECODED_18,5,1,1,1,2,1,2,2,64,2,55,1,1,1,2,9,9,7,2, , , , , ,364.1346284,1964
11,1,5,111,PSU_RECODED_18,5,1,1,1,3,1,3,1,94,12,24,1,1,1,2,9,13,1,1,4412,84110,1, , ,364.1346284,1994
11,1,5,111,PSU_RECODED_18,5,1,1,1,4,1,3,2,96,12,22,1,1,1,2,9,10,7,2, , , , , ,364.1346284,1996
11,1,5,111,PSU_RECODED_18,5,1,1,1,5,1,3,2,17,8,1,1,1,1,1, , , , , , , , , ,364.1346284,2017
11,1,5,111,PSU_RECODED_18,9,1,1,1,1,1,1,2,63,9,55,1,1,1,4,9,5,1,1,9112,81210,3, , ,364.1346284,1963
11,1,5,111,PSU_RECODED_18,9,1,1,1,2,2,3,2,83,7,35,1,1,1,4,9,10, , , , , ,1,1,364.1346284,1983
11,1,5,111,PSU_RECODED_18,9,1,1,1,3,1,5,2,1,3,18,1,1,1,1,2,11,8,2, , , , , ,364.1346284,2001
11,1,5,111,PSU_RECODED_18,9,1,1,1,4,1,5,2,8,7,10,1,1,1,1,2,5, , , , , , , ,364.1346284,2008
11,1,5,111,PSU_RECODED_18,9,1,1,1,5,1,5,2,14,5,5,1,1,1,1,9,19, , , , , , , ,364.1346284,2014
11,1,5,111,PSU_RECODED_18,9,1,1,1,6,1,5,2,85,1,34,1,1,1,1,9,11,7,2, , , , , ,364.1346284,1985
11,2,5,112,PSU_RECODED_132,4,1,1,1,1,1,1,2,49,11,69,1,1,1,2,9,10,7,2, , , , , ,279.2337792,1949
11,2,5,112,PSU_RECODED_132,4,1,1,1,2,1,2,1,38,1,81,1,1,1,2,9,8,9,2, , , , , ,279.2337792,1938
11,2,5,112,PSU_RECODED_132,4,1,1,1,3,1,3,1,76,7,42,1,1,1,2,9,11,1,1,5221,47113,5, , ,279.2337792,1976
11,2,5,112,PSU_RECODED_132,4,1,1,1,4,1,5,2,79,6,39,1,1,1,2,9,11,1,1,1420,1138,5, , ,279.2337792,1979
11,2,5,112,PSU_RECODED_132,4,1,1,1,5,1,5,2,5,2,14,1,1,1,1,2,8, , , , , , , ,279.2337792,2005
11,2,5,112,PSU_RECODED_132,4,1,1,1,6,1,5,2,10,7,8,1,1,1,1,2,3, , , , , , , ,279.2337792,2010
11,2,5,112,PSU_RECODED_132,4,1,1,1,7,1,5,1,16,3,3,1,1,1,1,9, , , , , , , , ,279.2337792,2016
11,2,5,112,PSU_RECODED_132,9,1,1,1,1,1,1,1,47,5,72,1,1,1,2,9,9,1,1,9998,99998,3, , ,279.2337792,1947
11,2,5,112,PSU_RECODED_132,9,1,1,1,2,1,2,2,48,2,71,1,1,1,2,9,3,1,1,7213,14101,3, , ,279.2337792,1948
11,2,5,112,PSU_RECODED_132,9,1,1,1,3,1,3,1,81,10,37,1,1,1,1,9,10,1,1,9212,1271,3, , ,279.2337792,1981
11,1,1,111,PSU_RECODED_89,3,1,1,1,1,1,1,1,64,2,54,1,4,3,2,9,10,4,1,3331,52291,4, , ,512.4403782,1964
11,1,1,111,PSU_RECODED_89,3,1,1,1,2,1,2,2,64,8,54,1,4,3,2,9,13,7,2, , , , , ,512.4403782,1964
11,1,1,111,PSU_RECODED_89,3,1,1,1,3,1,3,1,1,10,17,1,4,3,1,9,11,4,2, , , , , ,512.4403782,2001
11,1,1,111,PSU_RECODED_89,3,1,1,1,4,1,5,2,1,3,17,1,4,3,1,9,11,4,2, , , , , ,512.4403782,2001
11,1,1,111,PSU_RECODED_89,9,1,1,1,1,1,1,2,83,6,35,1,4,3,2,9,13,7,2, , , , , ,512.4403782,1983
11,1,1,111,PSU_RECODED_89,9,1,1,1,2,1,3,1,6,11,12,1,4,3,1,2,7, , , , , , , ,512.4403782,2006
11,1,1,111,PSU_RECODED_89,9,1,1,1,3,1,3,2,9,1,10,1,4,3,1,2,6, , , , , , , ,512.4403782,2009
11,1,1,111,PSU_RECODED_89,9,1,1,1,4,1,3,1,13,11,5,1,4,3,1,2,0, , , , , , , ,512.4403782,2013
11,1,1,111,PSU_RECODED_89,9,1,1,1,5,2,2,1,78,4,40,1,4,3,2,9,10, , , , , ,2,1,512.4403782,1978
11,1,5,111,PSU_RECODED_60,4,1,1,1,1,1,1,1,80,10,38,1,1,1,2,9,13,1,1,1219,33150,3, , ,240.8689587,1980
11,1,5,111,PSU_RECODED_60,4,1,1,1,2,1,2,2,82,3,37,1,1,1,2,9,13,1,1,5151,84120,2, , ,240.8689587,1982
11,1,5,111,PSU_RECODED_60,4,1,1,1,3,1,3,2,11,4,8,1,1,1,1,2,2, , , , , , , ,240.8689587,2011
11,1,5,111,PSU_RECODED_60,4,1,1,1,4,1,3,1,17,3,2,1,1,1,1, , , , , , , , , ,240.8689587,2017
11,1,5,111,PSU_RECODED_60,8,1,1,1,1,1,1,2,49,8,69,1,1,1,4,9,8,1,1,7531,14105,5, , ,240.8689587,1949
11,1,5,111,PSU_RECODED_14,4,1,1,1,1,1,1,1,55,3,64,1,1,1,2,9,7,99,2, , , , , ,288.0889688,1955
11,1,5,111,PSU_RECODED_14,4,1,1,1,2,1,2,2,59,5,60,1,1,1,2,9,6,7,2, , , , , ,288.0889688,1959
11,1,5,111,PSU_RECODED_14,9,1,1,1,1,1,1,2,67,10,51,1,1,1,4,9,10,1,1,9112,86209,3, , ,288.0889688,1967
11,1,5,111,PSU_RECODED_14,9,1,1,1,2,1,3,1,90,12,28,1,1,1,2,9,10,1,1,8332,14101,3, , ,288.0889688,1990
11,1,5,111,PSU_RECODED_14,9,1,1,1,3,1,5,2,88,9,30,1,1,1,2,9,13,7,2, , , , , ,288.0889688,1988
11,1,5,111,PSU_RECODED_14,9,1,1,1,4,1,5,1,18,7,0,1,1,1,1, , , , , , , , , ,288.0889688,2018
11,1,5,111,PSU_RECODED_14,9,1,1,1,5,1,3,2,95,1,24,1,1,1,1,9,11,7,2, , , , , ,288.0889688,1995
11,1,5,111,PSU_RECODED_14,9,1,1,1,6,1,3,2,1,3,18,1,1,1,1,9,10,7,2, , , , , ,288.0889688,2001
11,1,5,111,PSU_RECODED_14,9,1,1,1,7,1,3,1,3,8,15,1,1,1,1,2,10,8,2, , , , , ,288.0889688,2003
11,1,1,111,PSU_RECODED_9,4,1,1,1,1,1,1,1,64,5,54,1,1,1,1,9,5,9,2, , , , , ,296.258656,1964
11,1,1,111,PSU_RECODED_9,4,1,1,1,2,1,5,1,58,1,61,1,1,1,1,9,4,9,2, , , , , ,296.258656,1958
11,1,1,111,PSU_RECODED_9,4,1,1,1,3,1,5,1,67,2,51,1,1,1,1,9,5,1,1,5249,46492,3, , ,296.258656,1967
11,1,1,111,PSU_RECODED_9,9,1,1,1,1,1,1,1,73,6,45,1,1,1,2,9,11,1,1,1420,55101,5, , ,296.258656,1973
11,1,1,111,PSU_RECODED_9,9,1,1,1,2,1,2,2,82,10,36,1,1,1,2,9,11,7,2, , , , , ,296.258656,1982
11,1,1,111,PSU_RECODED_9,9,1,1,1,3,1,3,2,7,10,11,1,1,1,1,2,7, , , , , , , ,296.258656,2007
11,1,1,111,PSU_RECODED_9,9,1,1,1,4,1,3,1,10,10,8,1,1,1,1,2,4, , , , , , , ,296.258656,2010
11,1,5,111,PSU_RECODED_90,4,1,1,1,1,1,1,1,56,5,63,1,1,1,2,9,11,1,1,8322,97002,3, , ,344.2131356,1956
11,1,5,111,PSU_RECODED_90,4,1,1,1,2,1,2,2,59,11,59,1,1,1,2,9,13,1,1,2221,86103,3, , ,344.2131356,1959
11,1,5,111,PSU_RECODED_90,4,1,1,1,3,1,3,1,2,11,16,1,1,1,1,4,11,8,2, , , , , ,344.2131356,2002
11,1,5,111,PSU_RECODED_90,4,1,1,1,4,1,4,2,28,5,91,1,1,1,4,9,5,4,2, , , , , ,344.2131356,1928
11,1,5,111,PSU_RECODED_90,8,1,1,1,1,1,1,1,45,3,74,1,1,1,2,9,15,1,1,1321,71203,3, , ,344.2131356,1945
11,1,5,111,PSU_RECODED_90,8,1,1,1,2,1,2,2,47,2,72,1,1,1,2,9,15,4,2, , , , , ,344.2131356,1947
11,1,5,111,PSU_RECODED_90,8,1,1,1,3,1,5,1,80,10,38,1,1,1,2,9,15,1,1,1321,20235,4, , ,344.2131356,1980
11,1,5,111,PSU_RECODED_90,8,1,1,1,4,1,3,2,81,8,37,1,1,1,2,9,15,1,1,2512,62020,3, , ,344.2131356,1981
11,1,5,111,PSU_RECODED_90,8,1,1,1,5,1,5,1,11,8,7,1,1,1,1,2,2, , , , , , , ,344.2131356,2011
11,1,5,111,PSU_RECODED_90,8,1,1,1,6,1,5,2,16,7,2,1,1,1,1, , , , , , , , , ,344.2131356,2016
11,1,5,111,PSU_RECODED_53,4,1,1,1,1,1,1,1,64,7,54,1,4,3,2,9,10,1,1,1221,52292,3, , ,454.395504,1964
11,1,5,111,PSU_RECODED_53,4,1,1,1,2,1,2,2,75,12,43,1,4,3,2,9,10,7,2, , , , , ,454.395504,1975
11,1,5,111,PSU_RECODED_53,4,1,1,1,3,1,3,1,99,5,20,1,4,3,1,5,10,8,2, , , , , ,454.395504,1999
11,1,5,111,PSU_RECODED_53,4,1,1,1,4,1,3,1,8,9,10,1,4,3,1,2,5, , , , , , , ,454.395504,2008
11,1,5,111,PSU_RECODED_53,4,1,1,1,5,1,5,2,36,4,83,1,4,3,3,9,9,9,2, , , , , ,454.395504,1936
11,1,5,111,PSU_RECODED_53,9,1,1,1,1,1,1,2,37,9,81,1,4,3,4,9,5,9,2, , , , , ,454.395504,1937
11,1,2,111,PSU_RECODED_130,4,1,1,1,1,1,1,2,55,5,63,1,1,1,4,9,12,1,1,7531,14105,5, , ,251.5403683,1955
11,1,2,111,PSU_RECODED_130,4,1,1,1,2,1,3,1,89,3,29,1,1,1,1,4,15,1,1,3312,64191,2, , ,251.5403683,1989
11,1,2,111,PSU_RECODED_130,4,1,1,1,3,1,3,2,91,1,28,1,1,1,2,4,13,1,1,3341,82200,3, , ,251.5403683,1991
11,1,2,111,PSU_RECODED_130,4,1,1,1,4,1,5,1,90,12,28,1,1,1,2,9,15,1,1,2511,62020,3, , ,251.5403683,1990
11,1,2,111,PSU_RECODED_130,4,1,1,1,5,1,5,2,92,9,26,1,1,1,1,9,15,7,2, , , , , ,251.5403683,1992
11,1,2,111,PSU_RECODED_130,9,1,1,1,1,1,1,1,79,11,39,1,2,2,2,9,10,1,1,8322,49221,3, , ,251.5403683,1979
11,1,2,111,PSU_RECODED_130,9,1,1,1,2,1,2,2,80,6,38,1,2,2,2,9,13,1,1,5221,47113,5, , ,251.5403683,1980
11,1,6,111,PSU_RECODED_84,4,1,1,1,1,1,1,1,82,7,36,1,2,2,2,9,11,1,1,8322,49212,5, , ,428.3936805,1982
11,1,6,111,PSU_RECODED_84,4,1,1,1,2,1,2,2,86,3,33,1,2,2,2,9,10,7,2, , , , , ,428.3936805,1986
11,1,6,111,PSU_RECODED_84,4,1,1,1,3,1,3,1,10,9,8,1,2,2,1,2,3, , , , , , , ,428.3936805,2010
11,1,6,111,PSU_RECODED_84,4,1,1,1,4,1,3,2,14,12,4,1,2,2,1,1, , , , , , , , ,428.3936805,2014
11,1,6,111,PSU_RECODED_84,10,1,1,1,1,1,1,2,83,1,36,1,2,2,2,9,10,1,1,2656,60100,1, , ,428.3936805,1983
11,1,6,111,PSU_RECODED_84,10,1,1,1,2,2,2,1,83,3,36,1,2,2,2,9,12, , , , , ,2,1,428.3936805,1983
11,1,6,111,PSU_RECODED_84,10,1,1,1,3,1,3,2,14,3,5,1,2,2,1,2,0, , , , , , , ,428.3936805,2014
11,1,5,111,PSU_RECODED_OTHER,4,1,1,1,1,1,1,1,61,6,57,1,1,1,2,9,13,9,2, , , , , ,355.9210653,1961
11,1,5,111,PSU_RECODED_OTHER,4,1,1,1,2,1,2,2,71,7,47,1,1,1,2,9,13,7,2, , , , , ,355.9210653,1971
11,1,5,111,PSU_RECODED_OTHER,4,1,1,1,3,1,3,1,94,12,24,1,1,1,1,9,13,1,1,4132,64191,1, , ,355.9210653,1994
11,1,2,111,PSU_RECODED_111,1,1,1,1,1,1,1,1,71,5,47,1,1,1,2,9,13,1,1,1439,49212,4, , ,254.4943202,1971
11,1,2,111,PSU_RECODED_111,1,1,1,1,2,1,2,2,84,2,35,1,1,1,2,9,13,7,2, , , , , ,254.4943202,1984
11,1,2,111,PSU_RECODED_111,1,1,1,1,3,1,3,2,8,7,10,1,1,1,1,2,5, , , , , , , ,254.4943202,2008
11,1,2,111,PSU_RECODED_111,1,1,1,1,4,1,3,1,12,9,6,1,1,1,1,2,1, , , , , , , ,254.4943202,2012
11,1,2,111,PSU_RECODED_111,5,1,1,1,1,1,1,1,64,8,54,1,1,1,2,9,10,1,1,1321,20134,4, , ,254.4943202,1964
11,1,2,111,PSU_RECODED_111,5,1,1,1,2,1,2,2,67,4,51,1,1,1,2,9,10,7,2, , , , , ,254.4943202,1967
11,1,2,111,PSU_RECODED_111,5,1,1,1,3,1,3,2,96,8,22,1,1,1,1,4,13,1,1,3313,64191,3, , ,254.4943202,1996
11,1,2,111,PSU_RECODED_111,5,1,1,1,4,1,3,2,98,5,20,1,1,1,1,4,13,3,2, , , , , ,254.4943202,1998
11,1,2,111,PSU_RECODED_111,10,1,1,1,1,1,1,1,78,10,40,1,1,1,2,9,12,1,1,2166,17096,3, , ,254.4943202,1978
11,1,2,111,PSU_RECODED_111,10,1,1,1,2,1,2,2,80,8,38,1,1,1,2,9,12,7,2, , , , , ,254.4943202,1980
11,1,2,111,PSU_RECODED_111,10,1,1,1,3,1,3,2,8,9,10,1,1,1,1,2,5, , , , , , , ,254.4943202,2008
11,1,2,111,PSU_RECODED_111,10,1,1,1,4,1,3,1,13,11,5,1,1,1,1,2,0, , , , , , , ,254.4943202,2013
11,1,6,111,PSU_RECODED_188,5,1,1,1,1,1,1,1,61,5,58,1,1,1,2,9,11,5,2, , , , , ,216.1383905,1961
11,1,6,111,PSU_RECODED_188,5,1,1,1,2,2,2,2,66,10,52,1,1,1,2,9,16, , , , , ,1,1,216.1383905,1966
11,1,6,111,PSU_RECODED_188,5,1,1,1,3,1,3,2,93,5,26,1,1,1,1,9,13,1,1,3122,78300,3, , ,216.1383905,1993
11,1,6,111,PSU_RECODED_199,1,1,1,1,1,1,1,1,81,4,38,1,2,2,2,9,13,1,1,1324,10795,3, , ,317.3555901,1981
11,1,6,111,PSU_RECODED_199,1,1,1,1,2,1,2,2,82,4,37,1,2,2,2,9,15,1,1,2330,85211,1, , ,317.3555901,1982
11,1,6,111,PSU_RECODED_199,1,1,1,1,3,1,3,2,12,3,7,1,2,2,1,2,1, , , , , , , ,317.3555901,2012
11,1,6,111,PSU_RECODED_199,1,1,1,1,4,1,5,1,47,11,71,1,2,2,2,9,11,5,2, , , , , ,317.3555901,1947
11,1,6,111,PSU_RECODED_199,1,1,1,1,5,1,5,2,46,2,73,1,2,2,2,9,11,7,2, , , , , ,317.3555901,1946
11,1,6,111,PSU_RECODED_199,5,1,1,1,1,1,1,2,38,9,80,1,2,2,4,9,9,9,2, , , , , ,317.3555901,1938
11,1,6,111,PSU_RECODED_199,5,1,1,1,2,1,3,1,65,12,53,1,2,2,2,9,13,1,1,2411,46412,3, , ,317.3555901,1965
11,1,6,111,PSU_RECODED_199,5,1,1,1,3,1,5,2,71,4,48,1,2,2,2,9,13,1,1,3321,66220,3, , ,317.3555901,1971
11,1,6,111,PSU_RECODED_199,5,1,1,1,4,1,5,2,99,5,20,1,2,2,1,4,13,8,2, , , , , ,317.3555901,1999
11,1,6,111,PSU_RECODED_199,5,1,1,1,5,1,5,1,4,10,14,1,2,2,1,2,9, , , , , , , ,317.3555901,2004
11,1,2,111,PSU_RECODED_172,1,1,1,1,1,1,1,1,77,12,41,1,2,1,2,9,6,1,1,5211,47711,3, , ,394.3563283,1977
11,1,2,111,PSU_RECODED_172,1,1,1,1,2,1,2,2,81,6,37,1,1,1,2,9,12,7,2, , , , , ,394.3563283,1981
11,1,2,111,PSU_RECODED_172,1,1,1,1,3,1,3,1,3,4,15,1,2,1,1,2,10,8,2, , , , , ,394.3563283,2003
11,1,2,111,PSU_RECODED_172,1,1,1,1,4,1,3,2,10,10,8,1,2,1,1,2,3, , , , , , , ,394.3563283,2010
11,1,2,111,PSU_RECODED_172,1,1,1,1,5,2,4,2,42,11,76,1,2,2,4,9,5, , , , , ,1,3,394.3563283,1942
11,1,2,111,PSU_RECODED_172,5,1,1,1,1,1,1,1,60,6,58,1,2,4,2,9,3,1,1,9998,99998,3, , ,394.3563283,1960
11,1,2,111,PSU_RECODED_172,5,1,1,1,2,1,2,2,60,8,58,1,2,4,2,9,6,7,2, , , , , ,394.3563283,1960
11,1,2,111,PSU_RECODED_172,5,1,1,1,3,1,3,1,83,7,35,1,2,4,2,9,12,1,1,3341,84301,3, , ,394.3563283,1983
11,1,2,111,PSU_RECODED_172,5,1,1,1,4,1,3,1,85,11,33,1,2,4,2,9,8,1,1,9112,14101,3, , ,394.3563283,1985
11,1,2,111,PSU_RECODED_172,5,1,1,1,5,1,5,2,87,11,31,1,2,4,2,9,11,7,2, , , , , ,394.3563283,1987
11,1,2,111,PSU_RECODED_172,5,1,1,1,6,1,5,2,86,8,32,1,2,4,2,9,9,1,1,9322,14101,3, , ,394.3563283,1986
11,1,2,111,PSU_RECODED_172,5,1,1,1,7,1,5,1,12,8,6,1,2,4,1,2,1, , , , , , , ,394.3563283,2012
11,1,2,111,PSU_RECODED_172,5,1,1,1,8,1,5,2,18,2,1,1,2,4,1, , , , , , , , , ,394.3563283,2018
11,1,2,111,PSU_RECODED_172,5,1,1,1,9,1,5,1,15,3,3,1,2,4,1,9, , , , , , , , ,394.3563283,2015
11,2,6,112,PSU_RECODED_8,5,1,1,1,1,1,1,1,58,9,60,1,1,1,2,9,13,4,2, , , , , ,317.3111127,1958
11,2,6,112,PSU_RECODED_8,5,1,1,1,2,1,2,2,54,10,64,1,1,1,2,9,11,4,2, , , , , ,317.3111127,1954
11,2,6,112,PSU_RECODED_8,5,1,1,1,3,1,3,2,83,9,35,1,1,1,2,9,13,7,2, , , , , ,317.3111127,1983
11,2,6,112,PSU_RECODED_8,5,1,1,1,4,1,5,1,80,7,38,1,1,1,2,9,15,1,1,2211,86903,1, , ,317.3111127,1980
11,2,6,112,PSU_RECODED_8,5,1,1,1,5,1,5,2,9,7,9,1,1,1,1,2,4, , , , , , , ,317.3111127,2009
11,2,6,112,PSU_RECODED_8,5,1,1,1,6,1,5,1,13,7,5,1,1,1,1,2,0, , , , , , , ,317.3111127,2013
11,2,6,112,PSU_RECODED_8,10,1,1,1,1,1,1,1,56,10,62,1,1,1,2,9,8,1,1,9998,10401,3, , ,317.3111127,1956
11,2,6,112,PSU_RECODED_8,10,1,1,1,2,1,2,2,57,6,62,1,1,1,2,9,8,7,2, , , , , ,317.3111127,1957
11,2,6,112,PSU_RECODED_8,10,1,1,1,3,1,3,1,91,9,27,1,1,1,1,9,12,1,1,5249,47111,2, , ,317.3111127,1991
11,1,6,111,PSU_RECODED_175,2,1,1,1,1,1,1,1,63,1,56,1,4,3,2,9,10,1,1,3324,77302,5, , ,317.8092144,1963
11,1,6,111,PSU_RECODED_175,2,1,1,1,2,1,2,2,65,1,54,1,4,3,2,9,8,7,2, , , , , ,317.8092144,1965
11,1,6,111,PSU_RECODED_175,2,1,1,1,3,1,3,1,97,12,21,1,4,3,1,9,10,1,1,5249,46305,3, , ,317.8092144,1997
11,1,6,111,PSU_RECODED_175,2,1,1,1,4,1,3,1,5,3,14,1,4,3,1,2,4, , , , , , , ,317.8092144,2005
11,1,6,111,PSU_RECODED_175,2,1,1,1,5,1,3,2,92,8,26,1,4,3,2,9,8,7,2, , , , , ,317.8092144,1992
11,1,6,111,PSU_RECODED_175,2,1,1,1,6,1,5,1,85,12,33,1,4,3,2,9,13,1,1,2411,46511,3, , ,317.8092144,1985
11,1,6,111,PSU_RECODED_175,2,1,1,1,7,1,5,1,12,12,6,1,4,2,1,2,1, , , , , , , ,317.8092144,2012
11,1,6,111,PSU_RECODED_175,7,1,1,1,1,1,1,1,60,4,59,1,1,4,2,9,6,1,1,7116,41001,3, , ,317.8092144,1960
11,1,6,111,PSU_RECODED_175,7,1,1,1,2,1,2,2,55,5,64,1,1,4,2,9,10,9,2, , , , , ,317.8092144,1955
11,1,6,111,PSU_RECODED_175,7,1,1,1,3,1,3,1,97,8,21,1,1,4,1,9,11,1,1,7412,43211,3, , ,317.8092144,1997
11,1,6,111,PSU_RECODED_175,7,1,1,1,4,1,3,2,88,11,30,1,1,4,2,9,10,7,2, , , , , ,317.8092144,1988
11,1,6,111,PSU_RECODED_175,7,1,1,1,5,1,5,1,92,4,27,1,1,4,2,9,11,1,1,3123,42902,3, , ,317.8092144,1992
11,1,6,111,PSU_RECODED_175,7,1,1,1,6,1,5,1,16,5,3,1,1,4,1,9, , , , , , , , ,317.8092144,2016
11,1,2,111,PSU_RECODED_35,2,1,1,1,1,1,1,1,77,4,41,1,1,1,2,9,8,1,1,9112,84130,1, , ,300.6919345,1977
11,1,2,111,PSU_RECODED_35,2,1,1,1,2,1,2,2,83,7,35,1,1,1,2,9,10,7,2, , , , , ,300.6919345,1983
11,1,2,111,PSU_RECODED_35,2,1,1,1,3,1,3,1,99,1,20,1,1,1,1,4,12,8,2, , , , , ,300.6919345,1999
11,1,2,111,PSU_RECODED_35,2,1,1,1,4,1,3,1,5,8,13,1,1,1,1,2,8, , , , , , , ,300.6919345,2005
11,1,2,111,PSU_RECODED_35,2,1,1,1,5,1,3,2,8,11,10,1,1,1,1,2,5, , , , , , , ,300.6919345,2008
11,1,2,111,PSU_RECODED_35,2,1,1,1,6,1,4,2,52,4,66,1,1,1,4,9,5,9,2, , , , , ,300.6919345,1952
11,1,2,111,PSU_RECODED_35,2,1,1,1,7,1,5,2,65,11,53,1,1,1,4,9,5,7,2, , , , , ,300.6919345,1965
11,1,2,111,PSU_RECODED_35,6,1,1,1,1,1,1,1,51,2,68,1,1,1,2,9,9,99,2, , , , , ,300.6919345,1951
11,1,2,111,PSU_RECODED_35,6,1,1,1,2,1,2,2,57,2,62,1,1,1,2,9,8,7,2, , , , , ,300.6919345,1957
11,1,6,111,PSU_RECODED_81,1,1,1,1,1,1,1,1,63,10,55,1,1,1,2,9,11,1,1,5414,78300,3, , ,275.2147559,1963
11,1,6,111,PSU_RECODED_81,1,1,1,1,2,1,2,2,65,9,53,1,1,1,2,9,13,7,2, , , , , ,275.2147559,1965
11,1,6,111,PSU_RECODED_81,1,1,1,1,3,1,3,1,95,4,24,1,1,1,1,5,13,8,2, , , , , ,275.2147559,1995
11,1,6,111,PSU_RECODED_81,1,1,1,1,4,1,3,2,93,6,26,1,1,1,2,9,15,7,2, , , , , ,275.2147559,1993
11,1,6,111,PSU_RECODED_81,1,1,1,1,5,1,5,1,19,3,0,1,1,1,1, , , , , , , , , ,275.2147559,2019
11,1,6,111,PSU_RECODED_81,5,1,1,1,1,1,1,2,54,3,65,1,1,1,4,9,8,7,2, , , , , ,275.2147559,1954
11,1,6,111,PSU_RECODED_81,5,1,1,1,2,1,3,1,87,4,32,1,1,1,1,9,12,1,1,5221,47813,5, , ,275.2147559,1987
11,1,6,111,PSU_RECODED_81,5,1,1,1,3,1,3,1,89,1,30,1,1,1,1,9,12,3,2, , , , , ,275.2147559,1989
11,2,6,112,PSU_RECODED_OTHER,5,1,1,1,1,1,1,1,58,3,61,1,1,1,2,9,13,1,1,3313,46307,3, , ,267.026838,1958
11,2,6,112,PSU_RECODED_OTHER,5,1,1,1,2,1,2,2,63,3,56,1,1,1,2,9,16,7,2, , , , , ,267.026838,1963
11,2,6,112,PSU_RECODED_OTHER,5,1,1,1,3,1,3,2,88,6,31,1,1,1,1,9,15,1,1,4227,85301,2, , ,267.026838,1988
11,2,6,112,PSU_RECODED_OTHER,5,1,1,1,4,1,3,2,91,6,28,1,1,1,1,9,15,1,1,2310,85301,2, , ,267.026838,1991
11,1,2,111,PSU_RECODED_50,1,1,1,1,1,1,1,2,48,3,70,1,1,1,4,9,13,4,2, , , , , ,280.3235945,1948
11,1,2,111,PSU_RECODED_50,1,1,1,1,2,1,3,2,80,6,38,1,1,1,2,9,15,1,1,2330,85212,3, , ,280.3235945,1980
11,1,2,111,PSU_RECODED_50,1,1,1,1,3,1,5,2,12,5,6,1,1,1,1,2,1, , , , , , , ,280.3235945,2012
11,1,2,111,PSU_RECODED_50,1,1,1,1,4,2,5,1,77,7,41,1,1,1,2,9,13, , , , , ,2,1,280.3235945,1977
11,1,2,111,PSU_RECODED_50,7,1,1,1,1,1,1,1,77,7,41,1,1,1,2,9,12,7,2, , , , , ,280.3235945,1977
11,1,2,111,PSU_RECODED_50,7,1,1,1,2,1,2,2,85,5,33,1,1,1,2,9,12,1,1,4110,82113,2, , ,280.3235945,1985
11,1,2,111,PSU_RECODED_50,7,1,1,1,3,1,3,2,12,4,6,1,1,1,1,2,1, , , , , , , ,280.3235945,2012
11,1,2,111,PSU_RECODED_50,7,1,1,1,4,1,3,2,13,8,5,1,1,1,1,2,0, , , , , , , ,280.3235945,2013
11,1,6,111,PSU_RECODED_104,1,1,1,1,1,1,1,1,69,10,49,1,1,4,2,9,11,2,1,8323,49222,5, , ,370.810071,1969
11,1,6,111,PSU_RECODED_104,1,1,1,1,2,1,2,2,72,1,47,1,1,1,2,9,11,7,2, , , , , ,370.810071,1972
11,1,6,111,PSU_RECODED_104,1,1,1,1,3,1,3,2,97,11,21,1,1,4,1,9,13,1,1,3122,14101,3, , ,370.810071,1997
11,1,6,111,PSU_RECODED_104,1,1,1,1,4,1,3,2,2,1,17,1,1,4,1,2,11,8,2, , , , , ,370.810071,2002
11,1,6,111,PSU_RECODED_104,1,1,1,1,5,1,3,1,6,10,12,1,1,4,1,2,7, , , , , , , ,370.810071,2006
11,1,6,111,PSU_RECODED_104,1,1,1,1,6,1,5,2,98,6,21,1,1,1,1,9,13,7,2, , , , , ,370.810071,1998
11,1,6,111,PSU_RECODED_104,9,1,1,1,1,1,1,1,67,7,51,1,1,1,2,9,8,1,1,8332,49232,5, , ,370.810071,1967
11,1,6,111,PSU_RECODED_104,9,1,1,1,2,1,2,2,74,5,45,1,1,4,2,9,5,7,2, , , , , ,370.810071,1974
11,1,6,111,PSU_RECODED_104,9,1,1,1,3,1,3,2,94,9,24,1,1,4,1,9,13,1,1,3511,27331,3, , ,370.810071,1994
11,1,6,111,PSU_RECODED_132,4,1,1,1,1,1,1,1,55,1,64,1,1,1,2,9,15,4,2, , , , , ,237.8275975,1955
11,1,6,111,PSU_RECODED_132,4,1,1,1,2,1,2,2,63,10,55,1,1,1,2,9,13,7,2, , , , , ,237.8275975,1963
11,1,6,111,PSU_RECODED_132,8,1,1,1,1,1,1,1,67,1,52,1,1,1,2,9,7,1,1,9313,41003,3, , ,237.8275975,1967
11,1,6,111,PSU_RECODED_132,8,1,1,1,2,1,2,2,69,11,49,1,1,1,2,9,8,7,2, , , , , ,237.8275975,1969
11,1,6,111,PSU_RECODED_132,8,1,1,1,3,1,3,2,95,10,23,1,1,1,1,3,14,8,2, , , , , ,237.8275975,1995
11,1,6,111,PSU_RECODED_132,8,1,1,1,4,1,3,1,1,2,18,1,1,1,1,2,12,8,2, , , , , ,237.8275975,2001
11,1,6,111,PSU_RECODED_132,8,1,1,1,5,1,4,2,47,4,72,1,1,1,4,9,19,9,2, , , , , ,237.8275975,1947
11,1,2,111,PSU_RECODED_2,2,1,1,1,1,1,1,1,69,10,49,1,1,1,2,9,13,1,1,3115,99002,3, , ,352.5864991,1969
11,1,2,111,PSU_RECODED_2,2,1,1,1,2,1,2,2,73,11,45,1,1,1,2,9,13,1,1,1420,10507,5, , ,352.5864991,1973
11,1,2,111,PSU_RECODED_2,2,1,1,1,3,1,3,1,5,5,13,1,1,1,1,2,8, , , , , , , ,352.5864991,2005
11,1,2,111,PSU_RECODED_2,2,1,1,1,4,1,3,2,7,5,11,1,1,1,1,2,6, , , , , , , ,352.5864991,2007
11,1,2,111,PSU_RECODED_2,7,1,1,1,1,1,1,1,62,7,56,1,1,1,2,9,13,9,2, , , , , ,352.5864991,1962
11,1,2,111,PSU_RECODED_2,7,1,1,1,2,1,2,2,66,11,52,1,1,1,2,9,11,1,1,7531,14105,5, , ,352.5864991,1966
11,1,2,111,PSU_RECODED_2,7,1,1,1,3,1,4,2,37,1,82,1,1,1,4,9,6,9,2, , , , , ,352.5864991,1937
11,1,2,111,PSU_RECODED_2,7,1,1,1,4,1,3,2,2,1,17,1,1,1,1,2,11,8,2, , , , , ,352.5864991,2002
11,1,6,111,PSU_RECODED_134,2,1,1,1,1,1,1,1,51,5,68,1,1,1,2,9,13,4,2, , , , , ,246.6281321,1951
11,1,6,111,PSU_RECODED_134,2,1,1,1,2,1,2,2,58,12,60,1,1,1,2,9,13,4,2, , , , , ,246.6281321,1958
11,1,6,111,PSU_RECODED_134,2,1,1,1,3,1,3,2,92,5,27,1,1,1,1,9,15,3,2, , , , , ,246.6281321,1992
11,1,6,111,PSU_RECODED_134,2,1,1,1,4,2,3,2,95,4,24,1,1,1,1,3,14, , , , , ,1,2,246.6281321,1995
11,1,6,111,PSU_RECODED_134,6,1,1,1,1,1,1,2,47,4,72,1,5,5,4,9,15,1,1,2330,85213,3, , ,246.6281321,1947
11,1,6,111,PSU_RECODED_54,1,1,1,1,1,1,1,1,75,9,43,1,2,2,2,9,10,1,1,7422,33140,5, , ,393.800968,1975
11,1,6,111,PSU_RECODED_54,1,1,1,1,2,1,2,2,83,9,35,1,2,2,2,9,6,7,2, , , , , ,393.800968,1983
11,1,6,111,PSU_RECODED_54,1,1,1,1,3,1,3,1,2,11,16,1,2,2,1,2,11,8,2, , , , , ,393.800968,2002
11,1,6,111,PSU_RECODED_54,1,1,1,1,4,1,3,2,8,6,11,1,2,2,1,2,5, , , , , , , ,393.800968,2008
11,1,6,111,PSU_RECODED_54,6,1,1,1,1,1,1,1,76,3,43,1,1,1,2,9,12,1,1,1212,66122,3, , ,393.800968,1976
11,1,6,111,PSU_RECODED_54,6,1,1,1,2,1,2,2,79,10,39,1,1,1,2,9,10,1,1,7512,47814,5, , ,393.800968,1979
11,1,6,111,PSU_RECODED_54,6,1,1,1,3,1,3,1,1,5,18,1,1,1,1,2,11,8,2, , , , , ,393.800968,2001
11,1,6,111,PSU_RECODED_54,6,1,1,1,4,1,3,2,1,5,18,1,1,1,1,2,11,8,2, , , , , ,393.800968,2001
11,1,6,111,PSU_RECODED_54,6,1,1,1,5,1,3,2,8,9,10,1,1,1,1,2,5, , , , , , , ,393.800968,2008
11,1,3,111,PSU_RECODED_106,2,1,1,1,1,1,1,1,62,5,56,1,1,1,2,9,11,2,1,6116,1261,5, , ,352.0677888,1962
11,1,3,111,PSU_RECODED_106,2,1,1,1,2,1,2,2,63,2,56,1,1,1,2,9,6,1,1,3422,96092,5, , ,352.0677888,1963
11,1,3,111,PSU_RECODED_106,2,1,1,1,3,1,3,1,98,5,20,1,1,1,1,9,10,3,2, , , , , ,352.0677888,1998
11,1,3,111,PSU_RECODED_106,7,1,1,1,1,1,1,1,59,8,59,1,1,4,2,9,9,1,1,8323,49222,5, , ,352.0677888,1959
11,1,3,111,PSU_RECODED_106,7,1,1,1,2,1,2,2,66,3,53,1,1,4,2,9,9,9,2, , , , , ,352.0677888,1966
11,1,3,111,PSU_RECODED_106,7,1,1,1,3,1,3,1,92,3,27,1,1,4,2,9,10,1,1,8332,49232,3, , ,352.0677888,1992
11,1,3,111,PSU_RECODED_106,7,1,1,1,4,1,5,2,93,11,25,1,1,4,2,9,13,7,2, , , , , ,352.0677888,1993
11,1,6,111,PSU_RECODED_4,2,1,1,1,1,1,1,1,33,4,86,1,1,1,2,9,8,4,2, , , , , ,265.0614244,1933
11,1,6,111,PSU_RECODED_4,2,1,1,1,2,1,2,2,40,9,78,1,1,1,2,9,7,7,2, , , , , ,265.0614244,1940
11,1,6,111,PSU_RECODED_4,2,1,1,1,3,1,3,2,68,6,51,1,1,1,4,9,7,7,2, , , , , ,265.0614244,1968
11,1,6,111,PSU_RECODED_4,2,1,1,1,4,1,5,1,89,7,29,1,1,1,1,9,10,1,1,8323,49222,5, , ,265.0614244,1989
11,1,6,111,PSU_RECODED_4,2,1,1,1,5,1,5,1,94,9,24,1,1,1,1,9,13,1,1,3111,86109,3, , ,265.0614244,1994
11,1,6,111,PSU_RECODED_4,2,1,1,1,6,1,5,2,3,10,15,1,1,1,1,2,10,8,2, , , , , ,265.0614244,2003
11,1,6,111,PSU_RECODED_4,8,1,1,1,1,1,1,1,54,5,65,1,1,1,2,9,13,1,1,3339,79904,3, , ,265.0614244,1954
11,1,6,111,PSU_RECODED_4,8,1,1,1,2,1,2,2,56,4,63,1,1,1,2,9,12,7,2, , , , , ,265.0614244,1956
11,1,6,111,PSU_RECODED_4,8,1,1,1,3,1,3,1,94,4,25,1,1,1,1,9,13,1,1,1349,94200,3, , ,265.0614244,1994
11,1,3,111,PSU_RECODED_54,3,1,1,1,1,1,1,1,70,12,48,1,1,1,2,9,11,1,1,1439,49212,4, , ,385.6952314,1970
11,1,3,111,PSU_RECODED_54,3,1,1,1,2,1,2,2,76,12,42,1,1,1,2,9,11,7,2, , , , , ,385.6952314,1976
11,1,3,111,PSU_RECODED_54,3,1,1,1,3,1,3,2,97,2,22,1,1,1,1,3,13,8,2, , , , , ,385.6952314,1997
11,1,3,111,PSU_RECODED_54,3,1,1,1,4,1,3,1,2,11,16,1,1,1,1,6,10,8,2, , , , , ,385.6952314,2002
11,1,3,111,PSU_RECODED_54,8,1,1,1,1,1,1,1,46,2,73,1,1,1,2,9,8,1,1,8323,49222,5, , ,385.6952314,1946
11,1,3,111,PSU_RECODED_54,8,1,1,1,2,1,2,2,46,10,72,1,1,1,2,9,6,7,2, , , , , ,385.6952314,1946
11,1,7,111,PSU_RECODED_191,2,1,1,1,1,1,1,2,62,9,56,1,1,1,2,9,11,7,2, , , , , ,286.6035711,1962
11,1,7,111,PSU_RECODED_191,2,1,1,1,2,2,2,1,56,11,62,1,1,1,2,9,11, , , , , ,2,3,286.6035711,1956
11,1,7,111,PSU_RECODED_191,6,1,1,1,1,1,1,1,76,10,42,1,1,1,2,9,10,1,1,1420,23959,5, , ,286.6035711,1976
11,1,7,111,PSU_RECODED_191,6,1,1,1,2,1,2,2,80,9,38,1,1,1,2,9,10,7,2, , , , , ,286.6035711,1980
11,1,7,111,PSU_RECODED_191,6,1,1,1,3,1,3,1,5,5,14,1,1,1,1,2,8, , , , , , , ,286.6035711,2005
11,1,7,111,PSU_RECODED_191,6,1,1,1,4,1,3,1,9,9,9,1,1,1,1,2,4, , , , , , , ,286.6035711,2009
11,1,7,111,PSU_RECODED_191,6,1,1,1,5,1,5,2,45,2,74,1,1,1,4,9,3,9,2, , , , , ,286.6035711,1945
11,1,7,111,PSU_RECODED_191,10,1,1,1,1,1,1,2,83,1,36,1,1,1,2,9,10,1,1,7512,47814,5, , ,286.6035711,1983
11,1,7,111,PSU_RECODED_191,10,1,1,1,2,2,2,1,81,6,38,1,1,1,2,9,10, , , , , ,2,1,286.6035711,1981
11,1,7,111,PSU_RECODED_191,10,1,1,1,3,1,3,2,1,5,18,1,1,1,1,4,10,8,2, , , , , ,286.6035711,2001
11,1,7,111,PSU_RECODED_191,10,1,1,1,4,1,3,2,5,11,13,1,1,1,1,2,8, , , , , , , ,286.6035711,2005
11,1,7,111,PSU_RECODED_191,10,1,1,1,5,1,5,1,52,2,67,1,1,4,2,9,6,7,2, , , , , ,286.6035711,1952
11,1,6,111,PSU_RECODED_146,4,1,1,1,1,1,1,1,60,4,59,1,1,1,2,9,13,1,1,1420,47113,4, , ,349.7608931,1960
11,1,6,111,PSU_RECODED_146,4,1,1,1,2,1,2,2,60,4,59,1,1,1,2,9,13,7,2, , , , , ,349.7608931,1960
11,1,6,111,PSU_RECODED_146,4,1,1,1,3,1,5,2,65,7,53,1,1,1,1,9,13,1,1,5211,47113,3, , ,349.7608931,1965
11,1,6,111,PSU_RECODED_146,10,1,1,1,1,1,1,1,51,11,67,1,1,1,2,9,13,4,2, , , , , ,349.7608931,1951
11,1,6,111,PSU_RECODED_146,10,1,1,1,2,1,2,2,56,12,62,1,1,1,2,9,15,4,2, , , , , ,349.7608931,1956
11,1,6,111,PSU_RECODED_146,10,1,1,1,3,1,3,2,91,11,27,1,1,1,1,9,15,1,1,2310,84120,2, , ,349.7608931,1991
11,2,3,112,PSU_RECODED_44,1,1,1,1,1,1,1,2,77,11,41,1,1,1,2,9,13,1,1,3360,84110,1, , ,280.0956118,1977
11,2,3,112,PSU_RECODED_44,1,1,1,1,2,1,3,1,6,4,12,1,1,1,1,2,7, , , , , , , ,280.0956118,2006
11,2,3,112,PSU_RECODED_44,1,1,1,1,3,1,3,2,10,5,8,1,1,1,1,2,3, , , , , , , ,280.0956118,2010
11,2,3,112,PSU_RECODED_44,1,1,1,1,4,1,3,2,15,4,3,1,1,1,1,1, , , , , , , , ,280.0956118,2015
11,2,3,112,PSU_RECODED_44,1,1,1,1,5,2,2,1,75,7,43,1,1,1,2,9,11, , , , , ,2,1,280.0956118,1975
11,2,3,112,PSU_RECODED_44,5,1,1,1,1,1,1,1,71,12,47,1,1,1,2,9,11,1,1,7131,31006,3, , ,280.0956118,1971
11,2,3,112,PSU_RECODED_44,5,1,1,1,2,1,2,2,71,11,47,1,1,1,2,9,13,1,1,1221,47711,3, , ,280.0956118,1971
11,2,3,112,PSU_RECODED_44,5,1,1,1,3,1,3,2,6,8,12,1,1,1,1,2,7, , , , , , , ,280.0956118,2006
11,2,3,112,PSU_RECODED_44,5,1,1,1,4,1,4,2,45,3,74,1,1,1,4,9,8,7,2, , , , , ,280.0956118,1945
11,2,3,112,PSU_RECODED_44,9,1,1,1,1,1,1,1,52,10,66,1,1,1,2,9,6,5,2, , , , , ,280.0956118,1952
11,2,3,112,PSU_RECODED_44,9,1,1,1,2,1,2,2,57,4,61,1,1,1,2,9,11,7,2, , , , , ,280.0956118,1957
11,2,3,112,PSU_RECODED_44,9,1,1,1,3,1,3,1,85,3,34,1,1,1,1,9,13,1,1,1439,49221,4, , ,280.0956118,1985
11,2,7,112,PSU_RECODED_162,4,1,1,1,1,1,1,1,60,5,59,1,1,1,2,9,6,9,2, , , , , ,262.5274847,1960
11,2,7,112,PSU_RECODED_162,4,1,1,1,2,1,2,2,60,12,58,1,1,1,2,9,6,1,1,5221,47113,5, , ,262.5274847,1960
11,2,7,112,PSU_RECODED_162,4,1,1,1,3,1,3,2,85,2,34,1,1,1,7,9,12,7,2, , , , , ,262.5274847,1985
11,2,7,112,PSU_RECODED_162,4,1,1,1,4,1,5,1,16,3,3,1,1,1,1,1, , , , , , , , ,262.5274847,2016
11,2,7,112,PSU_RECODED_162,8,1,1,1,1,1,1,1,56,3,63,1,1,1,2,9,9,1,1,8323,49222,5, , ,262.5274847,1956
11,2,7,112,PSU_RECODED_162,8,1,1,1,2,1,2,2,59,2,60,1,1,1,2,9,9,7,2, , , , , ,262.5274847,1959
11,1,7,111,PSU_RECODED_190,4,1,1,1,1,1,1,1,61,2,58,1,1,1,2,9,9,1,1,8332,49232,3, , ,178.8731508,1961
11,1,7,111,PSU_RECODED_190,4,1,1,1,2,1,2,2,64,5,55,1,1,1,2,9,10,1,1,7531,14109,5, , ,178.8731508,1964
11,1,7,111,PSU_RECODED_190,4,1,1,1,3,1,3,2,97,12,21,1,1,1,1,9,13,1,1,5249,47598,3, , ,178.8731508,1997
11,1,7,111,PSU_RECODED_190,8,1,1,1,1,1,1,2,85,4,34,1,4,3,4,9,10,1,1,7531,14105,5, , ,178.8731508,1985
11,1,7,111,PSU_RECODED_190,8,1,1,1,2,1,3,2,13,6,6,1,4,3,1,2,0, , , , , , , ,178.8731508,2013
11,1,7,111,PSU_RECODED_190,8,1,1,1,3,1,4,1,55,10,63,1,4,3,2,9,3,1,1,5223,10102,3, , ,178.8731508,1955
11,1,7,111,PSU_RECODED_190,8,1,1,1,4,1,4,2,63,4,56,1,4,3,2,9,5,7,2, , , , , ,178.8731508,1963
11,1,3,111,PSU_RECODED_14,4,1,1,1,1,1,1,1,44,10,74,1,1,1,2,9,8,1,1,9998,99998,3, , ,425.6318949,1944
11,1,3,111,PSU_RECODED_14,4,1,1,1,2,1,2,2,55,11,63,1,1,1,2,9,4,7,2, , , , , ,425.6318949,1955
11,1,3,111,PSU_RECODED_14,4,1,1,1,3,1,3,1,89,12,29,1,1,1,1,9,6,1,1,8332,23992,3, , ,425.6318949,1989
11,1,3,111,PSU_RECODED_14,4,1,1,1,4,1,3,2,83,6,35,1,1,1,2,9,8,7,2, , , , , ,425.6318949,1983
11,1,3,111,PSU_RECODED_14,4,1,1,1,5,1,5,1,81,8,37,1,1,1,2,9,10,1,1,7322,18115,3, , ,425.6318949,1981
11,1,3,111,PSU_RECODED_14,4,1,1,1,6,1,5,2,12,6,6,1,1,1,1,2,0, , , , , , , ,425.6318949,2012
11,1,7,111,PSU_RECODED_95,2,1,1,1,1,1,1,2,63,4,56,1,1,1,4,9,10,7,2, , , , , ,219.9260051,1963
11,1,7,111,PSU_RECODED_95,2,1,1,1,2,1,3,2,88,9,30,1,1,1,1,9,13,1,1,4311,78100,3, , ,219.9260051,1988
11,1,7,111,PSU_RECODED_95,8,1,1,1,1,1,1,2,41,11,77,1,1,1,4,9,10,9,2, , , , , ,219.9260051,1941
11,1,7,111,PSU_RECODED_95,8,1,1,1,2,1,3,2,71,9,47,1,1,1,1,9,10,1,1,7512,10629,5, , ,219.9260051,1971
11,1,7,111,PSU_RECODED_95,8,1,1,1,3,1,3,1,69,7,50,1,1,1,2,9,10,1,1,7126,43221,3, , ,219.9260051,1969
11,1,7,111,PSU_RECODED_95,8,1,1,1,4,2,3,2,67,11,51,1,1,1,2,9,10, , , , , ,2,1,219.9260051,1967
11,1,7,111,PSU_RECODED_95,8,1,1,1,5,1,5,1,98,10,20,1,1,1,1,4,13,8,2, , , , , ,219.9260051,1998
11,1,7,111,PSU_RECODED_95,8,1,1,1,6,1,5,1,5,12,13,1,1,1,1,2,8, , , , , , , ,219.9260051,2005
11,1,7,111,PSU_RECODED_48,3,1,1,1,1,1,1,1,70,6,49,1,1,1,2,9,13,1,1,2164,46307,3, , ,306.2230571,1970
11,1,7,111,PSU_RECODED_48,3,1,1,1,2,1,2,2,77,1,42,1,1,1,2,9,13,1,1,4120,45301,3, , ,306.2230571,1977
11,1,7,111,PSU_RECODED_48,3,1,1,1,3,1,3,1,3,9,15,1,1,1,1,2,10,8,2, , , , , ,306.2230571,2003
11,1,7,111,PSU_RECODED_48,3,1,1,1,4,1,3,1,10,3,9,1,1,1,1,2,3, , , , , , , ,306.2230571,2010
11,1,7,111,PSU_RECODED_48,8,1,1,1,1,1,1,1,72,9,46,1,6,4,2,9,13,1,1,7214,43302,3, , ,306.2230571,1972
11,1,7,111,PSU_RECODED_48,8,1,1,1,2,1,2,2,82,6,37,1,1,1,2,9,11,7,2, , , , , ,306.2230571,1982
11,1,7,111,PSU_RECODED_48,8,1,1,1,3,1,3,1,12,11,6,1,6,1,1,2,1, , , , , , , ,306.2230571,2012
11,1,1,111,PSU_RECODED_15,3,1,1,1,1,1,1,2,60,10,58,1,1,4,2,9,4,1,1,5211,47113,6, , ,392.4425353,1960
11,1,1,111,PSU_RECODED_15,3,1,1,1,2,1,3,2,91,4,27,1,1,4,2,9,13,1,1,2342,85101,3, , ,392.4425353,1991
11,1,1,111,PSU_RECODED_15,3,1,1,1,3,1,5,1,88,9,30,1,1,4,2,9,10,1,1,3113,55101,3, , ,392.4425353,1988
11,1,1,111,PSU_RECODED_15,3,1,1,1,4,1,5,2,15,3,3,1,1,4,1,1, , , , , , , , ,392.4425353,2015
11,1,1,111,PSU_RECODED_15,3,1,1,1,5,1,5,2,18,4,0,1,1,4,1, , , , , , , , , ,392.4425353,2018
11,1,1,111,PSU_RECODED_15,3,1,1,1,6,2,5,2,37,6,81,1,1,4,4,9,5, , , , , ,1,3,392.4425353,1937
11,1,1,111,PSU_RECODED_15,3,1,1,1,7,1,2,1,60,12,58,1,1,4,2,9,8,1,1,5221,47113,5, , ,392.4425353,1960
11,1,1,111,PSU_RECODED_15,8,1,1,1,1,1,1,1,75,11,43,1,2,2,2,9,9,1,1,7116,41003,3, , ,392.4425353,1975
11,1,1,111,PSU_RECODED_15,8,1,1,1,2,1,2,2,78,6,40,1,2,2,2,9,4,1,1,9111,97006,3, , ,392.4425353,1978
11,1,1,111,PSU_RECODED_15,8,1,1,1,3,1,3,1,2,2,16,1,2,2,1,2,10,8,2, , , , , ,392.4425353,2002
11,1,1,111,PSU_RECODED_15,8,1,1,1,4,1,3,1,6,4,12,1,2,2,1,2,7, , , , , , , ,392.4425353,2006
11,1,1,111,PSU_RECODED_15,8,1,1,1,5,1,3,2,9,8,9,1,2,2,1,2,4, , , , , , , ,392.4425353,2009
11,1,3,111,PSU_RECODED_200,3,1,1,1,1,1,1,1,53,6,65,1,1,1,2,9,13,1,1,5230,29301,3, , ,230.6962132,1953
11,1,3,111,PSU_RECODED_200,3,1,1,1,2,1,2,2,53,5,65,1,1,1,2,9,13,4,2, , , , , ,230.6962132,1953
11,1,3,111,PSU_RECODED_200,3,1,1,1,3,1,3,2,81,7,37,1,1,1,1,9,15,1,1,1223,20235,3, , ,230.6962132,1981
11,1,3,111,PSU_RECODED_200,7,1,1,1,1,1,1,1,99,10,19,1,2,2,2,9,11,1,1,3511,13994,3, , ,230.6962132,1999
11,1,3,111,PSU_RECODED_200,7,1,1,1,2,1,2,2,99,8,19,1,1,1,2,9,11,1,1,3122,13994,3, , ,230.6962132,1999
11,1,7,111,PSU_RECODED_190,3,1,1,1,1,1,1,1,50,12,68,1,1,1,2,9,15,4,2, , , , , ,476.2207261,1950
11,1,7,111,PSU_RECODED_190,3,1,1,1,2,1,2,2,58,6,61,1,1,1,2,9,13,7,2, , , , , ,476.2207261,1958
11,1,7,111,PSU_RECODED_190,3,1,1,1,3,1,3,2,92,6,27,1,1,1,1,9,15,1,1,2261,86102,1, , ,476.2207261,1992
11,1,7,111,PSU_RECODED_190,8,1,1,1,1,1,1,2,70,11,48,1,2,2,2,9,19,7,2, , , , , ,476.2207261,1970
11,1,7,111,PSU_RECODED_190,8,1,1,1,2,1,2,1,74,4,45,1,2,2,2,9,3,1,1,7132,31006,3, , ,476.2207261,1974
11,1,7,111,PSU_RECODED_190,8,1,1,1,3,1,3,1,99,3,20,1,2,2,1,9,10,3,2, , , , , ,476.2207261,1999
11,1,7,111,PSU_RECODED_40,5,1,1,1,1,1,1,1,59,7,60,1,1,1,2,9,13,5,2, , , , , ,293.8630334,1959
11,1,7,111,PSU_RECODED_40,5,1,1,1,2,1,2,2,64,9,54,1,1,1,2,9,12,4,2, , , , , ,293.8630334,1964
11,1,7,111,PSU_RECODED_40,5,1,1,1,3,1,3,2,93,5,26,1,1,1,1,5,11,8,2, , , , , ,293.8630334,1993
11,1,7,111,PSU_RECODED_40,5,1,1,1,4,1,4,2,30,7,89,1,1,1,4,9,11,9,2, , , , , ,293.8630334,1930
11,1,7,111,PSU_RECODED_40,10,1,1,1,1,1,1,2,69,11,49,1,1,1,1,9,15,1,1,1345,85211,1, , ,293.8630334,1969
11,1,7,111,PSU_RECODED_40,10,1,1,1,2,1,9,1,66,5,53,1,1,1,2,9,13,1,1,5414,64191,3, , ,293.8630334,1966
11,1,7,111,PSU_RECODED_40,10,1,1,1,3,1,9,2,70,6,49,1,1,1,2,9,12,7,2, , , , , ,293.8630334,1970
11,1,7,111,PSU_RECODED_40,10,1,1,1,4,1,9,1,98,6,21,1,1,1,1,4,13,8,2, , , , , ,293.8630334,1998
11,1,7,111,PSU_RECODED_40,10,1,1,1,5,1,9,1,1,10,17,1,1,1,1,2,11,8,2, , , , , ,293.8630334,2001
11,1,7,111,PSU_RECODED_40,10,1,1,1,6,1,9,2,8,3,11,1,1,1,1,2,5, , , , , , , ,293.8630334,2008
11,1,8,111,PSU_RECODED_82,6,1,1,1,1,1,1,1,72,11,46,1,2,2,2,9,10,1,1,9111,96010,3, , ,482.9575071,1972
11,1,8,111,PSU_RECODED_82,6,1,1,1,2,1,2,2,75,7,44,1,2,2,2,9,10,7,2, , , , , ,482.9575071,1975
11,1,8,111,PSU_RECODED_82,6,1,1,1,3,1,3,2,99,3,20,1,2,2,1,9,13,1,1,4110,47529,3, , ,482.9575071,1999
11,1,8,111,PSU_RECODED_82,6,1,1,1,4,1,3,2,1,12,17,1,2,2,1,2,11,8,2, , , , , ,482.9575071,2001
11,1,8,111,PSU_RECODED_82,6,1,1,1,5,1,3,1,6,8,13,1,2,2,1,2,7, , , , , , , ,482.9575071,2006
11,2,1,112,PSU_RECODED_111,3,1,1,1,1,1,1,1,73,5,45,1,1,1,2,9,10,1,1,5243,47598,3, , ,223.5695291,1973
11,2,1,112,PSU_RECODED_111,3,1,1,1,2,1,3,1,95,7,23,1,1,1,1,4,13,8,2, , , , , ,223.5695291,1995
11,2,1,112,PSU_RECODED_111,3,1,1,1,3,1,3,2,95,7,23,1,1,1,1,9,11,9,2, , , , , ,223.5695291,1995
11,2,1,112,PSU_RECODED_111,3,1,1,1,4,2,2,2,72,9,46,1,1,1,2,9,12, , , , , ,2,1,223.5695291,1972
11,2,1,112,PSU_RECODED_111,7,1,1,1,1,1,1,1,85,6,33,1,2,2,2,9,6,1,1,9621,43301,3, , ,223.5695291,1985
11,2,1,112,PSU_RECODED_111,7,1,1,1,2,1,2,2,89,4,29,1,2,2,2,9,3,7,2, , , , , ,223.5695291,1989
11,2,1,112,PSU_RECODED_111,7,1,1,1,3,1,3,2,18,11,0,1,2,2,1, , , , , , , , , ,223.5695291,2018
11,1,7,111,PSU_RECODED_53,5,1,1,1,1,1,1,1,43,9,75,1,1,1,2,9,13,4,2, , , , , ,495.0953281,1943
11,1,7,111,PSU_RECODED_53,5,1,1,1,2,1,2,2,42,10,76,1,1,1,2,9,11,4,2, , , , , ,495.0953281,1942
11,1,7,111,PSU_RECODED_53,10,1,1,1,1,1,1,1,75,9,43,1,1,1,2,9,15,1,1,1211,64191,3, , ,495.0953281,1975
11,1,7,111,PSU_RECODED_53,10,1,1,1,2,1,2,2,75,12,43,1,1,1,2,9,16,1,1,3313,23932,3, , ,495.0953281,1975
11,1,7,111,PSU_RECODED_53,10,1,1,1,3,1,3,2,6,2,13,1,1,1,1,2,7, , , , , , , ,495.0953281,2006
11,1,7,111,PSU_RECODED_53,10,1,1,1,4,1,3,2,9,12,9,1,1,1,1,2,4, , , , , , , ,495.0953281,2009
11,1,4,111,PSU_RECODED_24,7,1,1,1,1,1,1,1,77,4,42,1,1,1,2,9,9,1,1,8323,49222,5, , ,314.4254604,1977
11,1,4,111,PSU_RECODED_24,7,1,1,1,2,1,2,2,77,4,42,1,1,1,2,9,10,1,1,7531,14101,3, , ,314.4254604,1977
11,1,4,111,PSU_RECODED_24,7,1,1,1,3,1,3,1,7,7,11,1,1,1,1,2,6, , , , , , , ,314.4254604,2007
11,1,4,111,PSU_RECODED_24,7,1,1,1,4,1,3,1,12,2,7,1,1,1,1,2,1, , , , , , , ,314.4254604,2012
11,1,4,111,PSU_RECODED_24,7,1,1,1,5,1,4,2,51,10,67,1,1,1,2,9,19,9,2, , , , , ,314.4254604,1951
11,1,4,111,PSU_RECODED_24,7,1,1,1,6,1,5,2,78,11,40,1,1,1,1,9,6,1,1,7531,14101,3, , ,314.4254604,1978
11,1,8,111,PSU_RECODED_154,2,1,1,1,1,1,1,1,60,3,59,1,1,1,2,9,10,1,1,8322,45301,3, , ,346.7948842,1960
11,1,8,111,PSU_RECODED_154,2,1,1,1,2,1,2,2,60,4,59,1,1,1,2,9,12,7,2, , , , , ,346.7948842,1960
11,1,8,111,PSU_RECODED_154,2,1,1,1,3,1,3,2,91,11,27,1,1,1,1,9,13,1,1,4110,46521,3, , ,346.7948842,1991
11,1,8,111,PSU_RECODED_154,2,1,1,1,4,1,3,1,95,10,23,1,1,1,1,9,11,1,1,9112,55101,3, , ,346.7948842,1995
11,1,8,111,PSU_RECODED_154,7,1,1,1,1,1,1,2,56,7,63,1,4,1,4,9,7,7,1,6116,1261,5, , ,346.7948842,1956
11,1,8,111,PSU_RECODED_154,7,1,1,1,2,1,5,1,75,11,43,1,1,1,1,9,12,1,1,1213,47111,2, , ,346.7948842,1975
11,1,8,111,PSU_RECODED_154,7,1,1,1,3,1,5,1,96,8,23,1,1,1,1,4,12,8,2, , , , , ,346.7948842,1996
11,1,8,111,PSU_RECODED_154,7,1,1,1,4,1,5,1,6,12,12,1,1,1,1,2,7, , , , , , , ,346.7948842,2006
11,2,1,112,PSU_RECODED_188,2,1,1,1,1,1,1,1,47,12,71,1,1,1,2,9,7,9,2, , , , , ,281.9643816,1947
11,2,1,112,PSU_RECODED_188,2,1,1,1,2,1,2,2,55,10,63,1,1,1,2,9,10,7,2, , , , , ,281.9643816,1955
11,2,1,112,PSU_RECODED_188,2,1,1,1,3,1,3,1,79,10,39,1,1,1,1,9,4,1,1,9313,41002,3, , ,281.9643816,1979
11,2,1,112,PSU_RECODED_188,7,1,1,1,1,1,1,1,61,12,57,1,1,1,2,9,3,1,1,9998,99998,3, , ,281.9643816,1961
11,2,1,112,PSU_RECODED_188,7,1,1,1,2,1,2,2,70,9,48,1,1,1,2,9,1,1,1,1420,56307,5, , ,281.9643816,1970
11,2,1,112,PSU_RECODED_188,7,1,1,1,3,1,3,1,91,8,27,1,1,1,1,9,13,1,1,8121,10713,3, , ,281.9643816,1991
11,2,1,112,PSU_RECODED_188,7,1,1,1,4,1,3,2,4,8,14,1,1,1,1,2,9, , , , , , , ,281.9643816,2004
11,1,7,111,PSU_RECODED_124,4,1,1,1,1,1,1,1,59,6,60,1,1,1,2,9,13,2,1,1212,86101,3, , ,295.0164813,1959
11,1,7,111,PSU_RECODED_124,4,1,1,1,2,1,2,2,56,10,62,1,1,1,2,9,13,4,2, , , , , ,295.0164813,1956
11,1,7,111,PSU_RECODED_124,4,1,1,1,3,1,5,1,95,3,24,1,1,1,1,4,13,1,1,9112,84120,1, , ,295.0164813,1995
11,1,7,111,PSU_RECODED_124,4,1,1,1,4,1,5,1,69,7,50,1,1,1,2,9,11,1,1,2221,84120,1, , ,295.0164813,1969
11,1,7,111,PSU_RECODED_124,4,1,1,1,5,2,5,2,74,12,44,1,1,1,2,9,11, , , , , ,1,3,295.0164813,1974
11,1,7,111,PSU_RECODED_124,9,1,1,1,1,1,1,1,45,5,74,1,1,1,4,9,2,9,2, , , , , ,295.0164813,1945
11,3,4,113,PSU_RECODED_41,3,1,1,1,1,1,1,1,77,4,42,1,1,1,2,9,13,1,1,2330,85492,3, , ,468.3412237,1977
11,3,4,113,PSU_RECODED_41,3,1,1,1,2,1,2,2,85,3,34,1,1,1,2,9,11,7,2, , , , , ,468.3412237,1985
11,3,4,113,PSU_RECODED_41,3,1,1,1,3,1,3,2,12,11,6,1,1,1,1,2,1, , , , , , , ,468.3412237,2012
11,3,4,113,PSU_RECODED_41,3,1,1,1,4,1,4,2,51,2,68,1,1,1,2,9,9,9,2, , , , , ,468.3412237,1951
11,3,4,113,PSU_RECODED_41,3,1,1,1,5,2,9,1,91,10,27,1,2,2,2,9,10, , , , , ,1,3,468.3412237,1991
11,3,4,113,PSU_RECODED_41,3,1,1,1,6,2,9,2,92,7,26,1,2,2,2,9,8, , , , , ,1,3,468.3412237,1992
11,3,4,113,PSU_RECODED_41,3,1,1,1,7,2,9,1,16,10,2,1,2,2,1, , , , , , , ,1,3,468.3412237,2016
11,3,4,113,PSU_RECODED_41,3,1,1,1,8,2,9,1,18,7,0,1,2,2,1, , , , , , , ,1,3,468.3412237,2018
11,2,8,112,PSU_RECODED_157,1,1,1,1,1,1,1,1,79,10,39,1,1,1,2,9,11,1,1,8212,28130,3, , ,277.7957775,1979
11,2,8,112,PSU_RECODED_157,1,1,1,1,2,1,2,2,79,11,39,1,1,1,2,9,11,7,2, , , , , ,277.7957775,1979
11,2,8,112,PSU_RECODED_157,1,1,1,1,3,1,3,1,7,6,12,1,1,1,1,2,6, , , , , , , ,277.7957775,2007
11,2,8,112,PSU_RECODED_157,6,1,1,1,1,1,1,1,44,1,75,1,1,1,2,9,8,1,1,6111,1131,5, , ,277.7957775,1944
11,2,8,112,PSU_RECODED_157,6,1,1,1,2,1,2,2,59,9,59,1,1,1,2,9,2,1,1,6111,1131,6, , ,277.7957775,1959
11,1,1,111,PSU_RECODED_15,5,1,1,1,1,1,1,1,72,2,46,1,2,4,2,9,11,1,1,5121,55101,2, , ,553.9297573,1972
11,1,1,111,PSU_RECODED_15,5,1,1,1,2,1,2,2,78,3,40,1,2,4,2,9,9,7,2, , , , , ,553.9297573,1978
11,1,1,111,PSU_RECODED_15,5,1,1,1,3,1,3,1,4,10,14,1,2,4,1,2,9, , , , , , , ,553.9297573,2004
11,2,8,112,PSU_RECODED_45,1,1,1,1,1,1,1,1,95,8,24,1,4,3,2,9,13,1,1,2342,85101,3, , ,287.18664,1995
11,2,8,112,PSU_RECODED_45,1,1,1,1,2,1,2,2,91,10,27,1,4,3,2,9,11,1,1,7536,14103,5, , ,287.18664,1991
11,2,8,112,PSU_RECODED_45,1,1,1,1,3,1,3,2,18,3,1,1,4,3,1, , , , , , , , , ,287.18664,2018
11,2,8,112,PSU_RECODED_45,1,1,1,1,4,1,5,2,98,10,20,1,4,3,2,9,12,7,2, , , , , ,287.18664,1998
11,2,8,112,PSU_RECODED_45,1,1,1,1,5,1,5,1,92,2,27,1,4,3,2,9,13,1,1,2330,85492,5, , ,287.18664,1992
11,2,8,112,PSU_RECODED_45,1,1,1,1,6,1,5,1,19,3,0,1,4,3,1, , , , , , , , , ,287.18664,2019
11,2,8,112,PSU_RECODED_45,5,1,1,1,1,1,1,1,43,10,75,1,1,1,2,9,10,4,2, , , , , ,287.18664,1943
11,2,8,112,PSU_RECODED_45,5,1,1,1,2,1,2,2,48,12,70,1,1,1,2,9,10,7,2, , , , , ,287.18664,1948
11,2,8,112,PSU_RECODED_45,5,1,1,1,3,1,3,2,76,3,43,1,1,1,1,9,13,7,2, , , , , ,287.18664,1976
11,1,4,111,PSU_RECODED_65,2,1,1,1,1,1,1,2,38,11,80,1,1,1,4,9,9,4,2, , , , , ,491.9011647,1938
11,1,4,111,PSU_RECODED_65,10,1,1,1,1,1,1,1,66,5,52,1,1,1,2,9,12,1,1,5121,55101,3, , ,491.9011647,1966
11,1,4,111,PSU_RECODED_65,10,1,1,1,2,1,2,2,67,9,51,1,1,1,2,9,12,7,2, , , , , ,491.9011647,1967
11,1,4,111,PSU_RECODED_65,10,1,1,1,3,2,3,2,89,9,29,1,1,1,2,9,12, , , , , ,2,1,491.9011647,1989
11,1,4,111,PSU_RECODED_65,10,1,1,1,4,2,3,2,90,11,28,1,1,1,2,9,12, , , , , ,2,1,491.9011647,1990
11,1,8,111,PSU_RECODED_89,4,1,1,1,1,1,1,1,72,8,47,1,1,1,2,9,10,1,1,5221,47811,5, , ,279.4892981,1972
11,1,8,111,PSU_RECODED_89,4,1,1,1,2,1,2,2,73,4,46,1,1,1,2,9,15,1,1,2330,85211,1, , ,279.4892981,1973
11,1,8,111,PSU_RECODED_89,4,1,1,1,3,1,3,1,3,6,16,1,1,1,1,2,10,8,2, , , , , ,279.4892981,2003
11,1,8,111,PSU_RECODED_89,4,1,1,1,4,1,3,1,5,9,13,1,1,1,1,2,8, , , , , , , ,279.4892981,2005
11,1,8,111,PSU_RECODED_89,9,1,1,1,1,1,1,2,50,2,69,1,1,1,4,9,10,7,2, , , , , ,279.4892981,1950
11,1,8,111,PSU_RECODED_89,9,1,1,1,2,1,3,2,79,1,40,1,1,1,2,9,12,7,2, , , , , ,279.4892981,1979
11,1,8,111,PSU_RECODED_89,9,1,1,1,3,1,5,1,78,10,40,1,1,1,2,9,12,1,1,3511,64910,3, , ,279.4892981,1978
11,1,8,111,PSU_RECODED_89,9,1,1,1,4,1,5,1,8,12,10,1,1,1,1,2,5, , , , , , , ,279.4892981,2008
11,1,8,111,PSU_RECODED_89,9,1,1,1,5,1,5,1,14,9,4,1,1,1,1,9, , , , , , , , ,279.4892981,2014
11,1,8,111,PSU_RECODED_89,9,1,1,1,6,1,3,2,82,7,37,1,1,1,1,9,11,7,2, , , , , ,279.4892981,1982
11,1,1,111,PSU_RECODED_71,4,1,1,1,1,1,1,2,73,2,45,1,1,1,2,9,10,1,1,9998,97005,5, , ,281.9626547,1973
11,1,1,111,PSU_RECODED_71,4,1,1,1,2,1,2,1,69,12,49,1,1,1,2,9,10,1,1,1420,47113,3, , ,281.9626547,1969
11,1,1,111,PSU_RECODED_71,4,1,1,1,3,1,3,1,4,8,14,1,1,1,1,2,9, , , , , , , ,281.9626547,2004
11,1,1,111,PSU_RECODED_71,4,1,1,1,4,1,3,2,9,5,9,1,1,1,1,2,4, , , , , , , ,281.9626547,2009
11,1,1,111,PSU_RECODED_71,9,1,1,1,1,1,1,1,78,5,40,1,1,1,2,9,10,1,1,8323,49222,5, , ,281.9626547,1978
11,1,1,111,PSU_RECODED_71,9,1,1,1,2,1,2,2,77,3,41,1,1,1,2,9,10,7,1,5212,56106,5, , ,281.9626547,1977
11,1,1,111,PSU_RECODED_71,9,1,1,1,3,1,3,1,1,2,17,1,1,1,1,2,11,8,2, , , , , ,281.9626547,2001
11,1,1,111,PSU_RECODED_71,9,1,1,1,4,1,3,1,5,4,13,1,1,1,1,2,8, , , , , , , ,281.9626547,2005
11,1,1,111,PSU_RECODED_71,9,1,1,1,5,1,3,1,10,3,8,1,1,1,1,2,3, , , , , , , ,281.9626547,2010
11,1,1,111,PSU_RECODED_71,9,1,1,1,6,1,3,1,17,3,1,1,1,1,1, , , , , , , , , ,281.9626547,2017
11,1,8,111,PSU_RECODED_9,3,1,1,1,1,1,1,1,80,7,39,1,1,4,2,9,11,1,1,2411,42104,3, , ,367.3287918,1980
11,1,8,111,PSU_RECODED_9,3,1,1,1,2,1,2,2,81,1,38,1,1,4,2,9,11,1,1,1420,20134,5, , ,367.3287918,1981
11,1,8,111,PSU_RECODED_9,3,1,1,1,3,1,3,1,7,6,12,1,1,4,1,2,6, , , , , , , ,367.3287918,2007
11,1,8,111,PSU_RECODED_9,3,1,1,1,4,1,3,1,12,1,7,1,1,4,1,2,2, , , , , , , ,367.3287918,2012
11,1,8,111,PSU_RECODED_9,7,1,1,1,1,1,1,1,86,1,33,1,1,1,2,9,11,1,1,8322,49221,5, , ,367.3287918,1986
11,1,8,111,PSU_RECODED_9,7,1,1,1,2,1,2,2,86,10,32,1,1,1,2,9,13,7,2, , , , , ,367.3287918,1986
11,1,8,111,PSU_RECODED_9,7,1,1,1,3,1,3,2,9,5,10,1,1,1,1,2,4, , , , , , , ,367.3287918,2009
11,1,8,111,PSU_RECODED_9,7,1,1,1,4,1,3,2,10,11,8,1,1,1,1,2,3, , , , , , , ,367.3287918,2010
11,1,8,111,PSU_RECODED_9,7,1,1,1,5,1,3,1,18,1,1,1,1,1,1, , , , , , , , , ,367.3287918,2018
11,1,8,111,PSU_RECODED_9,7,1,1,1,6,1,4,1,50,10,68,1,1,1,3,9,11,9,2, , , , , ,367.3287918,1950
11,1,4,111,PSU_RECODED_88,3,1,1,1,1,1,1,1,60,10,58,1,1,1,2,9,10,1,1,9313,41003,3, , ,379.3723587,1960
11,1,4,111,PSU_RECODED_88,3,1,1,1,2,1,2,2,66,7,52,1,1,1,2,9,11,7,2, , , , , ,379.3723587,1966
11,1,4,111,PSU_RECODED_88,8,1,1,1,1,1,1,1,53,10,65,1,1,5,2,9,11,1,1,5414,47111,3, , ,379.3723587,1953
11,1,4,111,PSU_RECODED_88,8,1,1,1,2,1,2,2,45,11,73,1,1,1,2,9,13,7,2, , , , , ,379.3723587,1945
11,1,4,111,PSU_RECODED_88,8,1,1,1,3,1,3,2,86,9,32,1,1,1,2,9,13,1,1,4311,46306,3, , ,379.3723587,1986
11,1,4,111,PSU_RECODED_88,8,1,1,1,4,1,5,1,84,5,34,1,1,1,2,9,13,1,1,5221,47113,5, , ,379.3723587,1984
11,1,4,111,PSU_RECODED_88,8,1,1,1,5,1,5,2,15,5,3,1,1,1,1,9, , , , , , , , ,379.3723587,2015
11,1,4,111,PSU_RECODED_88,8,1,1,1,6,1,3,1,83,2,36,1,1,1,2,9,13,1,1,3115,14101,3, , ,379.3723587,1983
11,1,4,111,PSU_RECODED_88,8,1,1,1,7,1,5,2,83,12,35,1,1,1,2,9,13,1,1,7532,14101,3, , ,379.3723587,1983
11,1,4,111,PSU_RECODED_88,8,1,1,1,8,1,5,1,12,3,7,1,1,1,1,2,2, , , , , , , ,379.3723587,2012
11,1,4,111,PSU_RECODED_88,8,1,1,1,9,1,5,1,15,10,3,1,1,1,1,9, , , , , , , , ,379.3723587,2015
11,1,1,111,PSU_RECODED_129,2,1,1,1,1,1,1,1,69,3,49,1,1,1,2,9,13,1,1,1214,52294,3, , ,264.530716,1969
11,1,1,111,PSU_RECODED_129,2,1,1,1,2,1,2,2,69,12,49,1,1,1,2,9,11,1,1,3341,86203,3, , ,264.530716,1969
11,1,1,111,PSU_RECODED_129,2,1,1,1,3,1,5,1,67,6,51,1,1,1,2,9,10,1,1,5414,80101,3, , ,264.530716,1967
11,1,1,111,PSU_RECODED_129,2,1,1,1,4,1,5,2,53,4,65,1,1,1,4,9,10,7,2, , , , , ,264.530716,1953
11,1,1,111,PSU_RECODED_129,2,1,1,1,5,1,5,2,32,2,86,1,1,1,1,9,8,9,2, , , , , ,264.530716,1932
11,1,1,111,PSU_RECODED_129,2,1,1,1,6,1,3,2,94,3,24,1,1,1,1,3,13,8,2, , , , , ,264.530716,1994
11,1,1,111,PSU_RECODED_129,6,1,1,1,1,1,1,2,52,1,67,1,1,1,4,9,6,7,2, , , , , ,264.530716,1952
11,1,1,111,PSU_RECODED_129,6,1,1,1,2,1,3,1,75,11,43,1,1,1,2,9,9,1,1,7116,10505,5, , ,264.530716,1975
11,1,1,111,PSU_RECODED_129,6,1,1,1,3,1,5,2,80,10,38,1,1,1,2,9,11,1,1,7531,14101,3, , ,264.530716,1980
11,1,1,111,PSU_RECODED_129,6,1,1,1,4,1,5,2,3,6,15,1,1,1,1,2,10,8,2, , , , , ,264.530716,2003
11,1,1,111,PSU_RECODED_129,10,1,1,1,1,1,1,1,58,11,60,1,1,1,2,9,10,1,1,7313,23931,5, , ,264.530716,1958
11,1,1,111,PSU_RECODED_129,10,1,1,1,2,1,2,2,64,3,54,1,1,1,2,9,10,1,1,7313,23931,6, , ,264.530716,1964
11,1,1,111,PSU_RECODED_129,10,1,1,1,3,1,3,1,93,3,25,1,1,1,1,9,12,8,2, , , , , ,264.530716,1993
11,2,8,112,PSU_RECODED_136,1,1,1,1,1,1,1,2,60,4,59,1,1,1,4,9,10,7,2, , , , , ,256.1379504,1960
11,2,8,112,PSU_RECODED_136,1,1,1,1,2,1,3,1,87,12,31,1,1,1,1,9,13,1,1,4311,35200,3, , ,256.1379504,1987
11,2,8,112,PSU_RECODED_136,1,1,1,1,3,2,3,2,91,5,28,1,1,1,2,9,13, , , , , ,1,1,256.1379504,1991
11,2,8,112,PSU_RECODED_136,1,1,1,1,4,1,5,2,17,12,1,1,1,1,1, , , , , , , , , ,256.1379504,2017
11,2,8,112,PSU_RECODED_136,1,1,1,1,5,1,4,1,22,3,97,1,1,1,4,9,19,9,2, , , , , ,256.1379504,1922
11,2,8,112,PSU_RECODED_136,6,1,1,1,1,1,1,1,78,10,40,1,1,1,2,9,13,1,1,3115,36001,3, , ,256.1379504,1978
11,2,8,112,PSU_RECODED_136,6,1,1,1,2,1,2,2,83,10,35,1,1,1,2,9,13,1,1,1420,68104,5, , ,256.1379504,1983
11,2,8,112,PSU_RECODED_136,6,1,1,1,3,1,3,2,16,12,2,1,1,1,1, , , , , , , , , ,256.1379504,2016
11,1,5,111,PSU_RECODED_63,4,1,1,1,1,1,1,1,69,11,49,1,2,2,2,9,5,1,1,8332,46621,3, , ,365.5720019,1969
11,1,5,111,PSU_RECODED_63,4,1,1,1,2,1,2,2,69,10,49,1,2,2,2,9,8,1,1,9112,81292,3, , ,365.5720019,1969
11,1,5,111,PSU_RECODED_63,4,1,1,1,3,1,3,2,4,4,15,1,2,2,1,2,9,8,2, , , , , ,365.5720019,2004
11,1,5,111,PSU_RECODED_63,4,1,1,1,4,1,3,2,6,3,13,1,2,2,1,2,7, , , , , , , ,365.5720019,2006
11,1,5,111,PSU_RECODED_63,9,1,1,1,1,1,1,1,59,2,60,1,1,1,2,9,7,5,2, , , , , ,365.5720019,1959
11,1,5,111,PSU_RECODED_63,9,1,1,1,2,1,2,2,57,9,61,1,1,1,2,9,3,7,2, , , , , ,365.5720019,1957
11,1,8,111,PSU_RECODED_OTHER,6,1,1,1,1,1,1,1,57,6,62,1,1,1,2,9,13,1,1,3115,14201,3, , ,418.5631728,1957
11,1,8,111,PSU_RECODED_OTHER,6,1,1,1,2,1,2,2,72,9,46,1,1,1,2,9,11,7,2, , , , , ,418.5631728,1972
11,1,8,111,PSU_RECODED_OTHER,6,1,1,1,3,1,3,2,92,11,26,1,1,1,1,9,11,9,2, , , , , ,418.5631728,1992
11,2,2,112,PSU_RECODED_81,1,1,1,1,1,1,1,1,43,5,75,1,1,1,2,9,10,9,2, , , , , ,337.1700395,1943
11,2,2,112,PSU_RECODED_81,1,1,1,1,2,1,2,2,50,8,68,1,1,1,2,9,10,7,2, , , , , ,337.1700395,1950
11,2,2,112,PSU_RECODED_81,1,1,1,1,3,1,3,1,87,3,31,1,1,1,2,9,12,7,2, , , , , ,337.1700395,1987
11,2,2,112,PSU_RECODED_81,7,1,1,1,1,1,1,1,49,11,69,1,1,1,2,9,16,9,2, , , , , ,337.1700395,1949
11,2,2,112,PSU_RECODED_81,7,1,1,1,2,1,2,2,58,2,61,1,1,1,2,9,16,2,1,2211,86202,5, , ,337.1700395,1958
11,2,2,112,PSU_RECODED_81,7,1,1,1,3,1,3,2,97,4,21,1,1,1,1,3,13,8,2, , , , , ,337.1700395,1997
11,2,2,112,PSU_RECODED_81,7,1,1,1,4,1,3,1,0,6,18,1,1,1,1,2,12,8,2, , , , , ,337.1700395,2000
11,2,5,112,PSU_RECODED_136,2,1,1,1,1,1,1,1,36,10,82,1,1,1,2,9,12,4,2, , , , , ,332.4211657,1936
11,2,5,112,PSU_RECODED_136,2,1,1,1,2,1,2,2,40,2,79,1,1,1,2,9,12,9,2, , , , , ,332.4211657,1940
11,2,5,112,PSU_RECODED_136,2,1,1,1,3,2,3,1,72,6,46,1,1,1,2,9,15, , , , , ,2,1,332.4211657,1972
11,2,5,112,PSU_RECODED_136,2,1,1,1,4,1,5,2,78,6,40,1,1,1,2,9,15,1,1,1112,84110,1, , ,332.4211657,1978
11,2,5,112,PSU_RECODED_136,2,1,1,1,5,1,5,1,8,6,10,1,1,1,1,2,5, , , , , , , ,332.4211657,2008
11,2,5,112,PSU_RECODED_136,2,1,1,1,6,1,5,1,8,6,10,1,1,1,1,2,5, , , , , , , ,332.4211657,2008
11,2,5,112,PSU_RECODED_136,8,1,1,1,1,1,1,1,59,7,59,1,1,1,2,9,8,1,1,7116,41001,2, , ,332.4211657,1959
11,2,5,112,PSU_RECODED_136,8,1,1,1,2,1,2,2,59,11,59,1,1,1,2,9,12,7,2, , , , , ,332.4211657,1959
11,2,5,112,PSU_RECODED_136,8,1,1,1,3,1,3,1,85,11,33,1,1,1,2,9,16,1,1,2411,22112,2, , ,332.4211657,1985
11,2,5,112,PSU_RECODED_136,8,1,1,1,4,1,5,2,89,9,29,1,1,1,2,9,13,7,2, , , , , ,332.4211657,1989
11,2,5,112,PSU_RECODED_136,8,1,1,1,5,2,3,1,89,5,30,1,1,1,1,9,12, , , , , ,1,1,332.4211657,1989
11,2,5,112,PSU_RECODED_136,8,1,1,1,6,1,3,2,93,6,25,1,1,1,2,9,12,7,2, , , , , ,332.4211657,1993
11,2,5,112,PSU_RECODED_136,8,1,1,1,7,1,5,1,93,8,25,1,1,1,2,9,12,1,1,1420,46306,5, , ,332.4211657,1993
11,2,5,112,PSU_RECODED_136,8,1,1,1,8,1,5,1,17,5,2,1,1,1,1, , , , , , , , , ,332.4211657,2017
11,2,2,112,PSU_RECODED_163,3,1,1,1,1,1,1,1,45,5,73,1,1,1,2,9,12,4,2, , , , , ,281.9187194,1945
11,2,2,112,PSU_RECODED_163,3,1,1,1,2,1,2,2,54,4,64,1,1,1,2,9,10,7,2, , , , , ,281.9187194,1954
11,2,2,112,PSU_RECODED_163,8,1,1,1,1,1,1,1,76,2,43,1,1,5,2,9,11,1,1,1321,15121,5, , ,281.9187194,1976
11,2,2,112,PSU_RECODED_163,8,1,1,1,2,1,2,2,76,8,42,1,1,5,2,9,13,1,1,7536,15121,6, , ,281.9187194,1976
11,2,2,112,PSU_RECODED_163,8,1,1,1,3,1,3,1,2,4,16,1,1,5,1,9,19,9,2, , , , , ,281.9187194,2002
11,2,2,112,PSU_RECODED_163,8,1,1,1,4,1,3,2,5,9,13,1,1,5,1,2,8, , , , , , , ,281.9187194,2005
11,2,2,112,PSU_RECODED_163,8,1,1,1,5,1,3,2,8,9,10,1,1,5,1,2,5, , , , , , , ,281.9187194,2008
11,2,2,112,PSU_RECODED_163,8,1,1,1,6,1,3,1,11,3,7,1,1,5,1,2,2, , , , , , , ,281.9187194,2011
11,2,2,112,PSU_RECODED_163,8,1,1,1,7,1,4,2,52,2,67,1,1,1,7,9,10,7,2, , , , , ,281.9187194,1952
11,1,8,111,PSU_RECODED_163,2,1,1,1,1,1,1,2,75,10,43,1,1,1,2,9,11,1,1,7531,14105,3, , ,359.3433833,1975
11,1,8,111,PSU_RECODED_163,2,1,1,1,2,2,2,1,77,10,41,1,1,1,2,9,10, , , , , ,1,3,359.3433833,1977
11,1,8,111,PSU_RECODED_163,2,1,1,1,3,1,3,1,1,10,17,1,1,1,1,9,10,3,2, , , , , ,359.3433833,2001
11,1,8,111,PSU_RECODED_163,2,1,1,1,4,1,3,1,5,10,13,1,1,1,1,2,8, , , , , , , ,359.3433833,2005
11,1,8,111,PSU_RECODED_163,2,1,1,1,5,1,3,1,7,7,12,1,1,1,1,2,6, , , , , , , ,359.3433833,2007
11,1,8,111,PSU_RECODED_163,8,1,1,1,1,1,1,1,69,6,50,1,1,1,2,9,8,1,1,1420,46305,5, , ,359.3433833,1969
11,1,8,111,PSU_RECODED_163,8,1,1,1,2,1,2,2,68,11,50,1,1,1,2,9,8,7,2, , , , , ,359.3433833,1968
11,1,8,111,PSU_RECODED_163,8,1,1,1,3,1,3,1,94,12,24,1,1,1,2,9,10,1,1,8323,49222,5, , ,359.3433833,1994
11,1,8,111,PSU_RECODED_163,8,1,1,1,4,1,5,2,1,4,18,1,1,1,2,9,10,7,2, , , , , ,359.3433833,2001
11,1,8,111,PSU_RECODED_163,8,1,1,1,5,1,3,1,0,4,19,1,1,1,1,9,10,3,2, , , , , ,359.3433833,2000
11,2,5,112,PSU_RECODED_33,4,1,1,1,1,1,1,1,61,3,58,1,1,1,2,9,7,1,1,7115,31001,3, , ,251.5619632,1961
11,2,5,112,PSU_RECODED_33,4,1,1,1,2,1,2,2,66,8,52,1,1,1,2,9,10,1,1,7531,14109,3, , ,251.5619632,1966
11,2,5,112,PSU_RECODED_33,8,1,1,1,1,1,1,1,81,8,37,1,1,1,2,9,10,1,1,7116,41001,3, , ,251.5619632,1981
11,2,5,112,PSU_RECODED_33,8,1,1,1,2,1,2,2,80,9,38,1,1,1,2,9,10,1,1,9112,10733,3, , ,251.5619632,1980
11,2,5,112,PSU_RECODED_33,8,1,1,1,3,1,3,2,8,12,10,1,1,1,1,2,5, , , , , , , ,251.5619632,2008
11,2,5,112,PSU_RECODED_33,8,1,1,1,4,1,4,2,61,1,58,1,1,1,3,9,10,7,2, , , , , ,251.5619632,1961
11,1,9,111,PSU_RECODED_OTHER,4,1,1,1,1,1,1,1,60,9,59,1,4,3,2,9,13,1,1,8323,49222,5, , ,293.3216498,1960
11,1,9,111,PSU_RECODED_OTHER,4,1,1,1,2,1,2,2,59,10,59,1,4,3,2,9,5,7,2, , , , , ,293.3216498,1959
11,1,9,111,PSU_RECODED_OTHER,4,1,1,1,3,1,3,2,94,10,24,1,4,3,1,9,12,1,1,2330,85492,5, , ,293.3216498,1994
11,1,9,111,PSU_RECODED_OTHER,4,1,1,1,4,1,3,1,96,6,23,1,4,3,1,9,11,3,2, , , , , ,293.3216498,1996
11,1,2,111,PSU_RECODED_5,1,1,1,1,1,1,1,1,35,11,83,1,1,1,2,9,7,9,2, , , , , ,272.9040708,1935
11,1,2,111,PSU_RECODED_5,1,1,1,1,2,1,2,2,41,5,77,1,1,1,2,9,7,9,2, , , , , ,272.9040708,1941
11,1,2,111,PSU_RECODED_5,1,1,1,1,3,1,3,1,63,4,55,1,1,1,2,9,11,1,1,6113,1120,5, , ,272.9040708,1963
11,1,2,111,PSU_RECODED_5,1,1,1,1,4,1,5,2,69,10,49,1,1,1,2,9,13,7,2, , , , , ,272.9040708,1969
11,1,2,111,PSU_RECODED_5,1,1,1,1,5,1,5,2,2,2,17,1,1,1,1,2,10,8,2, , , , , ,272.9040708,2002
11,1,2,111,PSU_RECODED_5,5,1,1,1,1,1,1,1,63,6,55,1,1,4,2,9,13,1,1,7127,1420,5, , ,272.9040708,1963
11,1,2,111,PSU_RECODED_5,5,1,1,1,2,1,2,2,64,7,54,1,1,1,2,9,12,7,2, , , , , ,272.9040708,1964
11,1,2,111,PSU_RECODED_5,5,1,1,1,3,1,3,2,93,12,25,1,1,1,1,9,13,1,1,2411,55101,3, , ,272.9040708,1993
11,1,2,111,PSU_RECODED_5,5,1,1,1,4,1,3,1,97,3,21,1,1,1,1,4,13,8,2, , , , , ,272.9040708,1997
11,1,8,111,PSU_RECODED_41,1,1,1,1,1,1,1,1,48,9,70,1,1,1,2,9,13,4,2, , , , , ,292.8917089,1948
11,1,8,111,PSU_RECODED_41,1,1,1,1,2,1,2,2,56,2,63,1,1,1,2,9,11,7,2, , , , , ,292.8917089,1956
11,1,8,111,PSU_RECODED_41,1,1,1,1,3,1,3,2,83,7,36,1,1,1,2,9,15,1,1,2133,42905,2, , ,292.8917089,1983
11,1,8,111,PSU_RECODED_41,1,1,1,1,4,1,5,1,81,6,38,1,1,1,2,9,15,1,1,110,94200,3, , ,292.8917089,1981
11,1,8,111,PSU_RECODED_41,1,1,1,1,5,1,3,2,88,9,30,1,1,1,1,3,13,8,2, , , , , ,292.8917089,1988
11,1,8,111,PSU_RECODED_41,6,1,1,1,1,1,1,1,46,1,73,1,1,1,2,9,10,4,2, , , , , ,292.8917089,1946
11,1,8,111,PSU_RECODED_41,6,1,1,1,2,1,2,2,50,2,69,1,1,1,2,9,11,7,2, , , , , ,292.8917089,1950
11,1,8,111,PSU_RECODED_41,6,1,1,1,3,1,5,2,44,6,75,1,1,1,1,9,11,7,2, , , , , ,292.8917089,1944
11,1,8,111,PSU_RECODED_41,10,1,1,1,1,1,1,1,63,6,56,1,1,1,2,9,13,1,1,8322,84130,1, , ,292.8917089,1963
11,1,8,111,PSU_RECODED_41,10,1,1,1,2,1,2,2,64,4,55,1,1,1,2,9,13,7,2, , , , , ,292.8917089,1964
11,1,8,111,PSU_RECODED_41,10,1,1,1,3,1,3,1,97,7,22,1,1,1,1,9,13,3,2, , , , , ,292.8917089,1997
11,1,8,111,PSU_RECODED_41,10,1,1,1,4,1,3,1,3,8,16,1,1,1,1,2,10,8,2, , , , , ,292.8917089,2003
11,1,8,111,PSU_RECODED_41,10,1,1,1,5,1,5,1,87,9,31,1,1,1,1,9,15,1,1,4110,84220,1, , ,292.8917089,1987
11,1,8,111,PSU_RECODED_41,10,1,1,1,6,1,4,2,26,5,93,1,1,1,4,9,5,9,2, , , , , ,292.8917089,1926
11,2,5,112,PSU_RECODED_28,5,1,1,1,1,1,1,1,64,1,55,1,1,1,2,9,13,1,1,1212,52292,3, , ,321.9236552,1964
11,2,5,112,PSU_RECODED_28,5,1,1,1,2,1,2,2,70,7,48,1,1,1,2,9,11,1,1,6115,1291,5, , ,321.9236552,1970
11,2,5,112,PSU_RECODED_28,5,1,1,1,3,1,3,2,98,7,20,1,1,1,1,3,13,8,2, , , , , ,321.9236552,1998
11,2,5,112,PSU_RECODED_28,10,1,1,1,1,1,1,1,42,11,76,1,1,1,2,9,8,9,2, , , , , ,321.9236552,1942
11,2,5,112,PSU_RECODED_28,10,1,1,1,2,1,2,2,42,12,76,1,1,1,2,9,10,7,2, , , , , ,321.9236552,1942
11,2,5,112,PSU_RECODED_28,10,1,1,1,3,1,3,1,70,7,48,1,1,1,2,9,10,1,1,6115,1291,5, , ,321.9236552,1970
11,2,5,112,PSU_RECODED_28,10,1,1,1,4,1,5,2,80,8,38,1,1,1,2,9,12,1,1,5221,47592,5, , ,321.9236552,1980
11,2,5,112,PSU_RECODED_28,10,1,1,1,5,1,5,2,4,10,14,1,1,1,1,2,9, , , , , , , ,321.9236552,2004
11,2,5,112,PSU_RECODED_28,10,1,1,1,6,1,5,1,8,1,11,1,1,1,1,2,6, , , , , , , ,321.9236552,2008
11,2,5,112,PSU_RECODED_28,10,1,1,1,7,1,5,1,13,5,6,1,1,1,1,2,0, , , , , , , ,321.9236552,2013
11,2,9,112,PSU_RECODED_135,4,1,1,1,1,1,1,1,42,10,76,1,1,1,4,9,6,9,2, , , , , ,307.0278822,1942
11,2,9,112,PSU_RECODED_135,4,1,1,1,2,1,3,1,74,12,44,1,1,1,2,9,10,1,1,8332,56105,3, , ,307.0278822,1974
11,2,9,112,PSU_RECODED_135,4,1,1,1,3,1,5,2,75,7,44,1,1,1,2,9,10,1,1,9322,10715,3, , ,307.0278822,1975
11,2,9,112,PSU_RECODED_135,4,1,1,1,4,1,5,1,1,5,18,1,1,1,1,2,12,8,2, , , , , ,307.0278822,2001
11,2,9,112,PSU_RECODED_135,8,1,1,1,1,1,1,1,78,12,40,1,1,1,2,9,11,2,1,8323,49222,5, , ,307.0278822,1978
11,2,9,112,PSU_RECODED_135,8,1,1,1,2,1,2,2,79,12,39,1,1,1,2,9,11,7,2, , , , , ,307.0278822,1979
11,2,9,112,PSU_RECODED_135,8,1,1,1,3,1,3,1,1,12,17,1,1,1,1,2,12,8,2, , , , , ,307.0278822,2001
11,2,9,112,PSU_RECODED_135,8,1,1,1,4,1,3,1,7,10,11,1,1,1,1,2,6, , , , , , , ,307.0278822,2007
11,2,9,112,PSU_RECODED_135,8,1,1,1,5,1,4,1,50,6,69,1,1,1,2,9,10,9,2, , , , , ,307.0278822,1950
11,1,2,111,PSU_RECODED_72,8,1,1,1,1,1,1,2,47,2,72,1,4,3,2,9,2,1,1,5414,80101,3, , ,279.4892981,1947
11,2,9,112,PSU_RECODED_12,5,1,1,1,1,1,1,1,60,5,59,1,1,1,2,9,10,1,1,4110,84130,1, , ,311.3818514,1960
11,2,9,112,PSU_RECODED_12,5,1,1,1,2,1,2,2,64,7,55,1,1,1,2,9,10,7,2, , , , , ,311.3818514,1964
11,2,9,112,PSU_RECODED_12,5,1,1,1,3,1,3,1,89,2,30,1,1,1,2,9,12,1,1,3322,47529,3, , ,311.3818514,1989
11,2,9,112,PSU_RECODED_12,5,1,1,1,4,1,5,2,90,11,28,1,1,1,2,9,12,7,2, , , , , ,311.3818514,1990
11,2,9,112,PSU_RECODED_12,5,1,1,1,5,1,5,2,19,2,0,1,1,1,1, , , , , , , , , ,311.3818514,2019
11,2,9,112,PSU_RECODED_12,10,1,1,1,1,1,1,2,51,1,68,1,1,1,4,9,10,9,2, , , , , ,311.3818514,1951
11,2,9,112,PSU_RECODED_12,10,1,1,1,2,1,5,2,56,12,62,1,1,1,1,9,10,1,1,5414,80101,3, , ,311.3818514,1956
11,2,9,112,PSU_RECODED_12,10,1,1,1,3,1,5,1,92,4,27,1,1,1,2,9,12,1,1,1321,14101,5, , ,311.3818514,1992
11,2,9,112,PSU_RECODED_12,10,1,1,1,4,1,3,2,91,4,28,1,1,1,2,9,10,1,1,3123,14101,6, , ,311.3818514,1991
11,1,5,111,PSU_RECODED_162,2,1,1,1,1,1,1,1,87,11,31,1,1,4,1,9,15,1,1,2113,72103,3, , ,191.2092302,1987
11,1,5,111,PSU_RECODED_162,2,1,1,1,2,1,4,2,56,11,62,1,1,4,4,9,13,5,2, , , , , ,191.2092302,1956
11,1,5,111,PSU_RECODED_162,2,1,1,1,3,1,5,1,98,10,20,1,1,4,1,3,13,8,2, , , , , ,191.2092302,1998
11,1,5,111,PSU_RECODED_162,7,1,1,1,1,1,1,1,55,5,64,1,1,1,2,9,12,1,1,2411,27409,3, , ,191.2092302,1955
11,1,5,111,PSU_RECODED_162,7,1,1,1,2,1,2,2,57,6,61,1,1,1,2,9,12,7,2, , , , , ,191.2092302,1957
11,1,5,111,PSU_RECODED_162,7,1,1,1,3,1,3,2,93,10,25,1,1,1,1,9,15,1,1,3322,14101,3, , ,191.2092302,1993
11,1,5,111,PSU_RECODED_162,7,1,1,1,4,1,3,2,95,3,24,1,1,1,1,9,15,1,1,3322,47598,3, , ,191.2092302,1995
11,1,9,111,PSU_RECODED_33,1,1,1,1,1,1,1,1,42,3,77,1,1,1,4,9,10,4,2, , , , , ,274.4076745,1942
11,1,9,111,PSU_RECODED_33,1,1,1,1,2,1,3,2,74,10,44,1,1,1,2,9,12,1,1,2342,85101,3, , ,274.4076745,1974
11,1,9,111,PSU_RECODED_33,1,1,1,1,3,2,5,1,70,1,49,1,1,1,2,9,14, , , , , ,2,1,274.4076745,1970
11,1,9,111,PSU_RECODED_33,1,1,1,1,4,1,5,2,3,9,16,1,1,1,1,2,10,8,2, , , , , ,274.4076745,2003
11,1,9,111,PSU_RECODED_33,5,1,1,1,1,1,1,1,75,8,44,1,1,1,2,9,13,1,1,1321,14101,5, , ,274.4076745,1975
11,1,9,111,PSU_RECODED_33,5,1,1,1,2,1,2,2,78,4,41,1,1,1,2,9,13,1,1,7531,14101,6, , ,274.4076745,1978
11,1,9,111,PSU_RECODED_33,5,1,1,1,3,1,3,2,2,12,16,1,1,1,1,2,11,8,2, , , , , ,274.4076745,2002
11,1,9,111,PSU_RECODED_33,5,1,1,1,4,1,3,1,7,4,12,1,1,1,1,2,6, , , , , , , ,274.4076745,2007
11,1,9,111,PSU_RECODED_33,10,1,1,1,1,1,1,1,50,11,68,1,1,1,2,9,15,1,1,2230,86201,5, , ,274.4076745,1950
11,1,9,111,PSU_RECODED_33,10,1,1,1,2,1,2,2,54,11,64,1,1,1,2,9,13,4,2, , , , , ,274.4076745,1954
11,1,9,111,PSU_RECODED_33,10,1,1,1,3,1,3,2,90,7,29,1,1,1,2,9,14,1,1,4223,66290,2, , ,274.4076745,1990
11,1,9,111,PSU_RECODED_33,10,1,1,1,4,1,5,1,90,5,29,1,1,1,2,9,13,1,1,1323,41003,3, , ,274.4076745,1990
11,2,9,112,PSU_RECODED_48,6,1,1,1,1,1,1,1,71,8,48,1,1,1,2,9,11,1,1,7116,41003,3, , ,373.9738114,1971
11,2,9,112,PSU_RECODED_48,6,1,1,1,2,1,2,2,63,5,56,1,1,1,2,9,10,7,2, , , , , ,373.9738114,1963
11,2,9,112,PSU_RECODED_48,6,1,1,1,3,1,3,2,92,2,27,1,1,1,1,9,13,1,1,3313,47595,3, , ,373.9738114,1992
11,2,9,112,PSU_RECODED_48,6,1,1,1,4,1,3,1,97,7,22,1,1,1,1,9,11,1,1,5141,96022,3, , ,373.9738114,1997
11,2,9,112,PSU_RECODED_48,6,1,1,1,5,2,3,2,88,11,30,1,1,1,1,9,15, , , , , ,2,2,373.9738114,1988
11,1,5,111,PSU_RECODED_151,5,1,1,1,1,1,1,1,70,3,49,1,1,1,2,9,13,1,1,5221,47591,5, , ,305.5749659,1970
11,1,5,111,PSU_RECODED_151,5,1,1,1,2,1,2,2,73,5,46,1,1,1,2,9,13,7,2, , , , , ,305.5749659,1973
11,1,5,111,PSU_RECODED_151,5,1,1,1,3,1,3,2,97,5,22,1,1,1,1,4,13,8,2, , , , , ,305.5749659,1997
11,1,5,111,PSU_RECODED_151,5,1,1,1,4,1,3,1,1,12,17,1,1,1,1,2,11,8,2, , , , , ,305.5749659,2001
11,1,5,111,PSU_RECODED_151,5,1,1,1,5,1,3,1,6,11,12,1,1,1,1,2,5, , , , , , , ,305.5749659,2006
11,1,5,111,PSU_RECODED_151,5,1,1,1,6,1,4,2,33,10,85,1,1,1,3,9,7,9,2, , , , , ,305.5749659,1933
11,1,9,111,PSU_RECODED_OTHER,5,1,1,1,1,1,1,1,76,11,42,1,1,1,2,9,10,1,1,7412,85213,3, , ,372.6523975,1976
11,1,9,111,PSU_RECODED_OTHER,5,1,1,1,2,1,2,2,85,3,34,1,1,1,2,9,13,7,2, , , , , ,372.6523975,1985
11,1,9,111,PSU_RECODED_OTHER,5,1,1,1,3,1,3,2,4,12,14,1,1,1,1,2,9, , , , , , , ,372.6523975,2004
11,1,9,111,PSU_RECODED_OTHER,5,1,1,1,4,1,3,2,17,8,2,1,1,1,1, , , , , , , , , ,372.6523975,2017
